STARTFONT 2.1
FONT -misc-smaky6-medium-r-normal--16-160-100-100-c-80-iso10646-1
SIZE 16 100 100
FONTBOUNDINGBOX 8 16 0 -4
STARTPROPERTIES 11
FONT_ASCENT 12
FONT_DESCENT 4
DEFAULT_CHAR 32
POINT_SIZE 160
RESOLUTION_X 100
RESOLUTION_Y 100
AVERAGE_WIDTH 80
CHARSET_REGISTRY "ISO10646"
CHARSET_ENCODING "1"
FAMILY_NAME "Smaky6"
WEIGHT_NAME "Medium"
ENDPROPERTIES
CHARS 807
STARTCHAR U0020
ENCODING 32
SWIDTH 500 0
DWIDTH 8 0
BBX 8 16 0 -4
BITMAP
00
00
00
00
00
00
00
00
00
00
00
00
00
00
00
00
ENDCHAR
STARTCHAR U0021
ENCODING 33
SWIDTH 500 0
DWIDTH 8 0
BBX 8 16 0 -4
BITMAP
00
00
00
00
00
08
08
08
08
08
00
08
00
00
00
00
ENDCHAR
STARTCHAR U0022
ENCODING 34
SWIDTH 500 0
DWIDTH 8 0
BBX 8 16 0 -4
BITMAP
00
00
00
00
00
14
14
14
00
00
00
00
00
00
00
00
ENDCHAR
STARTCHAR U0023
ENCODING 35
SWIDTH 500 0
DWIDTH 8 0
BBX 8 16 0 -4
BITMAP
00
00
00
00
00
14
14
3E
14
3E
14
14
00
00
00
00
ENDCHAR
STARTCHAR U0024
ENCODING 36
SWIDTH 500 0
DWIDTH 8 0
BBX 8 16 0 -4
BITMAP
00
00
00
00
00
08
1E
28
1C
0A
3C
08
00
00
00
00
ENDCHAR
STARTCHAR U0025
ENCODING 37
SWIDTH 500 0
DWIDTH 8 0
BBX 8 16 0 -4
BITMAP
00
00
00
00
00
30
32
04
08
10
26
06
00
00
00
00
ENDCHAR
STARTCHAR U0026
ENCODING 38
SWIDTH 500 0
DWIDTH 8 0
BBX 8 16 0 -4
BITMAP
00
00
00
00
00
08
14
14
18
2A
24
1A
00
00
00
00
ENDCHAR
STARTCHAR U0027
ENCODING 39
SWIDTH 500 0
DWIDTH 8 0
BBX 8 16 0 -4
BITMAP
00
00
00
00
00
08
08
10
00
00
00
00
00
00
00
00
ENDCHAR
STARTCHAR U0028
ENCODING 40
SWIDTH 500 0
DWIDTH 8 0
BBX 8 16 0 -4
BITMAP
00
00
00
00
00
04
08
10
10
10
08
04
00
00
00
00
ENDCHAR
STARTCHAR U0029
ENCODING 41
SWIDTH 500 0
DWIDTH 8 0
BBX 8 16 0 -4
BITMAP
00
00
00
00
00
10
08
04
04
04
08
10
00
00
00
00
ENDCHAR
STARTCHAR U002A
ENCODING 42
SWIDTH 500 0
DWIDTH 8 0
BBX 8 16 0 -4
BITMAP
00
00
00
00
00
00
08
2A
1C
2A
08
00
00
00
00
00
ENDCHAR
STARTCHAR U002B
ENCODING 43
SWIDTH 500 0
DWIDTH 8 0
BBX 8 16 0 -4
BITMAP
00
00
00
00
00
00
08
08
3E
08
08
00
00
00
00
00
ENDCHAR
STARTCHAR U002C
ENCODING 44
SWIDTH 500 0
DWIDTH 8 0
BBX 8 16 0 -4
BITMAP
00
00
00
00
00
00
00
00
00
00
18
18
08
10
00
00
ENDCHAR
STARTCHAR U002D
ENCODING 45
SWIDTH 500 0
DWIDTH 8 0
BBX 8 16 0 -4
BITMAP
00
00
00
00
00
00
00
00
3E
00
00
00
00
00
00
00
ENDCHAR
STARTCHAR U002E
ENCODING 46
SWIDTH 500 0
DWIDTH 8 0
BBX 8 16 0 -4
BITMAP
00
00
00
00
00
00
00
00
00
00
18
18
00
00
00
00
ENDCHAR
STARTCHAR U002F
ENCODING 47
SWIDTH 500 0
DWIDTH 8 0
BBX 8 16 0 -4
BITMAP
00
00
00
00
00
01
02
04
08
10
20
40
00
00
00
00
ENDCHAR
STARTCHAR U0030
ENCODING 48
SWIDTH 500 0
DWIDTH 8 0
BBX 8 16 0 -4
BITMAP
00
00
00
00
00
1C
22
26
2A
32
22
1C
00
00
00
00
ENDCHAR
STARTCHAR U0031
ENCODING 49
SWIDTH 500 0
DWIDTH 8 0
BBX 8 16 0 -4
BITMAP
00
00
00
00
00
08
18
08
08
08
08
1C
00
00
00
00
ENDCHAR
STARTCHAR U0032
ENCODING 50
SWIDTH 500 0
DWIDTH 8 0
BBX 8 16 0 -4
BITMAP
00
00
00
00
00
1C
22
02
04
08
10
3E
00
00
00
00
ENDCHAR
STARTCHAR U0033
ENCODING 51
SWIDTH 500 0
DWIDTH 8 0
BBX 8 16 0 -4
BITMAP
00
00
00
00
00
3E
02
04
0C
02
22
1C
00
00
00
00
ENDCHAR
STARTCHAR U0034
ENCODING 52
SWIDTH 500 0
DWIDTH 8 0
BBX 8 16 0 -4
BITMAP
00
00
00
00
00
04
0C
14
24
3E
04
04
00
00
00
00
ENDCHAR
STARTCHAR U0035
ENCODING 53
SWIDTH 500 0
DWIDTH 8 0
BBX 8 16 0 -4
BITMAP
00
00
00
00
00
3E
20
3C
02
02
22
1C
00
00
00
00
ENDCHAR
STARTCHAR U0036
ENCODING 54
SWIDTH 500 0
DWIDTH 8 0
BBX 8 16 0 -4
BITMAP
00
00
00
00
00
0E
10
20
3C
22
22
1C
00
00
00
00
ENDCHAR
STARTCHAR U0037
ENCODING 55
SWIDTH 500 0
DWIDTH 8 0
BBX 8 16 0 -4
BITMAP
00
00
00
00
00
3E
02
04
08
10
10
10
00
00
00
00
ENDCHAR
STARTCHAR U0038
ENCODING 56
SWIDTH 500 0
DWIDTH 8 0
BBX 8 16 0 -4
BITMAP
00
00
00
00
00
1C
22
22
1C
22
22
1C
00
00
00
00
ENDCHAR
STARTCHAR U0039
ENCODING 57
SWIDTH 500 0
DWIDTH 8 0
BBX 8 16 0 -4
BITMAP
00
00
00
00
00
1C
22
22
1E
02
04
18
00
00
00
00
ENDCHAR
STARTCHAR U003A
ENCODING 58
SWIDTH 500 0
DWIDTH 8 0
BBX 8 16 0 -4
BITMAP
00
00
00
00
00
00
00
18
18
00
18
18
00
00
00
00
ENDCHAR
STARTCHAR U003B
ENCODING 59
SWIDTH 500 0
DWIDTH 8 0
BBX 8 16 0 -4
BITMAP
00
00
00
00
00
00
00
18
18
00
18
18
08
10
00
00
ENDCHAR
STARTCHAR U003C
ENCODING 60
SWIDTH 500 0
DWIDTH 8 0
BBX 8 16 0 -4
BITMAP
00
00
00
00
00
02
04
08
10
08
04
02
00
00
00
00
ENDCHAR
STARTCHAR U003D
ENCODING 61
SWIDTH 500 0
DWIDTH 8 0
BBX 8 16 0 -4
BITMAP
00
00
00
00
00
00
00
3E
00
3E
00
00
00
00
00
00
ENDCHAR
STARTCHAR U003E
ENCODING 62
SWIDTH 500 0
DWIDTH 8 0
BBX 8 16 0 -4
BITMAP
00
00
00
00
00
20
10
08
04
08
10
20
00
00
00
00
ENDCHAR
STARTCHAR U003F
ENCODING 63
SWIDTH 500 0
DWIDTH 8 0
BBX 8 16 0 -4
BITMAP
00
00
00
00
00
1C
22
02
04
08
00
08
00
00
00
00
ENDCHAR
STARTCHAR U0040
ENCODING 64
SWIDTH 500 0
DWIDTH 8 0
BBX 8 16 0 -4
BITMAP
00
00
00
00
00
1C
22
2E
2A
2E
20
1C
00
00
00
00
ENDCHAR
STARTCHAR U0041
ENCODING 65
SWIDTH 500 0
DWIDTH 8 0
BBX 8 16 0 -4
BITMAP
00
00
00
00
00
1C
22
22
3E
22
22
22
00
00
00
00
ENDCHAR
STARTCHAR U0042
ENCODING 66
SWIDTH 500 0
DWIDTH 8 0
BBX 8 16 0 -4
BITMAP
00
00
00
00
00
3C
22
22
3C
22
22
3C
00
00
00
00
ENDCHAR
STARTCHAR U0043
ENCODING 67
SWIDTH 500 0
DWIDTH 8 0
BBX 8 16 0 -4
BITMAP
00
00
00
00
00
1C
22
20
20
20
22
1C
00
00
00
00
ENDCHAR
STARTCHAR U0044
ENCODING 68
SWIDTH 500 0
DWIDTH 8 0
BBX 8 16 0 -4
BITMAP
00
00
00
00
00
3C
12
12
12
12
12
3C
00
00
00
00
ENDCHAR
STARTCHAR U0045
ENCODING 69
SWIDTH 500 0
DWIDTH 8 0
BBX 8 16 0 -4
BITMAP
00
00
00
00
00
3E
20
20
3C
20
20
3E
00
00
00
00
ENDCHAR
STARTCHAR U0046
ENCODING 70
SWIDTH 500 0
DWIDTH 8 0
BBX 8 16 0 -4
BITMAP
00
00
00
00
00
3E
20
20
3C
20
20
20
00
00
00
00
ENDCHAR
STARTCHAR U0047
ENCODING 71
SWIDTH 500 0
DWIDTH 8 0
BBX 8 16 0 -4
BITMAP
00
00
00
00
00
1C
22
20
20
26
22
1C
00
00
00
00
ENDCHAR
STARTCHAR U0048
ENCODING 72
SWIDTH 500 0
DWIDTH 8 0
BBX 8 16 0 -4
BITMAP
00
00
00
00
00
22
22
22
3E
22
22
22
00
00
00
00
ENDCHAR
STARTCHAR U0049
ENCODING 73
SWIDTH 500 0
DWIDTH 8 0
BBX 8 16 0 -4
BITMAP
00
00
00
00
00
1C
08
08
08
08
08
1C
00
00
00
00
ENDCHAR
STARTCHAR U004A
ENCODING 74
SWIDTH 500 0
DWIDTH 8 0
BBX 8 16 0 -4
BITMAP
00
00
00
00
00
0E
04
04
04
04
24
18
00
00
00
00
ENDCHAR
STARTCHAR U004B
ENCODING 75
SWIDTH 500 0
DWIDTH 8 0
BBX 8 16 0 -4
BITMAP
00
00
00
00
00
22
24
28
30
28
24
22
00
00
00
00
ENDCHAR
STARTCHAR U004C
ENCODING 76
SWIDTH 500 0
DWIDTH 8 0
BBX 8 16 0 -4
BITMAP
00
00
00
00
00
20
20
20
20
20
20
3E
00
00
00
00
ENDCHAR
STARTCHAR U004D
ENCODING 77
SWIDTH 500 0
DWIDTH 8 0
BBX 8 16 0 -4
BITMAP
00
00
00
00
00
22
36
2A
2A
22
22
22
00
00
00
00
ENDCHAR
STARTCHAR U004E
ENCODING 78
SWIDTH 500 0
DWIDTH 8 0
BBX 8 16 0 -4
BITMAP
00
00
00
00
00
22
22
32
2A
26
22
22
00
00
00
00
ENDCHAR
STARTCHAR U004F
ENCODING 79
SWIDTH 500 0
DWIDTH 8 0
BBX 8 16 0 -4
BITMAP
00
00
00
00
00
1C
22
22
22
22
22
1C
00
00
00
00
ENDCHAR
STARTCHAR U0050
ENCODING 80
SWIDTH 500 0
DWIDTH 8 0
BBX 8 16 0 -4
BITMAP
00
00
00
00
00
3C
22
22
3C
20
20
20
00
00
00
00
ENDCHAR
STARTCHAR U0051
ENCODING 81
SWIDTH 500 0
DWIDTH 8 0
BBX 8 16 0 -4
BITMAP
00
00
00
00
00
1C
22
22
22
2A
24
1A
00
00
00
00
ENDCHAR
STARTCHAR U0052
ENCODING 82
SWIDTH 500 0
DWIDTH 8 0
BBX 8 16 0 -4
BITMAP
00
00
00
00
00
3C
22
22
3C
28
24
22
00
00
00
00
ENDCHAR
STARTCHAR U0053
ENCODING 83
SWIDTH 500 0
DWIDTH 8 0
BBX 8 16 0 -4
BITMAP
00
00
00
00
00
1C
22
20
1C
02
22
1C
00
00
00
00
ENDCHAR
STARTCHAR U0054
ENCODING 84
SWIDTH 500 0
DWIDTH 8 0
BBX 8 16 0 -4
BITMAP
00
00
00
00
00
3E
08
08
08
08
08
08
00
00
00
00
ENDCHAR
STARTCHAR U0055
ENCODING 85
SWIDTH 500 0
DWIDTH 8 0
BBX 8 16 0 -4
BITMAP
00
00
00
00
00
22
22
22
22
22
22
1C
00
00
00
00
ENDCHAR
STARTCHAR U0056
ENCODING 86
SWIDTH 500 0
DWIDTH 8 0
BBX 8 16 0 -4
BITMAP
00
00
00
00
00
22
22
22
14
14
08
08
00
00
00
00
ENDCHAR
STARTCHAR U0057
ENCODING 87
SWIDTH 500 0
DWIDTH 8 0
BBX 8 16 0 -4
BITMAP
00
00
00
00
00
22
22
22
2A
2A
2A
14
00
00
00
00
ENDCHAR
STARTCHAR U0058
ENCODING 88
SWIDTH 500 0
DWIDTH 8 0
BBX 8 16 0 -4
BITMAP
00
00
00
00
00
22
22
14
08
14
22
22
00
00
00
00
ENDCHAR
STARTCHAR U0059
ENCODING 89
SWIDTH 500 0
DWIDTH 8 0
BBX 8 16 0 -4
BITMAP
00
00
00
00
00
22
22
14
08
08
08
08
00
00
00
00
ENDCHAR
STARTCHAR U005A
ENCODING 90
SWIDTH 500 0
DWIDTH 8 0
BBX 8 16 0 -4
BITMAP
00
00
00
00
00
3E
02
04
08
10
20
3E
00
00
00
00
ENDCHAR
STARTCHAR U005B
ENCODING 91
SWIDTH 500 0
DWIDTH 8 0
BBX 8 16 0 -4
BITMAP
00
00
00
00
00
0E
08
08
08
08
08
0E
00
00
00
00
ENDCHAR
STARTCHAR U005C
ENCODING 92
SWIDTH 500 0
DWIDTH 8 0
BBX 8 16 0 -4
BITMAP
00
00
00
00
00
40
20
10
08
04
02
01
00
00
00
00
ENDCHAR
STARTCHAR U005D
ENCODING 93
SWIDTH 500 0
DWIDTH 8 0
BBX 8 16 0 -4
BITMAP
00
00
00
00
00
38
08
08
08
08
08
38
00
00
00
00
ENDCHAR
STARTCHAR U005E
ENCODING 94
SWIDTH 500 0
DWIDTH 8 0
BBX 8 16 0 -4
BITMAP
00
00
00
00
00
08
14
22
00
00
00
00
00
00
00
00
ENDCHAR
STARTCHAR U005F
ENCODING 95
SWIDTH 500 0
DWIDTH 8 0
BBX 8 16 0 -4
BITMAP
00
00
00
00
00
00
00
00
00
00
00
FF
00
00
00
00
ENDCHAR
STARTCHAR U0060
ENCODING 96
SWIDTH 500 0
DWIDTH 8 0
BBX 8 16 0 -4
BITMAP
00
00
00
00
00
08
08
04
00
00
00
00
00
00
00
00
ENDCHAR
STARTCHAR U0061
ENCODING 97
SWIDTH 500 0
DWIDTH 8 0
BBX 8 16 0 -4
BITMAP
00
00
00
00
00
00
00
1A
26
22
26
1A
00
00
00
00
ENDCHAR
STARTCHAR U0062
ENCODING 98
SWIDTH 500 0
DWIDTH 8 0
BBX 8 16 0 -4
BITMAP
00
00
00
00
00
20
20
2C
32
22
32
2C
00
00
00
00
ENDCHAR
STARTCHAR U0063
ENCODING 99
SWIDTH 500 0
DWIDTH 8 0
BBX 8 16 0 -4
BITMAP
00
00
00
00
00
00
00
1C
22
20
20
1E
00
00
00
00
ENDCHAR
STARTCHAR U0064
ENCODING 100
SWIDTH 500 0
DWIDTH 8 0
BBX 8 16 0 -4
BITMAP
00
00
00
00
00
02
02
1A
26
22
26
1A
00
00
00
00
ENDCHAR
STARTCHAR U0065
ENCODING 101
SWIDTH 500 0
DWIDTH 8 0
BBX 8 16 0 -4
BITMAP
00
00
00
00
00
00
00
1C
22
3E
20
1C
00
00
00
00
ENDCHAR
STARTCHAR U0066
ENCODING 102
SWIDTH 500 0
DWIDTH 8 0
BBX 8 16 0 -4
BITMAP
00
00
00
00
00
0C
12
10
38
10
10
10
00
00
00
00
ENDCHAR
STARTCHAR U0067
ENCODING 103
SWIDTH 500 0
DWIDTH 8 0
BBX 8 16 0 -4
BITMAP
00
00
00
00
00
00
00
1A
26
22
26
1A
02
1C
00
00
ENDCHAR
STARTCHAR U0068
ENCODING 104
SWIDTH 500 0
DWIDTH 8 0
BBX 8 16 0 -4
BITMAP
00
00
00
00
00
20
20
3C
22
22
22
22
00
00
00
00
ENDCHAR
STARTCHAR U0069
ENCODING 105
SWIDTH 500 0
DWIDTH 8 0
BBX 8 16 0 -4
BITMAP
00
00
00
00
00
08
00
18
08
08
08
1C
00
00
00
00
ENDCHAR
STARTCHAR U006A
ENCODING 106
SWIDTH 500 0
DWIDTH 8 0
BBX 8 16 0 -4
BITMAP
00
00
00
00
00
04
00
04
04
04
04
04
24
18
00
00
ENDCHAR
STARTCHAR U006B
ENCODING 107
SWIDTH 500 0
DWIDTH 8 0
BBX 8 16 0 -4
BITMAP
00
00
00
00
00
10
10
12
14
18
14
12
00
00
00
00
ENDCHAR
STARTCHAR U006C
ENCODING 108
SWIDTH 500 0
DWIDTH 8 0
BBX 8 16 0 -4
BITMAP
00
00
00
00
00
08
08
08
08
08
08
06
00
00
00
00
ENDCHAR
STARTCHAR U006D
ENCODING 109
SWIDTH 500 0
DWIDTH 8 0
BBX 8 16 0 -4
BITMAP
00
00
00
00
00
00
00
34
2A
2A
2A
2A
00
00
00
00
ENDCHAR
STARTCHAR U006E
ENCODING 110
SWIDTH 500 0
DWIDTH 8 0
BBX 8 16 0 -4
BITMAP
00
00
00
00
00
00
00
2C
32
22
22
22
00
00
00
00
ENDCHAR
STARTCHAR U006F
ENCODING 111
SWIDTH 500 0
DWIDTH 8 0
BBX 8 16 0 -4
BITMAP
00
00
00
00
00
00
00
1C
22
22
22
1C
00
00
00
00
ENDCHAR
STARTCHAR U0070
ENCODING 112
SWIDTH 500 0
DWIDTH 8 0
BBX 8 16 0 -4
BITMAP
00
00
00
00
00
00
00
2C
32
22
32
2C
20
20
00
00
ENDCHAR
STARTCHAR U0071
ENCODING 113
SWIDTH 500 0
DWIDTH 8 0
BBX 8 16 0 -4
BITMAP
00
00
00
00
00
00
00
1A
26
22
26
1A
02
02
00
00
ENDCHAR
STARTCHAR U0072
ENCODING 114
SWIDTH 500 0
DWIDTH 8 0
BBX 8 16 0 -4
BITMAP
00
00
00
00
00
00
00
2C
32
20
20
20
00
00
00
00
ENDCHAR
STARTCHAR U0073
ENCODING 115
SWIDTH 500 0
DWIDTH 8 0
BBX 8 16 0 -4
BITMAP
00
00
00
00
00
00
00
1E
20
1C
02
3C
00
00
00
00
ENDCHAR
STARTCHAR U0074
ENCODING 116
SWIDTH 500 0
DWIDTH 8 0
BBX 8 16 0 -4
BITMAP
00
00
00
00
00
10
10
38
10
10
12
0C
00
00
00
00
ENDCHAR
STARTCHAR U0075
ENCODING 117
SWIDTH 500 0
DWIDTH 8 0
BBX 8 16 0 -4
BITMAP
00
00
00
00
00
00
00
22
22
22
26
1A
00
00
00
00
ENDCHAR
STARTCHAR U0076
ENCODING 118
SWIDTH 500 0
DWIDTH 8 0
BBX 8 16 0 -4
BITMAP
00
00
00
00
00
00
00
22
22
22
14
08
00
00
00
00
ENDCHAR
STARTCHAR U0077
ENCODING 119
SWIDTH 500 0
DWIDTH 8 0
BBX 8 16 0 -4
BITMAP
00
00
00
00
00
00
00
22
22
2A
2A
14
00
00
00
00
ENDCHAR
STARTCHAR U0078
ENCODING 120
SWIDTH 500 0
DWIDTH 8 0
BBX 8 16 0 -4
BITMAP
00
00
00
00
00
00
00
22
14
08
14
22
00
00
00
00
ENDCHAR
STARTCHAR U0079
ENCODING 121
SWIDTH 500 0
DWIDTH 8 0
BBX 8 16 0 -4
BITMAP
00
00
00
00
00
00
00
22
22
22
26
1A
02
1C
00
00
ENDCHAR
STARTCHAR U007A
ENCODING 122
SWIDTH 500 0
DWIDTH 8 0
BBX 8 16 0 -4
BITMAP
00
00
00
00
00
00
00
3E
04
08
10
3E
00
00
00
00
ENDCHAR
STARTCHAR U007B
ENCODING 123
SWIDTH 500 0
DWIDTH 8 0
BBX 8 16 0 -4
BITMAP
00
00
00
00
00
0C
10
10
20
10
10
0C
00
00
00
00
ENDCHAR
STARTCHAR U007C
ENCODING 124
SWIDTH 500 0
DWIDTH 8 0
BBX 8 16 0 -4
BITMAP
00
00
00
00
08
08
08
08
08
08
08
08
08
08
08
08
ENDCHAR
STARTCHAR U007D
ENCODING 125
SWIDTH 500 0
DWIDTH 8 0
BBX 8 16 0 -4
BITMAP
00
00
00
00
00
18
04
04
02
04
04
18
00
00
00
00
ENDCHAR
STARTCHAR U007E
ENCODING 126
SWIDTH 500 0
DWIDTH 8 0
BBX 8 16 0 -4
BITMAP
00
00
00
00
00
00
00
00
32
4C
00
00
00
00
00
00
ENDCHAR
STARTCHAR U00A0
ENCODING 160
SWIDTH 500 0
DWIDTH 8 0
BBX 8 16 0 -4
BITMAP
00
00
00
00
00
00
00
00
00
00
00
00
00
00
00
00
ENDCHAR
STARTCHAR U00A1
ENCODING 161
SWIDTH 500 0
DWIDTH 8 0
BBX 8 16 0 -4
BITMAP
00
00
10
10
00
10
10
10
10
10
10
10
00
00
00
00
ENDCHAR
STARTCHAR U00A2
ENCODING 162
SWIDTH 500 0
DWIDTH 8 0
BBX 8 16 0 -4
BITMAP
00
00
00
10
10
7C
92
90
90
90
92
7C
10
10
00
00
ENDCHAR
STARTCHAR U00A3
ENCODING 163
SWIDTH 500 0
DWIDTH 8 0
BBX 8 16 0 -4
BITMAP
00
00
18
24
20
20
78
20
20
20
22
7E
00
00
00
00
ENDCHAR
STARTCHAR U00A4
ENCODING 164
SWIDTH 500 0
DWIDTH 8 0
BBX 8 16 0 -4
BITMAP
00
00
00
00
44
38
44
44
44
38
44
00
00
00
00
00
ENDCHAR
STARTCHAR U00A5
ENCODING 165
SWIDTH 500 0
DWIDTH 8 0
BBX 8 16 0 -4
BITMAP
00
00
82
82
44
28
10
7C
10
7C
10
10
00
00
00
00
ENDCHAR
STARTCHAR U00A6
ENCODING 166
SWIDTH 500 0
DWIDTH 8 0
BBX 8 16 0 -4
BITMAP
00
00
10
10
10
10
00
00
10
10
10
10
00
00
00
00
ENDCHAR
STARTCHAR U00A7
ENCODING 167
SWIDTH 500 0
DWIDTH 8 0
BBX 8 16 0 -4
BITMAP
00
38
44
40
30
48
44
44
24
18
04
44
38
00
00
00
ENDCHAR
STARTCHAR U00A8
ENCODING 168
SWIDTH 500 0
DWIDTH 8 0
BBX 8 16 0 -4
BITMAP
24
24
00
00
00
00
00
00
00
00
00
00
00
00
00
00
ENDCHAR
STARTCHAR U00A9
ENCODING 169
SWIDTH 500 0
DWIDTH 8 0
BBX 8 16 0 -4
BITMAP
00
00
00
7E
81
99
A5
A1
A5
99
81
7E
00
00
00
00
ENDCHAR
STARTCHAR U00AA
ENCODING 170
SWIDTH 500 0
DWIDTH 8 0
BBX 8 16 0 -4
BITMAP
00
38
04
3C
44
3C
00
7C
00
00
00
00
00
00
00
00
ENDCHAR
STARTCHAR U00AB
ENCODING 171
SWIDTH 500 0
DWIDTH 8 0
BBX 8 16 0 -4
BITMAP
00
00
00
00
00
00
00
0A
14
28
14
0A
00
00
00
00
ENDCHAR
STARTCHAR U00AC
ENCODING 172
SWIDTH 500 0
DWIDTH 8 0
BBX 8 16 0 -4
BITMAP
00
00
00
00
00
7E
02
02
02
00
00
00
00
00
00
00
ENDCHAR
STARTCHAR U00AD
ENCODING 173
SWIDTH 500 0
DWIDTH 8 0
BBX 8 16 0 -4
BITMAP
00
00
00
00
00
00
00
7E
00
00
00
00
00
00
00
00
ENDCHAR
STARTCHAR U00AE
ENCODING 174
SWIDTH 500 0
DWIDTH 8 0
BBX 8 16 0 -4
BITMAP
00
00
00
7E
81
B9
A5
B9
A9
A5
81
7E
00
00
00
00
ENDCHAR
STARTCHAR U00AF
ENCODING 175
SWIDTH 500 0
DWIDTH 8 0
BBX 8 16 0 -4
BITMAP
3C
00
00
00
00
00
00
00
00
00
00
00
00
00
00
00
ENDCHAR
STARTCHAR U00B0
ENCODING 176
SWIDTH 500 0
DWIDTH 8 0
BBX 8 16 0 -4
BITMAP
00
18
24
24
18
00
00
00
00
00
00
00
00
00
00
00
ENDCHAR
STARTCHAR U00B1
ENCODING 177
SWIDTH 500 0
DWIDTH 8 0
BBX 8 16 0 -4
BITMAP
00
00
00
00
00
10
10
7C
10
10
00
7C
00
00
00
00
ENDCHAR
STARTCHAR U00B2
ENCODING 178
SWIDTH 500 0
DWIDTH 8 0
BBX 8 16 0 -4
BITMAP
00
18
24
04
08
10
3C
00
00
00
00
00
00
00
00
00
ENDCHAR
STARTCHAR U00B3
ENCODING 179
SWIDTH 500 0
DWIDTH 8 0
BBX 8 16 0 -4
BITMAP
00
38
04
18
04
04
38
00
00
00
00
00
00
00
00
00
ENDCHAR
STARTCHAR U00B4
ENCODING 180
SWIDTH 500 0
DWIDTH 8 0
BBX 8 16 0 -4
BITMAP
08
10
00
00
00
00
00
00
00
00
00
00
00
00
00
00
ENDCHAR
STARTCHAR U00B5
ENCODING 181
SWIDTH 500 0
DWIDTH 8 0
BBX 8 16 0 -4
BITMAP
00
00
00
00
00
42
42
42
42
42
46
7A
40
40
40
00
ENDCHAR
STARTCHAR U00B6
ENCODING 182
SWIDTH 500 0
DWIDTH 8 0
BBX 8 16 0 -4
BITMAP
00
00
7E
92
92
92
92
72
12
12
12
12
00
00
00
00
ENDCHAR
STARTCHAR U00B7
ENCODING 183
SWIDTH 500 0
DWIDTH 8 0
BBX 8 16 0 -4
BITMAP
00
00
00
00
00
00
00
10
10
00
00
00
00
00
00
00
ENDCHAR
STARTCHAR U00B8
ENCODING 184
SWIDTH 500 0
DWIDTH 8 0
BBX 8 16 0 -4
BITMAP
00
00
00
00
00
00
00
00
00
00
00
00
10
10
20
00
ENDCHAR
STARTCHAR U00B9
ENCODING 185
SWIDTH 500 0
DWIDTH 8 0
BBX 8 16 0 -4
BITMAP
00
10
30
10
10
10
38
00
00
00
00
00
00
00
00
00
ENDCHAR
STARTCHAR U00BA
ENCODING 186
SWIDTH 500 0
DWIDTH 8 0
BBX 8 16 0 -4
BITMAP
00
38
44
44
44
38
00
7C
00
00
00
00
00
00
00
00
ENDCHAR
STARTCHAR U00BB
ENCODING 187
SWIDTH 500 0
DWIDTH 8 0
BBX 8 16 0 -4
BITMAP
00
00
00
00
00
00
00
28
14
0A
14
28
00
00
00
00
ENDCHAR
STARTCHAR U00BC
ENCODING 188
SWIDTH 500 0
DWIDTH 8 0
BBX 8 16 0 -4
BITMAP
00
20
60
20
22
24
08
10
22
46
8A
1E
02
02
00
00
ENDCHAR
STARTCHAR U00BD
ENCODING 189
SWIDTH 500 0
DWIDTH 8 0
BBX 8 16 0 -4
BITMAP
00
20
60
20
22
24
08
10
20
4C
92
04
08
1E
00
00
ENDCHAR
STARTCHAR U00BE
ENCODING 190
SWIDTH 500 0
DWIDTH 8 0
BBX 8 16 0 -4
BITMAP
00
E0
10
60
12
E4
08
10
22
46
8A
1E
02
02
00
00
ENDCHAR
STARTCHAR U00BF
ENCODING 191
SWIDTH 500 0
DWIDTH 8 0
BBX 8 16 0 -4
BITMAP
00
00
10
10
00
10
10
20
42
42
42
3C
00
00
00
00
ENDCHAR
STARTCHAR U00C0
ENCODING 192
SWIDTH 500 0
DWIDTH 8 0
BBX 8 16 0 -4
BITMAP
10
08
00
3C
42
42
42
7E
42
42
42
42
00
00
00
00
ENDCHAR
STARTCHAR U00C1
ENCODING 193
SWIDTH 500 0
DWIDTH 8 0
BBX 8 16 0 -4
BITMAP
08
10
00
3C
42
42
42
7E
42
42
42
42
00
00
00
00
ENDCHAR
STARTCHAR U00C2
ENCODING 194
SWIDTH 500 0
DWIDTH 8 0
BBX 8 16 0 -4
BITMAP
18
24
00
3C
42
42
42
7E
42
42
42
42
00
00
00
00
ENDCHAR
STARTCHAR U00C3
ENCODING 195
SWIDTH 500 0
DWIDTH 8 0
BBX 8 16 0 -4
BITMAP
32
4C
00
3C
42
42
42
7E
42
42
42
42
00
00
00
00
ENDCHAR
STARTCHAR U00C4
ENCODING 196
SWIDTH 500 0
DWIDTH 8 0
BBX 8 16 0 -4
BITMAP
24
24
00
3C
42
42
42
7E
42
42
42
42
00
00
00
00
ENDCHAR
STARTCHAR U00C5
ENCODING 197
SWIDTH 500 0
DWIDTH 8 0
BBX 8 16 0 -4
BITMAP
18
24
18
3C
42
42
42
7E
42
42
42
42
00
00
00
00
ENDCHAR
STARTCHAR U00C6
ENCODING 198
SWIDTH 500 0
DWIDTH 8 0
BBX 8 16 0 -4
BITMAP
00
00
7E
90
90
90
FC
90
90
90
90
9E
00
00
00
00
ENDCHAR
STARTCHAR U00C7
ENCODING 199
SWIDTH 500 0
DWIDTH 8 0
BBX 8 16 0 -4
BITMAP
00
00
3C
42
42
40
40
40
40
42
42
3C
10
10
20
00
ENDCHAR
STARTCHAR U00C8
ENCODING 200
SWIDTH 500 0
DWIDTH 8 0
BBX 8 16 0 -4
BITMAP
10
08
00
7E
40
40
40
78
40
40
40
7E
00
00
00
00
ENDCHAR
STARTCHAR U00C9
ENCODING 201
SWIDTH 500 0
DWIDTH 8 0
BBX 8 16 0 -4
BITMAP
08
10
00
7E
40
40
40
78
40
40
40
7E
00
00
00
00
ENDCHAR
STARTCHAR U00CA
ENCODING 202
SWIDTH 500 0
DWIDTH 8 0
BBX 8 16 0 -4
BITMAP
18
24
00
7E
40
40
40
78
40
40
40
7E
00
00
00
00
ENDCHAR
STARTCHAR U00CB
ENCODING 203
SWIDTH 500 0
DWIDTH 8 0
BBX 8 16 0 -4
BITMAP
24
24
00
7E
40
40
40
78
40
40
40
7E
00
00
00
00
ENDCHAR
STARTCHAR U00CC
ENCODING 204
SWIDTH 500 0
DWIDTH 8 0
BBX 8 16 0 -4
BITMAP
20
10
00
38
10
10
10
10
10
10
10
38
00
00
00
00
ENDCHAR
STARTCHAR U00CD
ENCODING 205
SWIDTH 500 0
DWIDTH 8 0
BBX 8 16 0 -4
BITMAP
08
10
00
38
10
10
10
10
10
10
10
38
00
00
00
00
ENDCHAR
STARTCHAR U00CE
ENCODING 206
SWIDTH 500 0
DWIDTH 8 0
BBX 8 16 0 -4
BITMAP
18
24
00
38
10
10
10
10
10
10
10
38
00
00
00
00
ENDCHAR
STARTCHAR U00CF
ENCODING 207
SWIDTH 500 0
DWIDTH 8 0
BBX 8 16 0 -4
BITMAP
44
44
00
38
10
10
10
10
10
10
10
38
00
00
00
00
ENDCHAR
STARTCHAR U00D0
ENCODING 208
SWIDTH 500 0
DWIDTH 8 0
BBX 8 16 0 -4
BITMAP
00
00
78
44
42
42
F2
42
42
42
44
78
00
00
00
00
ENDCHAR
STARTCHAR U00D1
ENCODING 209
SWIDTH 500 0
DWIDTH 8 0
BBX 8 16 0 -4
BITMAP
32
4C
00
42
42
62
52
4A
46
42
42
42
00
00
00
00
ENDCHAR
STARTCHAR U00D2
ENCODING 210
SWIDTH 500 0
DWIDTH 8 0
BBX 8 16 0 -4
BITMAP
10
08
00
3C
42
42
42
42
42
42
42
3C
00
00
00
00
ENDCHAR
STARTCHAR U00D3
ENCODING 211
SWIDTH 500 0
DWIDTH 8 0
BBX 8 16 0 -4
BITMAP
08
10
00
3C
42
42
42
42
42
42
42
3C
00
00
00
00
ENDCHAR
STARTCHAR U00D4
ENCODING 212
SWIDTH 500 0
DWIDTH 8 0
BBX 8 16 0 -4
BITMAP
18
24
00
3C
42
42
42
42
42
42
42
3C
00
00
00
00
ENDCHAR
STARTCHAR U00D5
ENCODING 213
SWIDTH 500 0
DWIDTH 8 0
BBX 8 16 0 -4
BITMAP
32
4C
00
3C
42
42
42
42
42
42
42
3C
00
00
00
00
ENDCHAR
STARTCHAR U00D6
ENCODING 214
SWIDTH 500 0
DWIDTH 8 0
BBX 8 16 0 -4
BITMAP
24
24
00
3C
42
42
42
42
42
42
42
3C
00
00
00
00
ENDCHAR
STARTCHAR U00D7
ENCODING 215
SWIDTH 500 0
DWIDTH 8 0
BBX 8 16 0 -4
BITMAP
00
00
00
00
00
42
24
18
18
24
42
00
00
00
00
00
ENDCHAR
STARTCHAR U00D8
ENCODING 216
SWIDTH 500 0
DWIDTH 8 0
BBX 8 16 0 -4
BITMAP
00
00
3C
43
42
46
4A
52
62
42
C2
3C
00
00
00
00
ENDCHAR
STARTCHAR U00D9
ENCODING 217
SWIDTH 500 0
DWIDTH 8 0
BBX 8 16 0 -4
BITMAP
10
08
42
42
42
42
42
42
42
42
42
3C
00
00
00
00
ENDCHAR
STARTCHAR U00DA
ENCODING 218
SWIDTH 500 0
DWIDTH 8 0
BBX 8 16 0 -4
BITMAP
08
10
42
42
42
42
42
42
42
42
42
3C
00
00
00
00
ENDCHAR
STARTCHAR U00DB
ENCODING 219
SWIDTH 500 0
DWIDTH 8 0
BBX 8 16 0 -4
BITMAP
18
24
00
42
42
42
42
42
42
42
42
3C
00
00
00
00
ENDCHAR
STARTCHAR U00DC
ENCODING 220
SWIDTH 500 0
DWIDTH 8 0
BBX 8 16 0 -4
BITMAP
24
24
00
42
42
42
42
42
42
42
42
3C
00
00
00
00
ENDCHAR
STARTCHAR U00DD
ENCODING 221
SWIDTH 500 0
DWIDTH 8 0
BBX 8 16 0 -4
BITMAP
08
10
82
82
44
44
28
10
10
10
10
10
00
00
00
00
ENDCHAR
STARTCHAR U00DE
ENCODING 222
SWIDTH 500 0
DWIDTH 8 0
BBX 8 16 0 -4
BITMAP
00
00
40
40
7C
42
42
42
42
7C
40
40
00
00
00
00
ENDCHAR
STARTCHAR U00DF
ENCODING 223
SWIDTH 500 0
DWIDTH 8 0
BBX 8 16 0 -4
BITMAP
00
00
38
44
44
48
7C
42
42
42
62
5C
00
00
00
00
ENDCHAR
STARTCHAR U00E0
ENCODING 224
SWIDTH 500 0
DWIDTH 8 0
BBX 8 16 0 -4
BITMAP
00
00
00
00
10
08
00
1A
26
22
26
1A
00
00
00
00
ENDCHAR
STARTCHAR U00E1
ENCODING 225
SWIDTH 500 0
DWIDTH 8 0
BBX 8 16 0 -4
BITMAP
00
00
08
10
00
3C
02
3E
42
42
42
3E
00
00
00
00
ENDCHAR
STARTCHAR U00E2
ENCODING 226
SWIDTH 500 0
DWIDTH 8 0
BBX 8 16 0 -4
BITMAP
00
00
00
00
08
14
00
1A
26
22
26
1A
00
00
00
00
ENDCHAR
STARTCHAR U00E3
ENCODING 227
SWIDTH 500 0
DWIDTH 8 0
BBX 8 16 0 -4
BITMAP
00
00
32
4C
00
3C
02
3E
42
42
42
3E
00
00
00
00
ENDCHAR
STARTCHAR U00E4
ENCODING 228
SWIDTH 500 0
DWIDTH 8 0
BBX 8 16 0 -4
BITMAP
00
00
00
00
14
00
00
1A
26
22
26
1A
00
00
00
00
ENDCHAR
STARTCHAR U00E5
ENCODING 229
SWIDTH 500 0
DWIDTH 8 0
BBX 8 16 0 -4
BITMAP
00
00
18
24
18
3C
02
3E
42
42
42
3E
00
00
00
00
ENDCHAR
STARTCHAR U00E6
ENCODING 230
SWIDTH 500 0
DWIDTH 8 0
BBX 8 16 0 -4
BITMAP
00
00
00
00
00
6C
12
72
9E
90
90
6C
00
00
00
00
ENDCHAR
STARTCHAR U00E7
ENCODING 231
SWIDTH 500 0
DWIDTH 8 0
BBX 8 16 0 -4
BITMAP
00
00
00
00
00
00
00
1C
22
20
20
1E
08
04
08
00
ENDCHAR
STARTCHAR U00E8
ENCODING 232
SWIDTH 500 0
DWIDTH 8 0
BBX 8 16 0 -4
BITMAP
00
00
00
00
10
08
00
1C
22
3E
20
1C
00
00
00
00
ENDCHAR
STARTCHAR U00E9
ENCODING 233
SWIDTH 500 0
DWIDTH 8 0
BBX 8 16 0 -4
BITMAP
00
00
00
00
04
08
00
1C
22
3E
20
1C
00
00
00
00
ENDCHAR
STARTCHAR U00EA
ENCODING 234
SWIDTH 500 0
DWIDTH 8 0
BBX 8 16 0 -4
BITMAP
00
00
00
00
08
14
00
1C
22
3E
20
1C
00
00
00
00
ENDCHAR
STARTCHAR U00EB
ENCODING 235
SWIDTH 500 0
DWIDTH 8 0
BBX 8 16 0 -4
BITMAP
00
00
00
00
14
00
00
1C
22
3E
20
1C
00
00
00
00
ENDCHAR
STARTCHAR U00EC
ENCODING 236
SWIDTH 500 0
DWIDTH 8 0
BBX 8 16 0 -4
BITMAP
00
00
20
10
00
30
10
10
10
10
10
38
00
00
00
00
ENDCHAR
STARTCHAR U00ED
ENCODING 237
SWIDTH 500 0
DWIDTH 8 0
BBX 8 16 0 -4
BITMAP
00
00
08
10
00
30
10
10
10
10
10
38
00
00
00
00
ENDCHAR
STARTCHAR U00EE
ENCODING 238
SWIDTH 500 0
DWIDTH 8 0
BBX 8 16 0 -4
BITMAP
00
00
00
00
08
14
00
18
08
08
08
1C
00
00
00
00
ENDCHAR
STARTCHAR U00EF
ENCODING 239
SWIDTH 500 0
DWIDTH 8 0
BBX 8 16 0 -4
BITMAP
00
00
00
00
14
00
00
18
08
08
08
1C
00
00
00
00
ENDCHAR
STARTCHAR U00F0
ENCODING 240
SWIDTH 500 0
DWIDTH 8 0
BBX 8 16 0 -4
BITMAP
00
00
28
10
28
3C
42
42
42
42
42
3C
00
00
00
00
ENDCHAR
STARTCHAR U00F1
ENCODING 241
SWIDTH 500 0
DWIDTH 8 0
BBX 8 16 0 -4
BITMAP
00
00
32
4C
00
7C
42
42
42
42
42
42
00
00
00
00
ENDCHAR
STARTCHAR U00F2
ENCODING 242
SWIDTH 500 0
DWIDTH 8 0
BBX 8 16 0 -4
BITMAP
00
00
10
08
00
3C
42
42
42
42
42
3C
00
00
00
00
ENDCHAR
STARTCHAR U00F3
ENCODING 243
SWIDTH 500 0
DWIDTH 8 0
BBX 8 16 0 -4
BITMAP
00
00
08
10
00
3C
42
42
42
42
42
3C
00
00
00
00
ENDCHAR
STARTCHAR U00F4
ENCODING 244
SWIDTH 500 0
DWIDTH 8 0
BBX 8 16 0 -4
BITMAP
00
00
00
00
08
14
00
1C
22
22
22
1C
00
00
00
00
ENDCHAR
STARTCHAR U00F5
ENCODING 245
SWIDTH 500 0
DWIDTH 8 0
BBX 8 16 0 -4
BITMAP
00
00
32
4C
00
3C
42
42
42
42
42
3C
00
00
00
00
ENDCHAR
STARTCHAR U00F6
ENCODING 246
SWIDTH 500 0
DWIDTH 8 0
BBX 8 16 0 -4
BITMAP
00
00
00
00
14
00
00
1C
22
22
22
1C
00
00
00
00
ENDCHAR
STARTCHAR U00F7
ENCODING 247
SWIDTH 500 0
DWIDTH 8 0
BBX 8 16 0 -4
BITMAP
00
00
00
00
10
10
00
7C
00
10
10
00
00
00
00
00
ENDCHAR
STARTCHAR U00F8
ENCODING 248
SWIDTH 500 0
DWIDTH 8 0
BBX 8 16 0 -4
BITMAP
00
00
00
00
02
3C
46
4A
52
62
42
BC
00
00
00
00
ENDCHAR
STARTCHAR U00F9
ENCODING 249
SWIDTH 500 0
DWIDTH 8 0
BBX 8 16 0 -4
BITMAP
00
00
00
00
10
08
00
22
22
22
26
1A
00
00
00
00
ENDCHAR
STARTCHAR U00FA
ENCODING 250
SWIDTH 500 0
DWIDTH 8 0
BBX 8 16 0 -4
BITMAP
00
00
08
10
00
42
42
42
42
42
42
3E
00
00
00
00
ENDCHAR
STARTCHAR U00FB
ENCODING 251
SWIDTH 500 0
DWIDTH 8 0
BBX 8 16 0 -4
BITMAP
00
00
00
00
08
14
00
22
22
22
26
1A
00
00
00
00
ENDCHAR
STARTCHAR U00FC
ENCODING 252
SWIDTH 500 0
DWIDTH 8 0
BBX 8 16 0 -4
BITMAP
00
00
00
00
14
00
00
22
22
22
26
1A
00
00
00
00
ENDCHAR
STARTCHAR U00FD
ENCODING 253
SWIDTH 500 0
DWIDTH 8 0
BBX 8 16 0 -4
BITMAP
00
00
08
10
00
42
42
42
42
42
42
3E
02
02
3C
00
ENDCHAR
STARTCHAR U00FE
ENCODING 254
SWIDTH 500 0
DWIDTH 8 0
BBX 8 16 0 -4
BITMAP
00
00
40
40
40
7C
42
42
42
42
42
7C
40
40
40
00
ENDCHAR
STARTCHAR U00FF
ENCODING 255
SWIDTH 500 0
DWIDTH 8 0
BBX 8 16 0 -4
BITMAP
00
00
24
24
00
42
42
42
42
42
42
3E
02
02
3C
00
ENDCHAR
STARTCHAR U0100
ENCODING 256
SWIDTH 500 0
DWIDTH 8 0
BBX 8 16 0 -4
BITMAP
3C
00
3C
42
42
42
42
7E
42
42
42
42
00
00
00
00
ENDCHAR
STARTCHAR U0101
ENCODING 257
SWIDTH 500 0
DWIDTH 8 0
BBX 8 16 0 -4
BITMAP
00
00
00
3C
00
3C
02
3E
42
42
42
3E
00
00
00
00
ENDCHAR
STARTCHAR U0102
ENCODING 258
SWIDTH 500 0
DWIDTH 8 0
BBX 8 16 0 -4
BITMAP
24
18
00
3C
42
42
42
7E
42
42
42
42
00
00
00
00
ENDCHAR
STARTCHAR U0103
ENCODING 259
SWIDTH 500 0
DWIDTH 8 0
BBX 8 16 0 -4
BITMAP
00
00
24
18
00
3C
02
3E
42
42
42
3E
00
00
00
00
ENDCHAR
STARTCHAR U0104
ENCODING 260
SWIDTH 500 0
DWIDTH 8 0
BBX 8 16 0 -4
BITMAP
00
00
3C
42
42
42
42
7E
42
42
42
42
02
04
03
00
ENDCHAR
STARTCHAR U0105
ENCODING 261
SWIDTH 500 0
DWIDTH 8 0
BBX 8 16 0 -4
BITMAP
00
00
00
00
00
3C
02
3E
42
42
42
3E
02
04
03
00
ENDCHAR
STARTCHAR U0106
ENCODING 262
SWIDTH 500 0
DWIDTH 8 0
BBX 8 16 0 -4
BITMAP
08
10
00
3C
42
42
40
40
40
42
42
3C
00
00
00
00
ENDCHAR
STARTCHAR U0107
ENCODING 263
SWIDTH 500 0
DWIDTH 8 0
BBX 8 16 0 -4
BITMAP
00
00
08
10
00
3C
42
40
40
40
42
3C
00
00
00
00
ENDCHAR
STARTCHAR U0108
ENCODING 264
SWIDTH 500 0
DWIDTH 8 0
BBX 8 16 0 -4
BITMAP
18
24
00
3C
42
42
40
40
40
42
42
3C
00
00
00
00
ENDCHAR
STARTCHAR U0109
ENCODING 265
SWIDTH 500 0
DWIDTH 8 0
BBX 8 16 0 -4
BITMAP
00
00
18
24
00
3C
42
40
40
40
42
3C
00
00
00
00
ENDCHAR
STARTCHAR U010A
ENCODING 266
SWIDTH 500 0
DWIDTH 8 0
BBX 8 16 0 -4
BITMAP
10
10
00
3C
42
42
40
40
40
42
42
3C
00
00
00
00
ENDCHAR
STARTCHAR U010B
ENCODING 267
SWIDTH 500 0
DWIDTH 8 0
BBX 8 16 0 -4
BITMAP
00
00
10
10
00
3C
42
40
40
40
42
3C
00
00
00
00
ENDCHAR
STARTCHAR U010C
ENCODING 268
SWIDTH 500 0
DWIDTH 8 0
BBX 8 16 0 -4
BITMAP
24
18
00
3C
42
42
40
40
40
42
42
3C
00
00
00
00
ENDCHAR
STARTCHAR U010D
ENCODING 269
SWIDTH 500 0
DWIDTH 8 0
BBX 8 16 0 -4
BITMAP
00
00
24
18
00
3C
42
40
40
40
42
3C
00
00
00
00
ENDCHAR
STARTCHAR U010E
ENCODING 270
SWIDTH 500 0
DWIDTH 8 0
BBX 8 16 0 -4
BITMAP
24
18
00
78
44
42
42
42
42
42
44
78
00
00
00
00
ENDCHAR
STARTCHAR U010F
ENCODING 271
SWIDTH 500 0
DWIDTH 8 0
BBX 8 16 0 -4
BITMAP
24
18
02
02
02
3E
42
42
42
42
42
3E
00
00
00
00
ENDCHAR
STARTCHAR U0110
ENCODING 272
SWIDTH 500 0
DWIDTH 8 0
BBX 8 16 0 -4
BITMAP
00
00
78
44
42
42
F2
42
42
42
44
78
00
00
00
00
ENDCHAR
STARTCHAR U0111
ENCODING 273
SWIDTH 500 0
DWIDTH 8 0
BBX 8 16 0 -4
BITMAP
00
00
02
0F
02
3E
42
42
42
42
42
3E
00
00
00
00
ENDCHAR
STARTCHAR U0112
ENCODING 274
SWIDTH 500 0
DWIDTH 8 0
BBX 8 16 0 -4
BITMAP
3C
00
7E
40
40
40
78
40
40
40
40
7E
00
00
00
00
ENDCHAR
STARTCHAR U0113
ENCODING 275
SWIDTH 500 0
DWIDTH 8 0
BBX 8 16 0 -4
BITMAP
00
00
00
3C
00
3C
42
42
7E
40
40
3C
00
00
00
00
ENDCHAR
STARTCHAR U0116
ENCODING 278
SWIDTH 500 0
DWIDTH 8 0
BBX 8 16 0 -4
BITMAP
10
10
00
7E
40
40
40
78
40
40
40
7E
00
00
00
00
ENDCHAR
STARTCHAR U0117
ENCODING 279
SWIDTH 500 0
DWIDTH 8 0
BBX 8 16 0 -4
BITMAP
00
00
10
10
00
3C
42
42
7E
40
40
3C
00
00
00
00
ENDCHAR
STARTCHAR U0118
ENCODING 280
SWIDTH 500 0
DWIDTH 8 0
BBX 8 16 0 -4
BITMAP
00
00
7E
40
40
40
78
40
40
40
40
7E
02
04
03
00
ENDCHAR
STARTCHAR U0119
ENCODING 281
SWIDTH 500 0
DWIDTH 8 0
BBX 8 16 0 -4
BITMAP
00
00
00
00
00
3C
42
42
7E
40
40
3C
08
10
0C
00
ENDCHAR
STARTCHAR U011A
ENCODING 282
SWIDTH 500 0
DWIDTH 8 0
BBX 8 16 0 -4
BITMAP
24
18
00
7E
40
40
40
78
40
40
40
7E
00
00
00
00
ENDCHAR
STARTCHAR U011B
ENCODING 283
SWIDTH 500 0
DWIDTH 8 0
BBX 8 16 0 -4
BITMAP
00
00
24
18
00
3C
42
42
7E
40
40
3C
00
00
00
00
ENDCHAR
STARTCHAR U011C
ENCODING 284
SWIDTH 500 0
DWIDTH 8 0
BBX 8 16 0 -4
BITMAP
18
24
00
3C
42
40
40
4E
42
42
42
3C
00
00
00
00
ENDCHAR
STARTCHAR U011D
ENCODING 285
SWIDTH 500 0
DWIDTH 8 0
BBX 8 16 0 -4
BITMAP
00
00
18
24
00
3E
42
42
42
42
42
3E
02
02
3C
00
ENDCHAR
STARTCHAR U011E
ENCODING 286
SWIDTH 500 0
DWIDTH 8 0
BBX 8 16 0 -4
BITMAP
24
18
00
3C
42
40
40
4E
42
42
42
3C
00
00
00
00
ENDCHAR
STARTCHAR U011F
ENCODING 287
SWIDTH 500 0
DWIDTH 8 0
BBX 8 16 0 -4
BITMAP
00
00
24
18
00
3E
42
42
42
42
42
3E
02
02
3C
00
ENDCHAR
STARTCHAR U0120
ENCODING 288
SWIDTH 500 0
DWIDTH 8 0
BBX 8 16 0 -4
BITMAP
10
10
00
3C
42
40
40
4E
42
42
42
3C
00
00
00
00
ENDCHAR
STARTCHAR U0121
ENCODING 289
SWIDTH 500 0
DWIDTH 8 0
BBX 8 16 0 -4
BITMAP
00
00
08
08
00
3E
42
42
42
42
42
3E
02
02
3C
00
ENDCHAR
STARTCHAR U0122
ENCODING 290
SWIDTH 500 0
DWIDTH 8 0
BBX 8 16 0 -4
BITMAP
00
00
3C
42
42
40
40
4E
42
42
42
3C
00
10
10
20
ENDCHAR
STARTCHAR U0123
ENCODING 291
SWIDTH 500 0
DWIDTH 8 0
BBX 8 16 0 -4
BITMAP
00
04
08
08
00
3E
42
42
42
42
42
3E
02
02
3C
00
ENDCHAR
STARTCHAR U0124
ENCODING 292
SWIDTH 500 0
DWIDTH 8 0
BBX 8 16 0 -4
BITMAP
18
24
00
42
42
42
42
7E
42
42
42
42
00
00
00
00
ENDCHAR
STARTCHAR U0125
ENCODING 293
SWIDTH 500 0
DWIDTH 8 0
BBX 8 16 0 -4
BITMAP
0C
12
40
40
40
7C
42
42
42
42
42
42
00
00
00
00
ENDCHAR
STARTCHAR U0126
ENCODING 294
SWIDTH 500 0
DWIDTH 8 0
BBX 8 16 0 -4
BITMAP
00
00
42
FF
42
42
7E
42
42
42
42
42
00
00
00
00
ENDCHAR
STARTCHAR U0127
ENCODING 295
SWIDTH 500 0
DWIDTH 8 0
BBX 8 16 0 -4
BITMAP
00
00
40
F0
40
7C
42
42
42
42
42
42
00
00
00
00
ENDCHAR
STARTCHAR U012A
ENCODING 298
SWIDTH 500 0
DWIDTH 8 0
BBX 8 16 0 -4
BITMAP
7C
00
38
10
10
10
10
10
10
10
10
38
00
00
00
00
ENDCHAR
STARTCHAR U012B
ENCODING 299
SWIDTH 500 0
DWIDTH 8 0
BBX 8 16 0 -4
BITMAP
00
00
00
78
00
30
10
10
10
10
10
38
00
00
00
00
ENDCHAR
STARTCHAR U012E
ENCODING 302
SWIDTH 500 0
DWIDTH 8 0
BBX 8 16 0 -4
BITMAP
00
00
38
10
10
10
10
10
10
10
10
38
10
20
18
00
ENDCHAR
STARTCHAR U012F
ENCODING 303
SWIDTH 500 0
DWIDTH 8 0
BBX 8 16 0 -4
BITMAP
00
00
10
10
00
30
10
10
10
10
10
38
10
20
18
00
ENDCHAR
STARTCHAR U0130
ENCODING 304
SWIDTH 500 0
DWIDTH 8 0
BBX 8 16 0 -4
BITMAP
10
10
00
38
10
10
10
10
10
10
10
38
00
00
00
00
ENDCHAR
STARTCHAR U0131
ENCODING 305
SWIDTH 500 0
DWIDTH 8 0
BBX 8 16 0 -4
BITMAP
00
00
00
00
00
30
10
10
10
10
10
38
00
00
00
00
ENDCHAR
STARTCHAR U0134
ENCODING 308
SWIDTH 500 0
DWIDTH 8 0
BBX 8 16 0 -4
BITMAP
0C
12
00
0E
04
04
04
04
04
44
44
38
00
00
00
00
ENDCHAR
STARTCHAR U0135
ENCODING 309
SWIDTH 500 0
DWIDTH 8 0
BBX 8 16 0 -4
BITMAP
00
00
0C
12
00
0C
04
04
04
04
04
04
44
44
38
00
ENDCHAR
STARTCHAR U0136
ENCODING 310
SWIDTH 500 0
DWIDTH 8 0
BBX 8 16 0 -4
BITMAP
00
00
42
44
48
50
60
60
50
48
44
42
00
10
10
20
ENDCHAR
STARTCHAR U0137
ENCODING 311
SWIDTH 500 0
DWIDTH 8 0
BBX 8 16 0 -4
BITMAP
00
00
40
40
40
42
44
48
70
48
44
42
00
10
10
20
ENDCHAR
STARTCHAR U0139
ENCODING 313
SWIDTH 500 0
DWIDTH 8 0
BBX 8 16 0 -4
BITMAP
20
40
00
40
40
40
40
40
40
40
40
7E
00
00
00
00
ENDCHAR
STARTCHAR U013A
ENCODING 314
SWIDTH 500 0
DWIDTH 8 0
BBX 8 16 0 -4
BITMAP
08
10
00
30
10
10
10
10
10
10
10
38
00
00
00
00
ENDCHAR
STARTCHAR U013B
ENCODING 315
SWIDTH 500 0
DWIDTH 8 0
BBX 8 16 0 -4
BITMAP
00
00
40
40
40
40
40
40
40
40
40
7E
00
10
10
20
ENDCHAR
STARTCHAR U013C
ENCODING 316
SWIDTH 500 0
DWIDTH 8 0
BBX 8 16 0 -4
BITMAP
00
00
30
10
10
10
10
10
10
10
10
38
00
10
10
20
ENDCHAR
STARTCHAR U013D
ENCODING 317
SWIDTH 500 0
DWIDTH 8 0
BBX 8 16 0 -4
BITMAP
24
18
40
40
40
40
40
40
40
40
40
7E
00
00
00
00
ENDCHAR
STARTCHAR U013E
ENCODING 318
SWIDTH 500 0
DWIDTH 8 0
BBX 8 16 0 -4
BITMAP
48
30
00
30
10
10
10
10
10
10
10
38
00
00
00
00
ENDCHAR
STARTCHAR U0141
ENCODING 321
SWIDTH 500 0
DWIDTH 8 0
BBX 8 16 0 -4
BITMAP
00
00
40
40
40
40
60
C0
40
40
40
7E
00
00
00
00
ENDCHAR
STARTCHAR U0142
ENCODING 322
SWIDTH 500 0
DWIDTH 8 0
BBX 8 16 0 -4
BITMAP
00
00
30
10
10
10
18
30
10
10
10
38
00
00
00
00
ENDCHAR
STARTCHAR U0143
ENCODING 323
SWIDTH 500 0
DWIDTH 8 0
BBX 8 16 0 -4
BITMAP
08
10
42
42
42
62
52
4A
46
42
42
42
00
00
00
00
ENDCHAR
STARTCHAR U0144
ENCODING 324
SWIDTH 500 0
DWIDTH 8 0
BBX 8 16 0 -4
BITMAP
00
00
08
10
00
7C
42
42
42
42
42
42
00
00
00
00
ENDCHAR
STARTCHAR U0145
ENCODING 325
SWIDTH 500 0
DWIDTH 8 0
BBX 8 16 0 -4
BITMAP
00
00
42
42
42
62
52
4A
46
42
42
42
00
10
10
20
ENDCHAR
STARTCHAR U0146
ENCODING 326
SWIDTH 500 0
DWIDTH 8 0
BBX 8 16 0 -4
BITMAP
00
00
00
00
00
7C
42
42
42
42
42
42
00
10
10
20
ENDCHAR
STARTCHAR U0147
ENCODING 327
SWIDTH 500 0
DWIDTH 8 0
BBX 8 16 0 -4
BITMAP
24
18
42
42
42
62
52
4A
46
42
42
42
00
00
00
00
ENDCHAR
STARTCHAR U0148
ENCODING 328
SWIDTH 500 0
DWIDTH 8 0
BBX 8 16 0 -4
BITMAP
00
00
24
18
00
7C
42
42
42
42
42
42
00
00
00
00
ENDCHAR
STARTCHAR U014C
ENCODING 332
SWIDTH 500 0
DWIDTH 8 0
BBX 8 16 0 -4
BITMAP
3C
00
3C
42
42
42
42
42
42
42
42
3C
00
00
00
00
ENDCHAR
STARTCHAR U014D
ENCODING 333
SWIDTH 500 0
DWIDTH 8 0
BBX 8 16 0 -4
BITMAP
00
00
00
3C
00
3C
42
42
42
42
42
3C
00
00
00
00
ENDCHAR
STARTCHAR U0150
ENCODING 336
SWIDTH 500 0
DWIDTH 8 0
BBX 8 16 0 -4
BITMAP
12
24
00
3C
42
42
42
42
42
42
42
3C
00
00
00
00
ENDCHAR
STARTCHAR U0151
ENCODING 337
SWIDTH 500 0
DWIDTH 8 0
BBX 8 16 0 -4
BITMAP
00
00
12
24
00
3C
42
42
42
42
42
3C
00
00
00
00
ENDCHAR
STARTCHAR U0152
ENCODING 338
SWIDTH 500 0
DWIDTH 8 0
BBX 8 16 0 -4
BITMAP
00
00
7E
90
90
90
9C
90
90
90
90
7E
00
00
00
00
ENDCHAR
STARTCHAR U0153
ENCODING 339
SWIDTH 500 0
DWIDTH 8 0
BBX 8 16 0 -4
BITMAP
00
00
00
00
00
7C
92
92
9E
90
90
7C
00
00
00
00
ENDCHAR
STARTCHAR U0154
ENCODING 340
SWIDTH 500 0
DWIDTH 8 0
BBX 8 16 0 -4
BITMAP
08
10
00
7C
42
42
42
7C
50
48
44
42
00
00
00
00
ENDCHAR
STARTCHAR U0155
ENCODING 341
SWIDTH 500 0
DWIDTH 8 0
BBX 8 16 0 -4
BITMAP
00
00
08
10
00
5E
60
40
40
40
40
40
00
00
00
00
ENDCHAR
STARTCHAR U0156
ENCODING 342
SWIDTH 500 0
DWIDTH 8 0
BBX 8 16 0 -4
BITMAP
00
00
7C
42
42
42
42
7C
50
48
44
42
00
10
10
20
ENDCHAR
STARTCHAR U0157
ENCODING 343
SWIDTH 500 0
DWIDTH 8 0
BBX 8 16 0 -4
BITMAP
00
00
00
00
00
5E
60
40
40
40
40
40
00
40
40
80
ENDCHAR
STARTCHAR U0158
ENCODING 344
SWIDTH 500 0
DWIDTH 8 0
BBX 8 16 0 -4
BITMAP
24
18
00
7C
42
42
42
7C
50
48
44
42
00
00
00
00
ENDCHAR
STARTCHAR U0159
ENCODING 345
SWIDTH 500 0
DWIDTH 8 0
BBX 8 16 0 -4
BITMAP
00
00
24
18
00
5E
60
40
40
40
40
40
00
00
00
00
ENDCHAR
STARTCHAR U015A
ENCODING 346
SWIDTH 500 0
DWIDTH 8 0
BBX 8 16 0 -4
BITMAP
08
10
00
3C
42
40
40
3C
02
02
42
3C
00
00
00
00
ENDCHAR
STARTCHAR U015B
ENCODING 347
SWIDTH 500 0
DWIDTH 8 0
BBX 8 16 0 -4
BITMAP
00
00
04
08
00
3E
40
40
3C
02
02
7C
00
00
00
00
ENDCHAR
STARTCHAR U015C
ENCODING 348
SWIDTH 500 0
DWIDTH 8 0
BBX 8 16 0 -4
BITMAP
18
24
00
3C
42
40
40
3C
02
02
42
3C
00
00
00
00
ENDCHAR
STARTCHAR U015D
ENCODING 349
SWIDTH 500 0
DWIDTH 8 0
BBX 8 16 0 -4
BITMAP
00
00
18
24
00
3E
40
40
3C
02
02
7C
00
00
00
00
ENDCHAR
STARTCHAR U015E
ENCODING 350
SWIDTH 500 0
DWIDTH 8 0
BBX 8 16 0 -4
BITMAP
00
00
3C
42
40
40
3C
02
02
42
42
3C
10
10
20
00
ENDCHAR
STARTCHAR U015F
ENCODING 351
SWIDTH 500 0
DWIDTH 8 0
BBX 8 16 0 -4
BITMAP
00
00
00
00
00
3E
40
40
3C
02
02
7C
10
10
20
00
ENDCHAR
STARTCHAR U0160
ENCODING 352
SWIDTH 500 0
DWIDTH 8 0
BBX 8 16 0 -4
BITMAP
24
18
00
3C
42
40
40
3C
02
02
42
3C
00
00
00
00
ENDCHAR
STARTCHAR U0161
ENCODING 353
SWIDTH 500 0
DWIDTH 8 0
BBX 8 16 0 -4
BITMAP
00
00
24
18
00
3E
40
40
3C
02
02
7C
00
00
00
00
ENDCHAR
STARTCHAR U0162
ENCODING 354
SWIDTH 500 0
DWIDTH 8 0
BBX 8 16 0 -4
BITMAP
00
00
FE
10
10
10
10
10
10
10
10
10
08
08
10
00
ENDCHAR
STARTCHAR U0163
ENCODING 355
SWIDTH 500 0
DWIDTH 8 0
BBX 8 16 0 -4
BITMAP
00
00
10
10
10
7C
10
10
10
10
10
0E
04
04
08
00
ENDCHAR
STARTCHAR U0164
ENCODING 356
SWIDTH 500 0
DWIDTH 8 0
BBX 8 16 0 -4
BITMAP
24
18
00
FE
10
10
10
10
10
10
10
10
00
00
00
00
ENDCHAR
STARTCHAR U0165
ENCODING 357
SWIDTH 500 0
DWIDTH 8 0
BBX 8 16 0 -4
BITMAP
24
18
00
10
10
7C
10
10
10
10
10
0E
00
00
00
00
ENDCHAR
STARTCHAR U016A
ENCODING 362
SWIDTH 500 0
DWIDTH 8 0
BBX 8 16 0 -4
BITMAP
3C
00
42
42
42
42
42
42
42
42
42
3C
00
00
00
00
ENDCHAR
STARTCHAR U016B
ENCODING 363
SWIDTH 500 0
DWIDTH 8 0
BBX 8 16 0 -4
BITMAP
00
00
00
3C
00
42
42
42
42
42
42
3E
00
00
00
00
ENDCHAR
STARTCHAR U016C
ENCODING 364
SWIDTH 500 0
DWIDTH 8 0
BBX 8 16 0 -4
BITMAP
24
18
42
42
42
42
42
42
42
42
42
3C
00
00
00
00
ENDCHAR
STARTCHAR U016D
ENCODING 365
SWIDTH 500 0
DWIDTH 8 0
BBX 8 16 0 -4
BITMAP
00
00
24
18
00
42
42
42
42
42
42
3E
00
00
00
00
ENDCHAR
STARTCHAR U016E
ENCODING 366
SWIDTH 500 0
DWIDTH 8 0
BBX 8 16 0 -4
BITMAP
18
24
18
42
42
42
42
42
42
42
42
3C
00
00
00
00
ENDCHAR
STARTCHAR U016F
ENCODING 367
SWIDTH 500 0
DWIDTH 8 0
BBX 8 16 0 -4
BITMAP
00
00
18
24
18
42
42
42
42
42
42
3E
00
00
00
00
ENDCHAR
STARTCHAR U0170
ENCODING 368
SWIDTH 500 0
DWIDTH 8 0
BBX 8 16 0 -4
BITMAP
12
24
00
42
42
42
42
42
42
42
42
3C
00
00
00
00
ENDCHAR
STARTCHAR U0171
ENCODING 369
SWIDTH 500 0
DWIDTH 8 0
BBX 8 16 0 -4
BITMAP
00
00
12
24
00
42
42
42
42
42
42
3E
00
00
00
00
ENDCHAR
STARTCHAR U0172
ENCODING 370
SWIDTH 500 0
DWIDTH 8 0
BBX 8 16 0 -4
BITMAP
00
00
42
42
42
42
42
42
42
42
42
3C
08
10
0C
00
ENDCHAR
STARTCHAR U0173
ENCODING 371
SWIDTH 500 0
DWIDTH 8 0
BBX 8 16 0 -4
BITMAP
00
00
00
00
00
42
42
42
42
42
42
3E
02
04
03
00
ENDCHAR
STARTCHAR U0174
ENCODING 372
SWIDTH 500 0
DWIDTH 8 0
BBX 8 16 0 -4
BITMAP
18
24
00
82
82
82
82
92
92
AA
C6
82
00
00
00
00
ENDCHAR
STARTCHAR U0175
ENCODING 373
SWIDTH 500 0
DWIDTH 8 0
BBX 8 16 0 -4
BITMAP
00
00
18
24
00
82
82
92
92
92
92
7C
00
00
00
00
ENDCHAR
STARTCHAR U0176
ENCODING 374
SWIDTH 500 0
DWIDTH 8 0
BBX 8 16 0 -4
BITMAP
18
24
00
82
82
44
44
28
10
10
10
10
00
00
00
00
ENDCHAR
STARTCHAR U0177
ENCODING 375
SWIDTH 500 0
DWIDTH 8 0
BBX 8 16 0 -4
BITMAP
00
00
18
24
00
42
42
42
42
42
42
3E
02
02
3C
00
ENDCHAR
STARTCHAR U0178
ENCODING 376
SWIDTH 500 0
DWIDTH 8 0
BBX 8 16 0 -4
BITMAP
44
44
00
82
82
44
44
28
10
10
10
10
00
00
00
00
ENDCHAR
STARTCHAR U0179
ENCODING 377
SWIDTH 500 0
DWIDTH 8 0
BBX 8 16 0 -4
BITMAP
08
10
00
7E
02
04
08
10
20
40
40
7E
00
00
00
00
ENDCHAR
STARTCHAR U017A
ENCODING 378
SWIDTH 500 0
DWIDTH 8 0
BBX 8 16 0 -4
BITMAP
00
00
08
10
00
7E
04
08
10
20
40
7E
00
00
00
00
ENDCHAR
STARTCHAR U017B
ENCODING 379
SWIDTH 500 0
DWIDTH 8 0
BBX 8 16 0 -4
BITMAP
10
10
00
7E
02
04
08
10
20
40
40
7E
00
00
00
00
ENDCHAR
STARTCHAR U017C
ENCODING 380
SWIDTH 500 0
DWIDTH 8 0
BBX 8 16 0 -4
BITMAP
00
00
10
10
00
7E
04
08
10
20
40
7E
00
00
00
00
ENDCHAR
STARTCHAR U017D
ENCODING 381
SWIDTH 500 0
DWIDTH 8 0
BBX 8 16 0 -4
BITMAP
24
18
00
7E
02
04
08
10
20
40
40
7E
00
00
00
00
ENDCHAR
STARTCHAR U017E
ENCODING 382
SWIDTH 500 0
DWIDTH 8 0
BBX 8 16 0 -4
BITMAP
00
00
24
18
00
7E
04
08
10
20
40
7E
00
00
00
00
ENDCHAR
STARTCHAR U0192
ENCODING 402
SWIDTH 500 0
DWIDTH 8 0
BBX 8 16 0 -4
BITMAP
00
00
0C
12
10
10
7C
10
10
10
10
10
10
90
60
00
ENDCHAR
STARTCHAR U0218
ENCODING 536
SWIDTH 500 0
DWIDTH 8 0
BBX 8 16 0 -4
BITMAP
00
00
3C
42
40
40
3C
02
02
42
42
3C
00
10
10
20
ENDCHAR
STARTCHAR U0219
ENCODING 537
SWIDTH 500 0
DWIDTH 8 0
BBX 8 16 0 -4
BITMAP
00
00
00
00
00
3E
40
40
3C
02
02
7C
00
10
10
20
ENDCHAR
STARTCHAR U021A
ENCODING 538
SWIDTH 500 0
DWIDTH 8 0
BBX 8 16 0 -4
BITMAP
00
00
FE
10
10
10
10
10
10
10
10
10
00
10
10
20
ENDCHAR
STARTCHAR U021B
ENCODING 539
SWIDTH 500 0
DWIDTH 8 0
BBX 8 16 0 -4
BITMAP
00
00
10
10
10
7C
10
10
10
10
10
0E
00
04
04
08
ENDCHAR
STARTCHAR U02C6
ENCODING 710
SWIDTH 500 0
DWIDTH 8 0
BBX 8 16 0 -4
BITMAP
18
24
00
00
00
00
00
00
00
00
00
00
00
00
00
00
ENDCHAR
STARTCHAR U02C7
ENCODING 711
SWIDTH 500 0
DWIDTH 8 0
BBX 8 16 0 -4
BITMAP
24
18
00
00
00
00
00
00
00
00
00
00
00
00
00
00
ENDCHAR
STARTCHAR U02C9
ENCODING 713
SWIDTH 500 0
DWIDTH 8 0
BBX 8 16 0 -4
BITMAP
3C
00
00
00
00
00
00
00
00
00
00
00
00
00
00
00
ENDCHAR
STARTCHAR U02D8
ENCODING 728
SWIDTH 500 0
DWIDTH 8 0
BBX 8 16 0 -4
BITMAP
24
18
00
00
00
00
00
00
00
00
00
00
00
00
00
00
ENDCHAR
STARTCHAR U02D9
ENCODING 729
SWIDTH 500 0
DWIDTH 8 0
BBX 8 16 0 -4
BITMAP
10
10
00
00
00
00
00
00
00
00
00
00
00
00
00
00
ENDCHAR
STARTCHAR U02DB
ENCODING 731
SWIDTH 500 0
DWIDTH 8 0
BBX 8 16 0 -4
BITMAP
00
00
00
00
00
00
00
00
00
00
00
00
08
10
0C
00
ENDCHAR
STARTCHAR U02DC
ENCODING 732
SWIDTH 500 0
DWIDTH 8 0
BBX 8 16 0 -4
BITMAP
32
4C
00
00
00
00
00
00
00
00
00
00
00
00
00
00
ENDCHAR
STARTCHAR U02DD
ENCODING 733
SWIDTH 500 0
DWIDTH 8 0
BBX 8 16 0 -4
BITMAP
12
24
00
00
00
00
00
00
00
00
00
00
00
00
00
00
ENDCHAR
STARTCHAR U0384
ENCODING 900
SWIDTH 500 0
DWIDTH 8 0
BBX 8 16 0 -4
BITMAP
40
80
00
00
00
00
00
00
00
00
00
00
00
00
00
00
ENDCHAR
STARTCHAR U0385
ENCODING 901
SWIDTH 500 0
DWIDTH 8 0
BBX 8 16 0 -4
BITMAP
08
10
00
24
00
00
00
00
00
00
00
00
00
00
00
00
ENDCHAR
STARTCHAR U0386
ENCODING 902
SWIDTH 500 0
DWIDTH 8 0
BBX 8 16 0 -4
BITMAP
40
80
3C
42
42
42
42
7E
42
42
42
42
00
00
00
00
ENDCHAR
STARTCHAR U0388
ENCODING 904
SWIDTH 500 0
DWIDTH 8 0
BBX 8 16 0 -4
BITMAP
40
80
7E
40
40
40
78
40
40
40
40
7E
00
00
00
00
ENDCHAR
STARTCHAR U0389
ENCODING 905
SWIDTH 500 0
DWIDTH 8 0
BBX 8 16 0 -4
BITMAP
40
80
42
42
42
42
7E
42
42
42
42
42
00
00
00
00
ENDCHAR
STARTCHAR U038A
ENCODING 906
SWIDTH 500 0
DWIDTH 8 0
BBX 8 16 0 -4
BITMAP
40
80
38
10
10
10
10
10
10
10
10
38
00
00
00
00
ENDCHAR
STARTCHAR U038C
ENCODING 908
SWIDTH 500 0
DWIDTH 8 0
BBX 8 16 0 -4
BITMAP
40
80
3C
42
42
42
42
42
42
42
42
3C
00
00
00
00
ENDCHAR
STARTCHAR U038E
ENCODING 910
SWIDTH 500 0
DWIDTH 8 0
BBX 8 16 0 -4
BITMAP
40
80
00
82
82
44
44
28
10
10
10
10
00
00
00
00
ENDCHAR
STARTCHAR U038F
ENCODING 911
SWIDTH 500 0
DWIDTH 8 0
BBX 8 16 0 -4
BITMAP
40
80
3C
42
42
42
42
42
42
24
24
66
00
00
00
00
ENDCHAR
STARTCHAR U0390
ENCODING 912
SWIDTH 500 0
DWIDTH 8 0
BBX 8 16 0 -4
BITMAP
08
10
48
48
00
30
10
10
10
10
10
0C
00
00
00
00
ENDCHAR
STARTCHAR U0391
ENCODING 913
SWIDTH 500 0
DWIDTH 8 0
BBX 8 16 0 -4
BITMAP
00
00
3C
42
42
42
42
7E
42
42
42
42
00
00
00
00
ENDCHAR
STARTCHAR U0392
ENCODING 914
SWIDTH 500 0
DWIDTH 8 0
BBX 8 16 0 -4
BITMAP
00
00
7C
42
42
42
7C
42
42
42
42
7C
00
00
00
00
ENDCHAR
STARTCHAR U0393
ENCODING 915
SWIDTH 500 0
DWIDTH 8 0
BBX 8 16 0 -4
BITMAP
00
00
7E
40
40
40
40
40
40
40
40
40
00
00
00
00
ENDCHAR
STARTCHAR U0394
ENCODING 916
SWIDTH 500 0
DWIDTH 8 0
BBX 8 16 0 -4
BITMAP
00
00
10
10
28
28
44
44
44
82
82
FE
00
00
00
00
ENDCHAR
STARTCHAR U0395
ENCODING 917
SWIDTH 500 0
DWIDTH 8 0
BBX 8 16 0 -4
BITMAP
00
00
7E
40
40
40
78
40
40
40
40
7E
00
00
00
00
ENDCHAR
STARTCHAR U0396
ENCODING 918
SWIDTH 500 0
DWIDTH 8 0
BBX 8 16 0 -4
BITMAP
00
00
7E
02
02
04
08
10
20
40
40
7E
00
00
00
00
ENDCHAR
STARTCHAR U0397
ENCODING 919
SWIDTH 500 0
DWIDTH 8 0
BBX 8 16 0 -4
BITMAP
00
00
42
42
42
42
7E
42
42
42
42
42
00
00
00
00
ENDCHAR
STARTCHAR U0398
ENCODING 920
SWIDTH 500 0
DWIDTH 8 0
BBX 8 16 0 -4
BITMAP
00
00
3C
42
42
42
5A
42
42
42
42
3C
00
00
00
00
ENDCHAR
STARTCHAR U0399
ENCODING 921
SWIDTH 500 0
DWIDTH 8 0
BBX 8 16 0 -4
BITMAP
00
00
38
10
10
10
10
10
10
10
10
38
00
00
00
00
ENDCHAR
STARTCHAR U039A
ENCODING 922
SWIDTH 500 0
DWIDTH 8 0
BBX 8 16 0 -4
BITMAP
00
00
42
44
48
50
60
60
50
48
44
42
00
00
00
00
ENDCHAR
STARTCHAR U039B
ENCODING 923
SWIDTH 500 0
DWIDTH 8 0
BBX 8 16 0 -4
BITMAP
00
00
10
10
28
28
44
44
44
82
82
82
00
00
00
00
ENDCHAR
STARTCHAR U039C
ENCODING 924
SWIDTH 500 0
DWIDTH 8 0
BBX 8 16 0 -4
BITMAP
00
00
82
C6
AA
92
92
82
82
82
82
82
00
00
00
00
ENDCHAR
STARTCHAR U039D
ENCODING 925
SWIDTH 500 0
DWIDTH 8 0
BBX 8 16 0 -4
BITMAP
00
00
42
42
42
62
52
4A
46
42
42
42
00
00
00
00
ENDCHAR
STARTCHAR U039E
ENCODING 926
SWIDTH 500 0
DWIDTH 8 0
BBX 8 16 0 -4
BITMAP
00
00
7E
00
00
00
3C
00
00
00
00
7E
00
00
00
00
ENDCHAR
STARTCHAR U039F
ENCODING 927
SWIDTH 500 0
DWIDTH 8 0
BBX 8 16 0 -4
BITMAP
00
00
3C
42
42
42
42
42
42
42
42
3C
00
00
00
00
ENDCHAR
STARTCHAR U03A0
ENCODING 928
SWIDTH 500 0
DWIDTH 8 0
BBX 8 16 0 -4
BITMAP
00
00
7E
42
42
42
42
42
42
42
42
42
00
00
00
00
ENDCHAR
STARTCHAR U03A1
ENCODING 929
SWIDTH 500 0
DWIDTH 8 0
BBX 8 16 0 -4
BITMAP
00
00
7C
42
42
42
42
7C
40
40
40
40
00
00
00
00
ENDCHAR
STARTCHAR U03A3
ENCODING 931
SWIDTH 500 0
DWIDTH 8 0
BBX 8 16 0 -4
BITMAP
00
00
7E
40
20
10
08
08
10
20
40
7E
00
00
00
00
ENDCHAR
STARTCHAR U03A4
ENCODING 932
SWIDTH 500 0
DWIDTH 8 0
BBX 8 16 0 -4
BITMAP
00
00
FE
10
10
10
10
10
10
10
10
10
00
00
00
00
ENDCHAR
STARTCHAR U03A5
ENCODING 933
SWIDTH 500 0
DWIDTH 8 0
BBX 8 16 0 -4
BITMAP
00
00
82
82
44
44
28
10
10
10
10
10
00
00
00
00
ENDCHAR
STARTCHAR U03A6
ENCODING 934
SWIDTH 500 0
DWIDTH 8 0
BBX 8 16 0 -4
BITMAP
00
00
10
7C
92
92
92
92
92
92
7C
10
00
00
00
00
ENDCHAR
STARTCHAR U03A7
ENCODING 935
SWIDTH 500 0
DWIDTH 8 0
BBX 8 16 0 -4
BITMAP
00
00
42
42
24
24
18
18
24
24
42
42
00
00
00
00
ENDCHAR
STARTCHAR U03A8
ENCODING 936
SWIDTH 500 0
DWIDTH 8 0
BBX 8 16 0 -4
BITMAP
00
00
92
92
92
92
92
92
92
7C
10
10
00
00
00
00
ENDCHAR
STARTCHAR U03A9
ENCODING 937
SWIDTH 500 0
DWIDTH 8 0
BBX 8 16 0 -4
BITMAP
00
00
3C
42
42
42
42
42
42
24
24
66
00
00
00
00
ENDCHAR
STARTCHAR U03AA
ENCODING 938
SWIDTH 500 0
DWIDTH 8 0
BBX 8 16 0 -4
BITMAP
44
44
00
38
10
10
10
10
10
10
10
38
00
00
00
00
ENDCHAR
STARTCHAR U03AB
ENCODING 939
SWIDTH 500 0
DWIDTH 8 0
BBX 8 16 0 -4
BITMAP
44
44
00
82
82
44
44
28
10
10
10
10
00
00
00
00
ENDCHAR
STARTCHAR U03AC
ENCODING 940
SWIDTH 500 0
DWIDTH 8 0
BBX 8 16 0 -4
BITMAP
00
00
08
10
00
3A
46
44
44
44
46
3A
00
00
00
00
ENDCHAR
STARTCHAR U03AD
ENCODING 941
SWIDTH 500 0
DWIDTH 8 0
BBX 8 16 0 -4
BITMAP
00
00
08
10
00
3C
42
40
38
40
42
3C
00
00
00
00
ENDCHAR
STARTCHAR U03AE
ENCODING 942
SWIDTH 500 0
DWIDTH 8 0
BBX 8 16 0 -4
BITMAP
00
00
08
10
00
7C
42
42
42
42
42
42
02
02
02
00
ENDCHAR
STARTCHAR U03AF
ENCODING 943
SWIDTH 500 0
DWIDTH 8 0
BBX 8 16 0 -4
BITMAP
00
00
08
10
00
30
10
10
10
10
10
0C
00
00
00
00
ENDCHAR
STARTCHAR U03B0
ENCODING 944
SWIDTH 500 0
DWIDTH 8 0
BBX 8 16 0 -4
BITMAP
08
10
00
24
00
42
42
42
42
42
42
3C
00
00
00
00
ENDCHAR
STARTCHAR U03B1
ENCODING 945
SWIDTH 500 0
DWIDTH 8 0
BBX 8 16 0 -4
BITMAP
00
00
00
00
00
3A
46
44
44
44
46
3A
00
00
00
00
ENDCHAR
STARTCHAR U03B2
ENCODING 946
SWIDTH 500 0
DWIDTH 8 0
BBX 8 16 0 -4
BITMAP
00
00
38
44
44
48
7C
42
42
42
42
7C
40
40
40
00
ENDCHAR
STARTCHAR U03B3
ENCODING 947
SWIDTH 500 0
DWIDTH 8 0
BBX 8 16 0 -4
BITMAP
00
00
00
00
00
82
82
44
44
28
28
10
10
10
10
00
ENDCHAR
STARTCHAR U03B4
ENCODING 948
SWIDTH 500 0
DWIDTH 8 0
BBX 8 16 0 -4
BITMAP
00
00
3E
10
08
3C
42
42
42
42
42
3C
00
00
00
00
ENDCHAR
STARTCHAR U03B5
ENCODING 949
SWIDTH 500 0
DWIDTH 8 0
BBX 8 16 0 -4
BITMAP
00
00
00
00
00
3C
42
40
38
40
42
3C
00
00
00
00
ENDCHAR
STARTCHAR U03B6
ENCODING 950
SWIDTH 500 0
DWIDTH 8 0
BBX 8 16 0 -4
BITMAP
00
00
7E
04
08
10
20
40
40
40
40
3C
02
02
04
00
ENDCHAR
STARTCHAR U03B7
ENCODING 951
SWIDTH 500 0
DWIDTH 8 0
BBX 8 16 0 -4
BITMAP
00
00
00
00
00
7C
42
42
42
42
42
42
02
02
02
00
ENDCHAR
STARTCHAR U03B8
ENCODING 952
SWIDTH 500 0
DWIDTH 8 0
BBX 8 16 0 -4
BITMAP
00
00
38
44
44
44
7C
44
44
44
44
38
00
00
00
00
ENDCHAR
STARTCHAR U03B9
ENCODING 953
SWIDTH 500 0
DWIDTH 8 0
BBX 8 16 0 -4
BITMAP
00
00
00
00
00
30
10
10
10
10
10
0C
00
00
00
00
ENDCHAR
STARTCHAR U03BA
ENCODING 954
SWIDTH 500 0
DWIDTH 8 0
BBX 8 16 0 -4
BITMAP
00
00
00
00
00
42
44
48
70
48
44
42
00
00
00
00
ENDCHAR
STARTCHAR U03BB
ENCODING 955
SWIDTH 500 0
DWIDTH 8 0
BBX 8 16 0 -4
BITMAP
00
00
20
20
10
10
28
28
44
44
82
82
00
00
00
00
ENDCHAR
STARTCHAR U03BC
ENCODING 956
SWIDTH 500 0
DWIDTH 8 0
BBX 8 16 0 -4
BITMAP
00
00
00
00
00
42
42
42
42
42
46
7A
40
40
40
00
ENDCHAR
STARTCHAR U03BD
ENCODING 957
SWIDTH 500 0
DWIDTH 8 0
BBX 8 16 0 -4
BITMAP
00
00
00
00
00
42
42
42
24
24
18
18
00
00
00
00
ENDCHAR
STARTCHAR U03BE
ENCODING 958
SWIDTH 500 0
DWIDTH 8 0
BBX 8 16 0 -4
BITMAP
00
00
3E
40
40
40
3C
40
40
40
40
3C
02
02
04
00
ENDCHAR
STARTCHAR U03BF
ENCODING 959
SWIDTH 500 0
DWIDTH 8 0
BBX 8 16 0 -4
BITMAP
00
00
00
00
00
3C
42
42
42
42
42
3C
00
00
00
00
ENDCHAR
STARTCHAR U03C0
ENCODING 960
SWIDTH 500 0
DWIDTH 8 0
BBX 8 16 0 -4
BITMAP
00
00
00
00
00
7E
42
42
42
42
42
42
00
00
00
00
ENDCHAR
STARTCHAR U03C1
ENCODING 961
SWIDTH 500 0
DWIDTH 8 0
BBX 8 16 0 -4
BITMAP
00
00
00
00
00
3C
42
42
42
42
42
7C
40
40
40
00
ENDCHAR
STARTCHAR U03C2
ENCODING 962
SWIDTH 500 0
DWIDTH 8 0
BBX 8 16 0 -4
BITMAP
00
00
00
00
00
3C
42
40
40
40
40
3C
02
02
04
00
ENDCHAR
STARTCHAR U03C3
ENCODING 963
SWIDTH 500 0
DWIDTH 8 0
BBX 8 16 0 -4
BITMAP
00
00
00
00
00
3E
44
44
44
44
44
38
00
00
00
00
ENDCHAR
STARTCHAR U03C4
ENCODING 964
SWIDTH 500 0
DWIDTH 8 0
BBX 8 16 0 -4
BITMAP
00
00
00
00
00
FE
10
10
10
10
10
0C
00
00
00
00
ENDCHAR
STARTCHAR U03C5
ENCODING 965
SWIDTH 500 0
DWIDTH 8 0
BBX 8 16 0 -4
BITMAP
00
00
00
00
00
42
42
42
42
42
42
3C
00
00
00
00
ENDCHAR
STARTCHAR U03C6
ENCODING 966
SWIDTH 500 0
DWIDTH 8 0
BBX 8 16 0 -4
BITMAP
00
00
00
00
00
4C
92
92
92
92
92
7C
10
10
10
00
ENDCHAR
STARTCHAR U03C7
ENCODING 967
SWIDTH 500 0
DWIDTH 8 0
BBX 8 16 0 -4
BITMAP
00
00
00
00
00
42
42
24
24
18
18
24
24
42
42
00
ENDCHAR
STARTCHAR U03C8
ENCODING 968
SWIDTH 500 0
DWIDTH 8 0
BBX 8 16 0 -4
BITMAP
00
00
00
00
00
92
92
92
92
92
92
7C
10
10
10
00
ENDCHAR
STARTCHAR U03C9
ENCODING 969
SWIDTH 500 0
DWIDTH 8 0
BBX 8 16 0 -4
BITMAP
00
00
00
00
00
44
82
92
92
92
92
6C
00
00
00
00
ENDCHAR
STARTCHAR U03CA
ENCODING 970
SWIDTH 500 0
DWIDTH 8 0
BBX 8 16 0 -4
BITMAP
00
00
48
48
00
30
10
10
10
10
10
0C
00
00
00
00
ENDCHAR
STARTCHAR U03CB
ENCODING 971
SWIDTH 500 0
DWIDTH 8 0
BBX 8 16 0 -4
BITMAP
00
00
24
24
00
42
42
42
42
42
42
3C
00
00
00
00
ENDCHAR
STARTCHAR U03CC
ENCODING 972
SWIDTH 500 0
DWIDTH 8 0
BBX 8 16 0 -4
BITMAP
00
00
08
10
00
3C
42
42
42
42
42
3C
00
00
00
00
ENDCHAR
STARTCHAR U03CD
ENCODING 973
SWIDTH 500 0
DWIDTH 8 0
BBX 8 16 0 -4
BITMAP
00
00
08
10
00
42
42
42
42
42
42
3C
00
00
00
00
ENDCHAR
STARTCHAR U03CE
ENCODING 974
SWIDTH 500 0
DWIDTH 8 0
BBX 8 16 0 -4
BITMAP
00
00
08
10
00
44
82
92
92
92
92
6C
00
00
00
00
ENDCHAR
STARTCHAR U03F3
ENCODING 1011
SWIDTH 500 0
DWIDTH 8 0
BBX 8 16 0 -4
BITMAP
00
00
04
04
00
0C
04
04
04
04
04
04
44
44
38
00
ENDCHAR
STARTCHAR U03F4
ENCODING 1012
SWIDTH 500 0
DWIDTH 8 0
BBX 8 16 0 -4
BITMAP
00
00
3C
42
42
42
7E
42
42
42
42
3C
00
00
00
00
ENDCHAR
STARTCHAR U0400
ENCODING 1024
SWIDTH 500 0
DWIDTH 8 0
BBX 8 16 0 -4
BITMAP
10
08
00
7E
40
40
40
78
40
40
40
7E
00
00
00
00
ENDCHAR
STARTCHAR U0401
ENCODING 1025
SWIDTH 500 0
DWIDTH 8 0
BBX 8 16 0 -4
BITMAP
24
24
00
7E
40
40
40
78
40
40
40
7E
00
00
00
00
ENDCHAR
STARTCHAR U0402
ENCODING 1026
SWIDTH 500 0
DWIDTH 8 0
BBX 8 16 0 -4
BITMAP
00
00
F8
20
20
3C
22
22
22
22
22
24
00
00
00
00
ENDCHAR
STARTCHAR U0403
ENCODING 1027
SWIDTH 500 0
DWIDTH 8 0
BBX 8 16 0 -4
BITMAP
08
10
00
7E
40
40
40
40
40
40
40
40
00
00
00
00
ENDCHAR
STARTCHAR U0404
ENCODING 1028
SWIDTH 500 0
DWIDTH 8 0
BBX 8 16 0 -4
BITMAP
00
00
3C
42
40
40
78
40
40
40
42
3C
00
00
00
00
ENDCHAR
STARTCHAR U0405
ENCODING 1029
SWIDTH 500 0
DWIDTH 8 0
BBX 8 16 0 -4
BITMAP
00
00
3C
42
40
40
3C
02
02
42
42
3C
00
00
00
00
ENDCHAR
STARTCHAR U0406
ENCODING 1030
SWIDTH 500 0
DWIDTH 8 0
BBX 8 16 0 -4
BITMAP
00
00
38
10
10
10
10
10
10
10
10
38
00
00
00
00
ENDCHAR
STARTCHAR U0407
ENCODING 1031
SWIDTH 500 0
DWIDTH 8 0
BBX 8 16 0 -4
BITMAP
44
44
00
38
10
10
10
10
10
10
10
38
00
00
00
00
ENDCHAR
STARTCHAR U0408
ENCODING 1032
SWIDTH 500 0
DWIDTH 8 0
BBX 8 16 0 -4
BITMAP
00
00
0E
04
04
04
04
04
04
44
44
38
00
00
00
00
ENDCHAR
STARTCHAR U0409
ENCODING 1033
SWIDTH 500 0
DWIDTH 8 0
BBX 8 16 0 -4
BITMAP
00
00
30
50
90
9C
92
92
92
92
92
9C
00
00
00
00
ENDCHAR
STARTCHAR U040A
ENCODING 1034
SWIDTH 500 0
DWIDTH 8 0
BBX 8 16 0 -4
BITMAP
00
00
90
90
90
9C
F2
92
92
92
92
9C
00
00
00
00
ENDCHAR
STARTCHAR U040B
ENCODING 1035
SWIDTH 500 0
DWIDTH 8 0
BBX 8 16 0 -4
BITMAP
00
00
F8
20
20
3C
22
22
22
22
22
22
00
00
00
00
ENDCHAR
STARTCHAR U040C
ENCODING 1036
SWIDTH 500 0
DWIDTH 8 0
BBX 8 16 0 -4
BITMAP
08
10
42
44
48
50
60
60
50
48
44
42
00
00
00
00
ENDCHAR
STARTCHAR U040D
ENCODING 1037
SWIDTH 500 0
DWIDTH 8 0
BBX 8 16 0 -4
BITMAP
10
08
42
42
42
46
4A
52
62
42
42
42
00
00
00
00
ENDCHAR
STARTCHAR U040E
ENCODING 1038
SWIDTH 500 0
DWIDTH 8 0
BBX 8 16 0 -4
BITMAP
24
18
42
42
42
42
42
3E
02
02
02
3C
00
00
00
00
ENDCHAR
STARTCHAR U040F
ENCODING 1039
SWIDTH 500 0
DWIDTH 8 0
BBX 8 16 0 -4
BITMAP
00
00
42
42
42
42
42
42
42
42
42
7E
18
18
00
00
ENDCHAR
STARTCHAR U0410
ENCODING 1040
SWIDTH 500 0
DWIDTH 8 0
BBX 8 16 0 -4
BITMAP
00
00
3C
42
42
42
42
7E
42
42
42
42
00
00
00
00
ENDCHAR
STARTCHAR U0411
ENCODING 1041
SWIDTH 500 0
DWIDTH 8 0
BBX 8 16 0 -4
BITMAP
00
00
7C
40
40
7C
42
42
42
42
42
7C
00
00
00
00
ENDCHAR
STARTCHAR U0412
ENCODING 1042
SWIDTH 500 0
DWIDTH 8 0
BBX 8 16 0 -4
BITMAP
00
00
7C
42
42
42
7C
42
42
42
42
7C
00
00
00
00
ENDCHAR
STARTCHAR U0413
ENCODING 1043
SWIDTH 500 0
DWIDTH 8 0
BBX 8 16 0 -4
BITMAP
00
00
7E
40
40
40
40
40
40
40
40
40
00
00
00
00
ENDCHAR
STARTCHAR U0414
ENCODING 1044
SWIDTH 500 0
DWIDTH 8 0
BBX 8 16 0 -4
BITMAP
00
00
3C
44
44
44
44
44
44
44
44
FE
82
00
00
00
ENDCHAR
STARTCHAR U0415
ENCODING 1045
SWIDTH 500 0
DWIDTH 8 0
BBX 8 16 0 -4
BITMAP
00
00
7E
40
40
40
78
40
40
40
40
7E
00
00
00
00
ENDCHAR
STARTCHAR U0416
ENCODING 1046
SWIDTH 500 0
DWIDTH 8 0
BBX 8 16 0 -4
BITMAP
00
00
92
92
92
54
38
54
92
92
92
92
00
00
00
00
ENDCHAR
STARTCHAR U0417
ENCODING 1047
SWIDTH 500 0
DWIDTH 8 0
BBX 8 16 0 -4
BITMAP
00
00
3C
42
42
02
1C
02
02
42
42
3C
00
00
00
00
ENDCHAR
STARTCHAR U0418
ENCODING 1048
SWIDTH 500 0
DWIDTH 8 0
BBX 8 16 0 -4
BITMAP
00
00
42
42
42
46
4A
52
62
42
42
42
00
00
00
00
ENDCHAR
STARTCHAR U0419
ENCODING 1049
SWIDTH 500 0
DWIDTH 8 0
BBX 8 16 0 -4
BITMAP
24
18
42
42
42
46
4A
52
62
42
42
42
00
00
00
00
ENDCHAR
STARTCHAR U041A
ENCODING 1050
SWIDTH 500 0
DWIDTH 8 0
BBX 8 16 0 -4
BITMAP
00
00
42
44
48
50
60
60
50
48
44
42
00
00
00
00
ENDCHAR
STARTCHAR U041B
ENCODING 1051
SWIDTH 500 0
DWIDTH 8 0
BBX 8 16 0 -4
BITMAP
00
00
0E
12
22
22
22
22
22
22
22
42
00
00
00
00
ENDCHAR
STARTCHAR U041C
ENCODING 1052
SWIDTH 500 0
DWIDTH 8 0
BBX 8 16 0 -4
BITMAP
00
00
82
C6
AA
92
92
82
82
82
82
82
00
00
00
00
ENDCHAR
STARTCHAR U041D
ENCODING 1053
SWIDTH 500 0
DWIDTH 8 0
BBX 8 16 0 -4
BITMAP
00
00
42
42
42
42
7E
42
42
42
42
42
00
00
00
00
ENDCHAR
STARTCHAR U041E
ENCODING 1054
SWIDTH 500 0
DWIDTH 8 0
BBX 8 16 0 -4
BITMAP
00
00
3C
42
42
42
42
42
42
42
42
3C
00
00
00
00
ENDCHAR
STARTCHAR U041F
ENCODING 1055
SWIDTH 500 0
DWIDTH 8 0
BBX 8 16 0 -4
BITMAP
00
00
7E
42
42
42
42
42
42
42
42
42
00
00
00
00
ENDCHAR
STARTCHAR U0420
ENCODING 1056
SWIDTH 500 0
DWIDTH 8 0
BBX 8 16 0 -4
BITMAP
00
00
7C
42
42
42
42
7C
40
40
40
40
00
00
00
00
ENDCHAR
STARTCHAR U0421
ENCODING 1057
SWIDTH 500 0
DWIDTH 8 0
BBX 8 16 0 -4
BITMAP
00
00
3C
42
42
40
40
40
40
42
42
3C
00
00
00
00
ENDCHAR
STARTCHAR U0422
ENCODING 1058
SWIDTH 500 0
DWIDTH 8 0
BBX 8 16 0 -4
BITMAP
00
00
FE
10
10
10
10
10
10
10
10
10
00
00
00
00
ENDCHAR
STARTCHAR U0423
ENCODING 1059
SWIDTH 500 0
DWIDTH 8 0
BBX 8 16 0 -4
BITMAP
00
00
42
42
42
42
42
3E
02
02
02
3C
00
00
00
00
ENDCHAR
STARTCHAR U0424
ENCODING 1060
SWIDTH 500 0
DWIDTH 8 0
BBX 8 16 0 -4
BITMAP
00
00
10
7C
92
92
92
92
92
92
7C
10
00
00
00
00
ENDCHAR
STARTCHAR U0425
ENCODING 1061
SWIDTH 500 0
DWIDTH 8 0
BBX 8 16 0 -4
BITMAP
00
00
42
42
24
24
18
18
24
24
42
42
00
00
00
00
ENDCHAR
STARTCHAR U0426
ENCODING 1062
SWIDTH 500 0
DWIDTH 8 0
BBX 8 16 0 -4
BITMAP
00
00
42
42
42
42
42
42
42
42
42
3F
01
01
00
00
ENDCHAR
STARTCHAR U0427
ENCODING 1063
SWIDTH 500 0
DWIDTH 8 0
BBX 8 16 0 -4
BITMAP
00
00
42
42
42
42
42
3E
02
02
02
02
00
00
00
00
ENDCHAR
STARTCHAR U0428
ENCODING 1064
SWIDTH 500 0
DWIDTH 8 0
BBX 8 16 0 -4
BITMAP
00
00
92
92
92
92
92
92
92
92
92
7E
00
00
00
00
ENDCHAR
STARTCHAR U0429
ENCODING 1065
SWIDTH 500 0
DWIDTH 8 0
BBX 8 16 0 -4
BITMAP
00
00
92
92
92
92
92
92
92
92
92
7F
01
01
00
00
ENDCHAR
STARTCHAR U042A
ENCODING 1066
SWIDTH 500 0
DWIDTH 8 0
BBX 8 16 0 -4
BITMAP
00
00
C0
40
40
7C
42
42
42
42
42
7C
00
00
00
00
ENDCHAR
STARTCHAR U042B
ENCODING 1067
SWIDTH 500 0
DWIDTH 8 0
BBX 8 16 0 -4
BITMAP
00
00
82
82
82
F2
8A
8A
8A
8A
8A
F2
00
00
00
00
ENDCHAR
STARTCHAR U042C
ENCODING 1068
SWIDTH 500 0
DWIDTH 8 0
BBX 8 16 0 -4
BITMAP
00
00
40
40
40
7C
42
42
42
42
42
7C
00
00
00
00
ENDCHAR
STARTCHAR U042D
ENCODING 1069
SWIDTH 500 0
DWIDTH 8 0
BBX 8 16 0 -4
BITMAP
00
00
3C
42
02
02
1E
02
02
02
42
3C
00
00
00
00
ENDCHAR
STARTCHAR U042E
ENCODING 1070
SWIDTH 500 0
DWIDTH 8 0
BBX 8 16 0 -4
BITMAP
00
00
8C
92
92
92
92
F2
92
92
92
8C
00
00
00
00
ENDCHAR
STARTCHAR U042F
ENCODING 1071
SWIDTH 500 0
DWIDTH 8 0
BBX 8 16 0 -4
BITMAP
00
00
3E
42
42
42
42
3E
0A
12
22
42
00
00
00
00
ENDCHAR
STARTCHAR U0430
ENCODING 1072
SWIDTH 500 0
DWIDTH 8 0
BBX 8 16 0 -4
BITMAP
00
00
00
00
00
3C
02
3E
42
42
42
3E
00
00
00
00
ENDCHAR
STARTCHAR U0431
ENCODING 1073
SWIDTH 500 0
DWIDTH 8 0
BBX 8 16 0 -4
BITMAP
00
00
3C
40
40
7C
42
42
42
42
42
7C
00
00
00
00
ENDCHAR
STARTCHAR U0432
ENCODING 1074
SWIDTH 500 0
DWIDTH 8 0
BBX 8 16 0 -4
BITMAP
00
00
00
00
00
7C
42
42
7C
42
42
7C
00
00
00
00
ENDCHAR
STARTCHAR U0433
ENCODING 1075
SWIDTH 500 0
DWIDTH 8 0
BBX 8 16 0 -4
BITMAP
00
00
00
00
00
7E
40
40
40
40
40
40
00
00
00
00
ENDCHAR
STARTCHAR U0434
ENCODING 1076
SWIDTH 500 0
DWIDTH 8 0
BBX 8 16 0 -4
BITMAP
00
00
00
00
00
3C
44
44
44
44
44
FE
82
00
00
00
ENDCHAR
STARTCHAR U0435
ENCODING 1077
SWIDTH 500 0
DWIDTH 8 0
BBX 8 16 0 -4
BITMAP
00
00
00
00
00
3C
42
42
7E
40
40
3C
00
00
00
00
ENDCHAR
STARTCHAR U0436
ENCODING 1078
SWIDTH 500 0
DWIDTH 8 0
BBX 8 16 0 -4
BITMAP
00
00
00
00
00
92
92
54
38
54
92
92
00
00
00
00
ENDCHAR
STARTCHAR U0437
ENCODING 1079
SWIDTH 500 0
DWIDTH 8 0
BBX 8 16 0 -4
BITMAP
00
00
00
00
00
3C
42
02
1C
02
42
3C
00
00
00
00
ENDCHAR
STARTCHAR U0438
ENCODING 1080
SWIDTH 500 0
DWIDTH 8 0
BBX 8 16 0 -4
BITMAP
00
00
00
00
00
42
42
42
42
42
42
3E
00
00
00
00
ENDCHAR
STARTCHAR U0439
ENCODING 1081
SWIDTH 500 0
DWIDTH 8 0
BBX 8 16 0 -4
BITMAP
00
00
24
18
00
42
42
42
42
42
42
3E
00
00
00
00
ENDCHAR
STARTCHAR U043A
ENCODING 1082
SWIDTH 500 0
DWIDTH 8 0
BBX 8 16 0 -4
BITMAP
00
00
00
00
00
42
44
48
70
48
44
42
00
00
00
00
ENDCHAR
STARTCHAR U043B
ENCODING 1083
SWIDTH 500 0
DWIDTH 8 0
BBX 8 16 0 -4
BITMAP
00
00
00
00
00
1E
22
22
22
22
22
42
00
00
00
00
ENDCHAR
STARTCHAR U043C
ENCODING 1084
SWIDTH 500 0
DWIDTH 8 0
BBX 8 16 0 -4
BITMAP
00
00
00
00
00
82
C6
AA
92
82
82
82
00
00
00
00
ENDCHAR
STARTCHAR U043D
ENCODING 1085
SWIDTH 500 0
DWIDTH 8 0
BBX 8 16 0 -4
BITMAP
00
00
00
00
00
42
42
42
7E
42
42
42
00
00
00
00
ENDCHAR
STARTCHAR U043E
ENCODING 1086
SWIDTH 500 0
DWIDTH 8 0
BBX 8 16 0 -4
BITMAP
00
00
00
00
00
3C
42
42
42
42
42
3C
00
00
00
00
ENDCHAR
STARTCHAR U043F
ENCODING 1087
SWIDTH 500 0
DWIDTH 8 0
BBX 8 16 0 -4
BITMAP
00
00
00
00
00
7E
42
42
42
42
42
42
00
00
00
00
ENDCHAR
STARTCHAR U0440
ENCODING 1088
SWIDTH 500 0
DWIDTH 8 0
BBX 8 16 0 -4
BITMAP
00
00
00
00
00
7C
42
42
42
42
42
7C
40
40
40
00
ENDCHAR
STARTCHAR U0441
ENCODING 1089
SWIDTH 500 0
DWIDTH 8 0
BBX 8 16 0 -4
BITMAP
00
00
00
00
00
3C
42
40
40
40
42
3C
00
00
00
00
ENDCHAR
STARTCHAR U0442
ENCODING 1090
SWIDTH 500 0
DWIDTH 8 0
BBX 8 16 0 -4
BITMAP
00
00
00
00
00
FE
10
10
10
10
10
10
00
00
00
00
ENDCHAR
STARTCHAR U0443
ENCODING 1091
SWIDTH 500 0
DWIDTH 8 0
BBX 8 16 0 -4
BITMAP
00
00
00
00
00
42
42
42
42
42
42
3E
02
02
3C
00
ENDCHAR
STARTCHAR U0444
ENCODING 1092
SWIDTH 500 0
DWIDTH 8 0
BBX 8 16 0 -4
BITMAP
00
00
00
00
10
7C
92
92
92
92
92
7C
10
00
00
00
ENDCHAR
STARTCHAR U0445
ENCODING 1093
SWIDTH 500 0
DWIDTH 8 0
BBX 8 16 0 -4
BITMAP
00
00
00
00
00
42
42
24
18
24
42
42
00
00
00
00
ENDCHAR
STARTCHAR U0446
ENCODING 1094
SWIDTH 500 0
DWIDTH 8 0
BBX 8 16 0 -4
BITMAP
00
00
00
00
00
42
42
42
42
42
42
3F
01
01
00
00
ENDCHAR
STARTCHAR U0447
ENCODING 1095
SWIDTH 500 0
DWIDTH 8 0
BBX 8 16 0 -4
BITMAP
00
00
00
00
00
42
42
42
3E
02
02
02
00
00
00
00
ENDCHAR
STARTCHAR U0448
ENCODING 1096
SWIDTH 500 0
DWIDTH 8 0
BBX 8 16 0 -4
BITMAP
00
00
00
00
00
92
92
92
92
92
92
7E
00
00
00
00
ENDCHAR
STARTCHAR U0449
ENCODING 1097
SWIDTH 500 0
DWIDTH 8 0
BBX 8 16 0 -4
BITMAP
00
00
00
00
00
92
92
92
92
92
92
7F
01
01
00
00
ENDCHAR
STARTCHAR U044A
ENCODING 1098
SWIDTH 500 0
DWIDTH 8 0
BBX 8 16 0 -4
BITMAP
00
00
00
00
00
60
20
3C
22
22
22
3C
00
00
00
00
ENDCHAR
STARTCHAR U044B
ENCODING 1099
SWIDTH 500 0
DWIDTH 8 0
BBX 8 16 0 -4
BITMAP
00
00
00
00
00
82
82
F2
8A
8A
8A
F2
00
00
00
00
ENDCHAR
STARTCHAR U044C
ENCODING 1100
SWIDTH 500 0
DWIDTH 8 0
BBX 8 16 0 -4
BITMAP
00
00
00
00
00
40
40
78
44
44
44
78
00
00
00
00
ENDCHAR
STARTCHAR U044D
ENCODING 1101
SWIDTH 500 0
DWIDTH 8 0
BBX 8 16 0 -4
BITMAP
00
00
00
00
00
3C
42
02
1E
02
42
3C
00
00
00
00
ENDCHAR
STARTCHAR U044E
ENCODING 1102
SWIDTH 500 0
DWIDTH 8 0
BBX 8 16 0 -4
BITMAP
00
00
00
00
00
8C
92
92
F2
92
92
8C
00
00
00
00
ENDCHAR
STARTCHAR U044F
ENCODING 1103
SWIDTH 500 0
DWIDTH 8 0
BBX 8 16 0 -4
BITMAP
00
00
00
00
00
3E
42
42
3E
12
22
42
00
00
00
00
ENDCHAR
STARTCHAR U0450
ENCODING 1104
SWIDTH 500 0
DWIDTH 8 0
BBX 8 16 0 -4
BITMAP
00
00
10
08
00
3C
42
42
7E
40
40
3C
00
00
00
00
ENDCHAR
STARTCHAR U0451
ENCODING 1105
SWIDTH 500 0
DWIDTH 8 0
BBX 8 16 0 -4
BITMAP
00
00
24
24
00
3C
42
42
7E
40
40
3C
00
00
00
00
ENDCHAR
STARTCHAR U0452
ENCODING 1106
SWIDTH 500 0
DWIDTH 8 0
BBX 8 16 0 -4
BITMAP
00
00
40
F0
40
7C
42
42
42
42
42
42
02
02
0C
00
ENDCHAR
STARTCHAR U0453
ENCODING 1107
SWIDTH 500 0
DWIDTH 8 0
BBX 8 16 0 -4
BITMAP
00
00
08
10
00
7E
40
40
40
40
40
40
00
00
00
00
ENDCHAR
STARTCHAR U0454
ENCODING 1108
SWIDTH 500 0
DWIDTH 8 0
BBX 8 16 0 -4
BITMAP
00
00
00
00
00
3C
42
40
78
40
42
3C
00
00
00
00
ENDCHAR
STARTCHAR U0455
ENCODING 1109
SWIDTH 500 0
DWIDTH 8 0
BBX 8 16 0 -4
BITMAP
00
00
00
00
00
3E
40
40
3C
02
02
7C
00
00
00
00
ENDCHAR
STARTCHAR U0456
ENCODING 1110
SWIDTH 500 0
DWIDTH 8 0
BBX 8 16 0 -4
BITMAP
00
00
10
10
00
30
10
10
10
10
10
38
00
00
00
00
ENDCHAR
STARTCHAR U0457
ENCODING 1111
SWIDTH 500 0
DWIDTH 8 0
BBX 8 16 0 -4
BITMAP
00
00
48
48
00
30
10
10
10
10
10
38
00
00
00
00
ENDCHAR
STARTCHAR U0458
ENCODING 1112
SWIDTH 500 0
DWIDTH 8 0
BBX 8 16 0 -4
BITMAP
00
00
04
04
00
0C
04
04
04
04
04
04
44
44
38
00
ENDCHAR
STARTCHAR U0459
ENCODING 1113
SWIDTH 500 0
DWIDTH 8 0
BBX 8 16 0 -4
BITMAP
00
00
00
00
00
70
90
9C
92
92
92
9C
00
00
00
00
ENDCHAR
STARTCHAR U045A
ENCODING 1114
SWIDTH 500 0
DWIDTH 8 0
BBX 8 16 0 -4
BITMAP
00
00
00
00
00
90
90
9C
F2
92
92
9C
00
00
00
00
ENDCHAR
STARTCHAR U045B
ENCODING 1115
SWIDTH 500 0
DWIDTH 8 0
BBX 8 16 0 -4
BITMAP
00
00
40
F0
40
7C
42
42
42
42
42
42
00
00
00
00
ENDCHAR
STARTCHAR U045C
ENCODING 1116
SWIDTH 500 0
DWIDTH 8 0
BBX 8 16 0 -4
BITMAP
00
00
08
10
00
42
44
48
70
48
44
42
00
00
00
00
ENDCHAR
STARTCHAR U045D
ENCODING 1117
SWIDTH 500 0
DWIDTH 8 0
BBX 8 16 0 -4
BITMAP
00
00
10
08
00
42
42
42
42
42
42
3E
00
00
00
00
ENDCHAR
STARTCHAR U045E
ENCODING 1118
SWIDTH 500 0
DWIDTH 8 0
BBX 8 16 0 -4
BITMAP
00
00
24
18
00
42
42
42
42
42
42
3E
02
02
3C
00
ENDCHAR
STARTCHAR U045F
ENCODING 1119
SWIDTH 500 0
DWIDTH 8 0
BBX 8 16 0 -4
BITMAP
00
00
00
00
00
42
42
42
42
42
42
7E
18
18
00
00
ENDCHAR
STARTCHAR U0490
ENCODING 1168
SWIDTH 500 0
DWIDTH 8 0
BBX 8 16 0 -4
BITMAP
02
02
7E
40
40
40
40
40
40
40
40
40
00
00
00
00
ENDCHAR
STARTCHAR U0491
ENCODING 1169
SWIDTH 500 0
DWIDTH 8 0
BBX 8 16 0 -4
BITMAP
00
00
00
02
02
7E
40
40
40
40
40
40
00
00
00
00
ENDCHAR
STARTCHAR U04AE
ENCODING 1198
SWIDTH 500 0
DWIDTH 8 0
BBX 8 16 0 -4
BITMAP
00
00
82
82
44
44
28
10
10
10
10
10
00
00
00
00
ENDCHAR
STARTCHAR U04D0
ENCODING 1232
SWIDTH 500 0
DWIDTH 8 0
BBX 8 16 0 -4
BITMAP
24
18
00
3C
42
42
42
7E
42
42
42
42
00
00
00
00
ENDCHAR
STARTCHAR U04D1
ENCODING 1233
SWIDTH 500 0
DWIDTH 8 0
BBX 8 16 0 -4
BITMAP
00
00
24
18
00
3C
02
3E
42
42
42
3E
00
00
00
00
ENDCHAR
STARTCHAR U1E40
ENCODING 7744
SWIDTH 500 0
DWIDTH 8 0
BBX 8 16 0 -4
BITMAP
10
10
82
C6
AA
92
92
82
82
82
82
82
00
00
00
00
ENDCHAR
STARTCHAR U1E41
ENCODING 7745
SWIDTH 500 0
DWIDTH 8 0
BBX 8 16 0 -4
BITMAP
00
00
10
10
00
FC
92
92
92
92
92
92
00
00
00
00
ENDCHAR
STARTCHAR U2000
ENCODING 8192
SWIDTH 500 0
DWIDTH 8 0
BBX 8 16 0 -4
BITMAP
00
00
00
00
00
00
00
00
00
00
00
00
00
00
00
00
ENDCHAR
STARTCHAR U2001
ENCODING 8193
SWIDTH 500 0
DWIDTH 8 0
BBX 8 16 0 -4
BITMAP
00
00
00
00
00
00
00
00
00
00
00
00
00
00
00
00
ENDCHAR
STARTCHAR U2002
ENCODING 8194
SWIDTH 500 0
DWIDTH 8 0
BBX 8 16 0 -4
BITMAP
00
00
00
00
00
00
00
00
00
00
00
00
00
00
00
00
ENDCHAR
STARTCHAR U2003
ENCODING 8195
SWIDTH 500 0
DWIDTH 8 0
BBX 8 16 0 -4
BITMAP
00
00
00
00
00
00
00
00
00
00
00
00
00
00
00
00
ENDCHAR
STARTCHAR U2004
ENCODING 8196
SWIDTH 500 0
DWIDTH 8 0
BBX 8 16 0 -4
BITMAP
00
00
00
00
00
00
00
00
00
00
00
00
00
00
00
00
ENDCHAR
STARTCHAR U2005
ENCODING 8197
SWIDTH 500 0
DWIDTH 8 0
BBX 8 16 0 -4
BITMAP
00
00
00
00
00
00
00
00
00
00
00
00
00
00
00
00
ENDCHAR
STARTCHAR U2006
ENCODING 8198
SWIDTH 500 0
DWIDTH 8 0
BBX 8 16 0 -4
BITMAP
00
00
00
00
00
00
00
00
00
00
00
00
00
00
00
00
ENDCHAR
STARTCHAR U2007
ENCODING 8199
SWIDTH 500 0
DWIDTH 8 0
BBX 8 16 0 -4
BITMAP
00
00
00
00
00
00
00
00
00
00
00
00
00
00
00
00
ENDCHAR
STARTCHAR U2008
ENCODING 8200
SWIDTH 500 0
DWIDTH 8 0
BBX 8 16 0 -4
BITMAP
00
00
00
00
00
00
00
00
00
00
00
00
00
00
00
00
ENDCHAR
STARTCHAR U2009
ENCODING 8201
SWIDTH 500 0
DWIDTH 8 0
BBX 8 16 0 -4
BITMAP
00
00
00
00
00
00
00
00
00
00
00
00
00
00
00
00
ENDCHAR
STARTCHAR U200A
ENCODING 8202
SWIDTH 500 0
DWIDTH 8 0
BBX 8 16 0 -4
BITMAP
00
00
00
00
00
00
00
00
00
00
00
00
00
00
00
00
ENDCHAR
STARTCHAR U2010
ENCODING 8208
SWIDTH 500 0
DWIDTH 8 0
BBX 8 16 0 -4
BITMAP
00
00
00
00
00
00
00
7E
00
00
00
00
00
00
00
00
ENDCHAR
STARTCHAR U2011
ENCODING 8209
SWIDTH 500 0
DWIDTH 8 0
BBX 8 16 0 -4
BITMAP
00
00
00
00
00
00
00
7E
00
00
00
00
00
00
00
00
ENDCHAR
STARTCHAR U2012
ENCODING 8210
SWIDTH 500 0
DWIDTH 8 0
BBX 8 16 0 -4
BITMAP
00
00
00
00
00
00
00
7E
00
00
00
00
00
00
00
00
ENDCHAR
STARTCHAR U2013
ENCODING 8211
SWIDTH 500 0
DWIDTH 8 0
BBX 8 16 0 -4
BITMAP
00
00
00
00
00
00
00
7E
00
00
00
00
00
00
00
00
ENDCHAR
STARTCHAR U2014
ENCODING 8212
SWIDTH 500 0
DWIDTH 8 0
BBX 8 16 0 -4
BITMAP
00
00
00
00
00
00
00
FE
00
00
00
00
00
00
00
00
ENDCHAR
STARTCHAR U2015
ENCODING 8213
SWIDTH 500 0
DWIDTH 8 0
BBX 8 16 0 -4
BITMAP
00
00
00
00
00
00
00
FE
00
00
00
00
00
00
00
00
ENDCHAR
STARTCHAR U2016
ENCODING 8214
SWIDTH 500 0
DWIDTH 8 0
BBX 8 16 0 -4
BITMAP
00
00
28
28
28
28
28
28
28
28
28
28
00
00
00
00
ENDCHAR
STARTCHAR U2017
ENCODING 8215
SWIDTH 500 0
DWIDTH 8 0
BBX 8 16 0 -4
BITMAP
00
00
00
00
00
00
00
00
00
00
00
00
00
7E
00
7E
ENDCHAR
STARTCHAR U2018
ENCODING 8216
SWIDTH 500 0
DWIDTH 8 0
BBX 8 16 0 -4
BITMAP
00
08
10
10
00
00
00
00
00
00
00
00
00
00
00
00
ENDCHAR
STARTCHAR U2019
ENCODING 8217
SWIDTH 500 0
DWIDTH 8 0
BBX 8 16 0 -4
BITMAP
00
08
08
10
00
00
00
00
00
00
00
00
00
00
00
00
ENDCHAR
STARTCHAR U201A
ENCODING 8218
SWIDTH 500 0
DWIDTH 8 0
BBX 8 16 0 -4
BITMAP
00
00
00
00
00
00
00
00
00
00
08
08
10
00
00
00
ENDCHAR
STARTCHAR U201C
ENCODING 8220
SWIDTH 500 0
DWIDTH 8 0
BBX 8 16 0 -4
BITMAP
00
12
24
24
00
00
00
00
00
00
00
00
00
00
00
00
ENDCHAR
STARTCHAR U201D
ENCODING 8221
SWIDTH 500 0
DWIDTH 8 0
BBX 8 16 0 -4
BITMAP
00
12
12
24
00
00
00
00
00
00
00
00
00
00
00
00
ENDCHAR
STARTCHAR U201E
ENCODING 8222
SWIDTH 500 0
DWIDTH 8 0
BBX 8 16 0 -4
BITMAP
00
00
00
00
00
00
00
00
00
00
24
24
48
00
00
00
ENDCHAR
STARTCHAR U2020
ENCODING 8224
SWIDTH 500 0
DWIDTH 8 0
BBX 8 16 0 -4
BITMAP
00
00
10
10
7C
10
10
10
10
10
10
10
00
00
00
00
ENDCHAR
STARTCHAR U2021
ENCODING 8225
SWIDTH 500 0
DWIDTH 8 0
BBX 8 16 0 -4
BITMAP
00
00
10
10
7C
10
10
10
10
7C
10
10
00
00
00
00
ENDCHAR
STARTCHAR U2022
ENCODING 8226
SWIDTH 500 0
DWIDTH 8 0
BBX 8 16 0 -4
BITMAP
00
00
00
00
00
00
18
3C
3C
18
00
00
00
00
00
00
ENDCHAR
STARTCHAR U2026
ENCODING 8230
SWIDTH 500 0
DWIDTH 8 0
BBX 8 16 0 -4
BITMAP
00
00
00
00
00
00
00
00
00
00
92
92
00
00
00
00
ENDCHAR
STARTCHAR U202F
ENCODING 8239
SWIDTH 500 0
DWIDTH 8 0
BBX 8 16 0 -4
BITMAP
00
00
00
00
00
00
00
00
00
00
00
00
00
00
00
00
ENDCHAR
STARTCHAR U2030
ENCODING 8240
SWIDTH 500 0
DWIDTH 8 0
BBX 8 16 0 -4
BITMAP
00
00
48
A8
50
10
20
20
40
54
AA
94
00
00
00
00
ENDCHAR
STARTCHAR U2032
ENCODING 8242
SWIDTH 500 0
DWIDTH 8 0
BBX 8 16 0 -4
BITMAP
00
10
10
10
10
00
00
00
00
00
00
00
00
00
00
00
ENDCHAR
STARTCHAR U2033
ENCODING 8243
SWIDTH 500 0
DWIDTH 8 0
BBX 8 16 0 -4
BITMAP
00
24
24
24
24
00
00
00
00
00
00
00
00
00
00
00
ENDCHAR
STARTCHAR U2039
ENCODING 8249
SWIDTH 500 0
DWIDTH 8 0
BBX 8 16 0 -4
BITMAP
00
00
00
00
00
04
08
10
20
10
08
04
00
00
00
00
ENDCHAR
STARTCHAR U203A
ENCODING 8250
SWIDTH 500 0
DWIDTH 8 0
BBX 8 16 0 -4
BITMAP
00
00
00
00
00
20
10
08
04
08
10
20
00
00
00
00
ENDCHAR
STARTCHAR U203C
ENCODING 8252
SWIDTH 500 0
DWIDTH 8 0
BBX 8 16 0 -4
BITMAP
00
00
24
24
24
24
24
24
24
00
24
24
00
00
00
00
ENDCHAR
STARTCHAR U207F
ENCODING 8319
SWIDTH 500 0
DWIDTH 8 0
BBX 8 16 0 -4
BITMAP
00
00
38
24
24
24
24
00
00
00
00
00
00
00
00
00
ENDCHAR
STARTCHAR U20A7
ENCODING 8359
SWIDTH 500 0
DWIDTH 8 0
BBX 8 16 0 -4
BITMAP
00
00
F0
88
88
88
F4
84
8E
84
84
82
00
00
00
00
ENDCHAR
STARTCHAR U20AC
ENCODING 8364
SWIDTH 500 0
DWIDTH 8 0
BBX 8 16 0 -4
BITMAP
00
00
00
1C
22
40
F8
40
F8
40
22
1C
00
00
00
00
ENDCHAR
STARTCHAR U20AE
ENCODING 8366
SWIDTH 500 0
DWIDTH 8 0
BBX 8 16 0 -4
BITMAP
00
00
FE
10
10
1C
70
1C
70
10
10
10
00
00
00
00
ENDCHAR
STARTCHAR U2116
ENCODING 8470
SWIDTH 500 0
DWIDTH 8 0
BBX 8 16 0 -4
BITMAP
00
00
96
96
96
D0
F0
F0
B0
96
90
96
00
00
00
00
ENDCHAR
STARTCHAR U2122
ENCODING 8482
SWIDTH 500 0
DWIDTH 8 0
BBX 8 16 0 -4
BITMAP
00
00
FB
55
55
51
00
00
00
00
00
00
00
00
00
00
ENDCHAR
STARTCHAR U2126
ENCODING 8486
SWIDTH 500 0
DWIDTH 8 0
BBX 8 16 0 -4
BITMAP
00
00
3C
42
42
42
42
42
42
24
24
66
00
00
00
00
ENDCHAR
STARTCHAR U212A
ENCODING 8490
SWIDTH 500 0
DWIDTH 8 0
BBX 8 16 0 -4
BITMAP
00
00
42
44
48
50
60
60
50
48
44
42
00
00
00
00
ENDCHAR
STARTCHAR U212B
ENCODING 8491
SWIDTH 500 0
DWIDTH 8 0
BBX 8 16 0 -4
BITMAP
18
24
18
3C
42
42
42
7E
42
42
42
42
00
00
00
00
ENDCHAR
STARTCHAR U2190
ENCODING 8592
SWIDTH 500 0
DWIDTH 8 0
BBX 8 16 0 -4
BITMAP
00
00
00
00
00
20
40
FE
40
20
00
00
00
00
00
00
ENDCHAR
STARTCHAR U2191
ENCODING 8593
SWIDTH 500 0
DWIDTH 8 0
BBX 8 16 0 -4
BITMAP
00
00
10
38
54
10
10
10
10
10
10
10
00
00
00
00
ENDCHAR
STARTCHAR U2192
ENCODING 8594
SWIDTH 500 0
DWIDTH 8 0
BBX 8 16 0 -4
BITMAP
00
00
00
00
00
08
04
FE
04
08
00
00
00
00
00
00
ENDCHAR
STARTCHAR U2193
ENCODING 8595
SWIDTH 500 0
DWIDTH 8 0
BBX 8 16 0 -4
BITMAP
00
00
10
10
10
10
10
10
10
54
38
10
00
00
00
00
ENDCHAR
STARTCHAR U2194
ENCODING 8596
SWIDTH 500 0
DWIDTH 8 0
BBX 8 16 0 -4
BITMAP
00
00
00
00
00
24
42
FF
42
24
00
00
00
00
00
00
ENDCHAR
STARTCHAR U2195
ENCODING 8597
SWIDTH 500 0
DWIDTH 8 0
BBX 8 16 0 -4
BITMAP
00
00
10
38
54
10
10
10
10
54
38
10
00
00
00
00
ENDCHAR
STARTCHAR U21A8
ENCODING 8616
SWIDTH 500 0
DWIDTH 8 0
BBX 8 16 0 -4
BITMAP
00
00
10
38
54
10
10
10
54
38
10
7C
00
00
00
00
ENDCHAR
STARTCHAR U21B5
ENCODING 8629
SWIDTH 500 0
DWIDTH 8 0
BBX 8 16 0 -4
BITMAP
00
00
02
02
02
02
02
22
42
FE
40
20
00
00
00
00
ENDCHAR
STARTCHAR U21D0
ENCODING 8656
SWIDTH 500 0
DWIDTH 8 0
BBX 8 16 0 -4
BITMAP
00
00
00
00
00
20
7E
C0
7E
20
00
00
00
00
00
00
ENDCHAR
STARTCHAR U21D1
ENCODING 8657
SWIDTH 500 0
DWIDTH 8 0
BBX 8 16 0 -4
BITMAP
00
00
10
38
6C
28
28
28
28
28
28
28
00
00
00
00
ENDCHAR
STARTCHAR U21D2
ENCODING 8658
SWIDTH 500 0
DWIDTH 8 0
BBX 8 16 0 -4
BITMAP
00
00
00
00
00
08
FC
06
FC
08
00
00
00
00
00
00
ENDCHAR
STARTCHAR U21D3
ENCODING 8659
SWIDTH 500 0
DWIDTH 8 0
BBX 8 16 0 -4
BITMAP
00
00
28
28
28
28
28
28
28
6C
38
10
00
00
00
00
ENDCHAR
STARTCHAR U21D4
ENCODING 8660
SWIDTH 500 0
DWIDTH 8 0
BBX 8 16 0 -4
BITMAP
00
00
00
00
00
24
7E
C3
7E
24
00
00
00
00
00
00
ENDCHAR
STARTCHAR U21D5
ENCODING 8661
SWIDTH 500 0
DWIDTH 8 0
BBX 8 16 0 -4
BITMAP
00
00
10
38
6C
28
28
28
28
6C
38
10
00
00
00
00
ENDCHAR
STARTCHAR U2205
ENCODING 8709
SWIDTH 500 0
DWIDTH 8 0
BBX 8 16 0 -4
BITMAP
00
00
02
04
7C
8A
92
92
A2
7C
40
80
00
00
00
00
ENDCHAR
STARTCHAR U2206
ENCODING 8710
SWIDTH 500 0
DWIDTH 8 0
BBX 8 16 0 -4
BITMAP
00
00
10
10
28
28
44
44
44
82
82
FE
00
00
00
00
ENDCHAR
STARTCHAR U2208
ENCODING 8712
SWIDTH 500 0
DWIDTH 8 0
BBX 8 16 0 -4
BITMAP
00
00
00
1E
20
40
40
7E
40
40
20
1E
00
00
00
00
ENDCHAR
STARTCHAR U2212
ENCODING 8722
SWIDTH 500 0
DWIDTH 8 0
BBX 8 16 0 -4
BITMAP
00
00
00
00
00
00
00
7E
00
00
00
00
00
00
00
00
ENDCHAR
STARTCHAR U2219
ENCODING 8729
SWIDTH 500 0
DWIDTH 8 0
BBX 8 16 0 -4
BITMAP
00
00
00
00
00
00
00
18
18
00
00
00
00
00
00
00
ENDCHAR
STARTCHAR U221A
ENCODING 8730
SWIDTH 500 0
DWIDTH 8 0
BBX 8 16 0 -4
BITMAP
00
06
04
04
04
04
44
44
44
24
14
0C
00
00
00
00
ENDCHAR
STARTCHAR U221E
ENCODING 8734
SWIDTH 500 0
DWIDTH 8 0
BBX 8 16 0 -4
BITMAP
00
00
00
00
00
7C
92
92
92
7C
00
00
00
00
00
00
ENDCHAR
STARTCHAR U221F
ENCODING 8735
SWIDTH 500 0
DWIDTH 8 0
BBX 8 16 0 -4
BITMAP
00
00
00
00
40
40
40
40
40
7E
00
00
00
00
00
00
ENDCHAR
STARTCHAR U2227
ENCODING 8743
SWIDTH 500 0
DWIDTH 8 0
BBX 8 16 0 -4
BITMAP
00
00
00
00
10
10
28
28
44
44
82
82
00
00
00
00
ENDCHAR
STARTCHAR U2228
ENCODING 8744
SWIDTH 500 0
DWIDTH 8 0
BBX 8 16 0 -4
BITMAP
00
00
00
00
82
82
44
44
28
28
10
10
00
00
00
00
ENDCHAR
STARTCHAR U2229
ENCODING 8745
SWIDTH 500 0
DWIDTH 8 0
BBX 8 16 0 -4
BITMAP
00
00
00
00
3C
42
42
42
42
42
42
42
00
00
00
00
ENDCHAR
STARTCHAR U222A
ENCODING 8746
SWIDTH 500 0
DWIDTH 8 0
BBX 8 16 0 -4
BITMAP
00
00
00
00
42
42
42
42
42
42
42
3C
00
00
00
00
ENDCHAR
STARTCHAR U2248
ENCODING 8776
SWIDTH 500 0
DWIDTH 8 0
BBX 8 16 0 -4
BITMAP
00
00
00
00
00
32
4C
00
32
4C
00
00
00
00
00
00
ENDCHAR
STARTCHAR U2260
ENCODING 8800
SWIDTH 500 0
DWIDTH 8 0
BBX 8 16 0 -4
BITMAP
00
00
00
00
02
7E
08
10
7E
40
00
00
00
00
00
00
ENDCHAR
STARTCHAR U2261
ENCODING 8801
SWIDTH 500 0
DWIDTH 8 0
BBX 8 16 0 -4
BITMAP
00
00
00
00
7E
00
00
7E
00
00
7E
00
00
00
00
00
ENDCHAR
STARTCHAR U2264
ENCODING 8804
SWIDTH 500 0
DWIDTH 8 0
BBX 8 16 0 -4
BITMAP
00
00
00
04
08
10
20
10
08
04
00
3E
00
00
00
00
ENDCHAR
STARTCHAR U2265
ENCODING 8805
SWIDTH 500 0
DWIDTH 8 0
BBX 8 16 0 -4
BITMAP
00
00
00
20
10
08
04
08
10
20
00
7C
00
00
00
00
ENDCHAR
STARTCHAR U226A
ENCODING 8810
SWIDTH 500 0
DWIDTH 8 0
BBX 8 16 0 -4
BITMAP
00
00
00
00
00
12
24
48
90
48
24
12
00
00
00
00
ENDCHAR
STARTCHAR U226B
ENCODING 8811
SWIDTH 500 0
DWIDTH 8 0
BBX 8 16 0 -4
BITMAP
00
00
00
00
00
90
48
24
12
24
48
90
00
00
00
00
ENDCHAR
STARTCHAR U2295
ENCODING 8853
SWIDTH 500 0
DWIDTH 8 0
BBX 8 16 0 -4
BITMAP
00
00
00
00
00
10
10
7C
10
10
00
00
00
00
00
00
ENDCHAR
STARTCHAR U2296
ENCODING 8854
SWIDTH 500 0
DWIDTH 8 0
BBX 8 16 0 -4
BITMAP
00
00
00
00
00
00
00
7E
00
00
00
00
00
00
00
00
ENDCHAR
STARTCHAR U2298
ENCODING 8856
SWIDTH 500 0
DWIDTH 8 0
BBX 8 16 0 -4
BITMAP
00
00
04
04
08
08
10
10
20
20
40
40
00
00
00
00
ENDCHAR
STARTCHAR U2299
ENCODING 8857
SWIDTH 500 0
DWIDTH 8 0
BBX 8 16 0 -4
BITMAP
00
00
00
00
00
00
00
00
00
00
10
10
00
00
00
00
ENDCHAR
STARTCHAR U229B
ENCODING 8859
SWIDTH 500 0
DWIDTH 8 0
BBX 8 16 0 -4
BITMAP
00
00
00
00
00
24
18
7E
18
24
00
00
00
00
00
00
ENDCHAR
STARTCHAR U229C
ENCODING 8860
SWIDTH 500 0
DWIDTH 8 0
BBX 8 16 0 -4
BITMAP
00
00
00
00
00
7E
00
00
7E
00
00
00
00
00
00
00
ENDCHAR
STARTCHAR U2302
ENCODING 8962
SWIDTH 500 0
DWIDTH 8 0
BBX 8 16 0 -4
BITMAP
00
00
00
00
10
28
44
82
82
82
82
FE
00
00
00
00
ENDCHAR
STARTCHAR U2310
ENCODING 8976
SWIDTH 500 0
DWIDTH 8 0
BBX 8 16 0 -4
BITMAP
00
00
00
00
00
7E
40
40
40
00
00
00
00
00
00
00
ENDCHAR
STARTCHAR U2320
ENCODING 8992
SWIDTH 500 0
DWIDTH 8 0
BBX 8 16 0 -4
BITMAP
00
00
0C
12
12
10
10
10
10
10
10
10
10
10
10
10
ENDCHAR
STARTCHAR U2321
ENCODING 8993
SWIDTH 500 0
DWIDTH 8 0
BBX 8 16 0 -4
BITMAP
10
10
10
10
10
10
10
10
10
90
90
60
00
00
00
00
ENDCHAR
STARTCHAR U2460
ENCODING 9312
SWIDTH 500 0
DWIDTH 8 0
BBX 8 16 0 -4
BITMAP
00
00
08
18
28
08
08
08
08
08
08
3E
00
00
00
00
ENDCHAR
STARTCHAR U2461
ENCODING 9313
SWIDTH 500 0
DWIDTH 8 0
BBX 8 16 0 -4
BITMAP
00
00
3C
42
42
02
04
08
10
20
40
7E
00
00
00
00
ENDCHAR
STARTCHAR U2462
ENCODING 9314
SWIDTH 500 0
DWIDTH 8 0
BBX 8 16 0 -4
BITMAP
00
00
3C
42
42
02
1C
02
02
42
42
3C
00
00
00
00
ENDCHAR
STARTCHAR U2463
ENCODING 9315
SWIDTH 500 0
DWIDTH 8 0
BBX 8 16 0 -4
BITMAP
00
00
02
06
0A
12
22
42
7E
02
02
02
00
00
00
00
ENDCHAR
STARTCHAR U2464
ENCODING 9316
SWIDTH 500 0
DWIDTH 8 0
BBX 8 16 0 -4
BITMAP
00
00
7E
40
40
40
7C
02
02
02
42
3C
00
00
00
00
ENDCHAR
STARTCHAR U2465
ENCODING 9317
SWIDTH 500 0
DWIDTH 8 0
BBX 8 16 0 -4
BITMAP
00
00
1C
20
40
40
7C
42
42
42
42
3C
00
00
00
00
ENDCHAR
STARTCHAR U2466
ENCODING 9318
SWIDTH 500 0
DWIDTH 8 0
BBX 8 16 0 -4
BITMAP
00
00
7E
02
02
04
04
08
08
10
10
10
00
00
00
00
ENDCHAR
STARTCHAR U2467
ENCODING 9319
SWIDTH 500 0
DWIDTH 8 0
BBX 8 16 0 -4
BITMAP
00
00
3C
42
42
42
3C
42
42
42
42
3C
00
00
00
00
ENDCHAR
STARTCHAR U2468
ENCODING 9320
SWIDTH 500 0
DWIDTH 8 0
BBX 8 16 0 -4
BITMAP
00
00
3C
42
42
42
42
3E
02
02
04
38
00
00
00
00
ENDCHAR
STARTCHAR U24B6
ENCODING 9398
SWIDTH 500 0
DWIDTH 8 0
BBX 8 16 0 -4
BITMAP
00
00
3C
42
42
42
42
7E
42
42
42
42
00
00
00
00
ENDCHAR
STARTCHAR U24B7
ENCODING 9399
SWIDTH 500 0
DWIDTH 8 0
BBX 8 16 0 -4
BITMAP
00
00
7C
42
42
42
7C
42
42
42
42
7C
00
00
00
00
ENDCHAR
STARTCHAR U24B8
ENCODING 9400
SWIDTH 500 0
DWIDTH 8 0
BBX 8 16 0 -4
BITMAP
00
00
3C
42
42
40
40
40
40
42
42
3C
00
00
00
00
ENDCHAR
STARTCHAR U24B9
ENCODING 9401
SWIDTH 500 0
DWIDTH 8 0
BBX 8 16 0 -4
BITMAP
00
00
78
44
42
42
42
42
42
42
44
78
00
00
00
00
ENDCHAR
STARTCHAR U24BA
ENCODING 9402
SWIDTH 500 0
DWIDTH 8 0
BBX 8 16 0 -4
BITMAP
00
00
7E
40
40
40
78
40
40
40
40
7E
00
00
00
00
ENDCHAR
STARTCHAR U24BB
ENCODING 9403
SWIDTH 500 0
DWIDTH 8 0
BBX 8 16 0 -4
BITMAP
00
00
7E
40
40
40
78
40
40
40
40
40
00
00
00
00
ENDCHAR
STARTCHAR U24BC
ENCODING 9404
SWIDTH 500 0
DWIDTH 8 0
BBX 8 16 0 -4
BITMAP
00
00
3C
42
42
40
40
4E
42
42
42
3C
00
00
00
00
ENDCHAR
STARTCHAR U24BD
ENCODING 9405
SWIDTH 500 0
DWIDTH 8 0
BBX 8 16 0 -4
BITMAP
00
00
42
42
42
42
7E
42
42
42
42
42
00
00
00
00
ENDCHAR
STARTCHAR U24BE
ENCODING 9406
SWIDTH 500 0
DWIDTH 8 0
BBX 8 16 0 -4
BITMAP
00
00
38
10
10
10
10
10
10
10
10
38
00
00
00
00
ENDCHAR
STARTCHAR U24BF
ENCODING 9407
SWIDTH 500 0
DWIDTH 8 0
BBX 8 16 0 -4
BITMAP
00
00
0E
04
04
04
04
04
04
44
44
38
00
00
00
00
ENDCHAR
STARTCHAR U24C0
ENCODING 9408
SWIDTH 500 0
DWIDTH 8 0
BBX 8 16 0 -4
BITMAP
00
00
42
44
48
50
60
60
50
48
44
42
00
00
00
00
ENDCHAR
STARTCHAR U24C1
ENCODING 9409
SWIDTH 500 0
DWIDTH 8 0
BBX 8 16 0 -4
BITMAP
00
00
40
40
40
40
40
40
40
40
40
7E
00
00
00
00
ENDCHAR
STARTCHAR U24C2
ENCODING 9410
SWIDTH 500 0
DWIDTH 8 0
BBX 8 16 0 -4
BITMAP
00
00
82
C6
AA
92
92
82
82
82
82
82
00
00
00
00
ENDCHAR
STARTCHAR U24C3
ENCODING 9411
SWIDTH 500 0
DWIDTH 8 0
BBX 8 16 0 -4
BITMAP
00
00
42
42
42
62
52
4A
46
42
42
42
00
00
00
00
ENDCHAR
STARTCHAR U24C4
ENCODING 9412
SWIDTH 500 0
DWIDTH 8 0
BBX 8 16 0 -4
BITMAP
00
00
3C
42
42
42
42
42
42
42
42
3C
00
00
00
00
ENDCHAR
STARTCHAR U24C5
ENCODING 9413
SWIDTH 500 0
DWIDTH 8 0
BBX 8 16 0 -4
BITMAP
00
00
7C
42
42
42
42
7C
40
40
40
40
00
00
00
00
ENDCHAR
STARTCHAR U24C6
ENCODING 9414
SWIDTH 500 0
DWIDTH 8 0
BBX 8 16 0 -4
BITMAP
00
00
3C
42
42
42
42
42
42
42
4A
3C
02
00
00
00
ENDCHAR
STARTCHAR U24C7
ENCODING 9415
SWIDTH 500 0
DWIDTH 8 0
BBX 8 16 0 -4
BITMAP
00
00
7C
42
42
42
42
7C
50
48
44
42
00
00
00
00
ENDCHAR
STARTCHAR U24C8
ENCODING 9416
SWIDTH 500 0
DWIDTH 8 0
BBX 8 16 0 -4
BITMAP
00
00
3C
42
40
40
3C
02
02
42
42
3C
00
00
00
00
ENDCHAR
STARTCHAR U24C9
ENCODING 9417
SWIDTH 500 0
DWIDTH 8 0
BBX 8 16 0 -4
BITMAP
00
00
FE
10
10
10
10
10
10
10
10
10
00
00
00
00
ENDCHAR
STARTCHAR U24CA
ENCODING 9418
SWIDTH 500 0
DWIDTH 8 0
BBX 8 16 0 -4
BITMAP
00
00
42
42
42
42
42
42
42
42
42
3C
00
00
00
00
ENDCHAR
STARTCHAR U24CB
ENCODING 9419
SWIDTH 500 0
DWIDTH 8 0
BBX 8 16 0 -4
BITMAP
00
00
42
42
42
42
42
24
24
24
18
18
00
00
00
00
ENDCHAR
STARTCHAR U24CC
ENCODING 9420
SWIDTH 500 0
DWIDTH 8 0
BBX 8 16 0 -4
BITMAP
00
00
82
82
82
82
82
92
92
AA
C6
82
00
00
00
00
ENDCHAR
STARTCHAR U24CD
ENCODING 9421
SWIDTH 500 0
DWIDTH 8 0
BBX 8 16 0 -4
BITMAP
00
00
42
42
24
24
18
18
24
24
42
42
00
00
00
00
ENDCHAR
STARTCHAR U24CE
ENCODING 9422
SWIDTH 500 0
DWIDTH 8 0
BBX 8 16 0 -4
BITMAP
00
00
82
82
44
44
28
10
10
10
10
10
00
00
00
00
ENDCHAR
STARTCHAR U24CF
ENCODING 9423
SWIDTH 500 0
DWIDTH 8 0
BBX 8 16 0 -4
BITMAP
00
00
7E
02
02
04
08
10
20
40
40
7E
00
00
00
00
ENDCHAR
STARTCHAR U24D0
ENCODING 9424
SWIDTH 500 0
DWIDTH 8 0
BBX 8 16 0 -4
BITMAP
00
00
00
00
00
3C
02
3E
42
42
42
3E
00
00
00
00
ENDCHAR
STARTCHAR U24D1
ENCODING 9425
SWIDTH 500 0
DWIDTH 8 0
BBX 8 16 0 -4
BITMAP
00
00
40
40
40
7C
42
42
42
42
42
7C
00
00
00
00
ENDCHAR
STARTCHAR U24D2
ENCODING 9426
SWIDTH 500 0
DWIDTH 8 0
BBX 8 16 0 -4
BITMAP
00
00
00
00
00
3C
42
40
40
40
42
3C
00
00
00
00
ENDCHAR
STARTCHAR U24D3
ENCODING 9427
SWIDTH 500 0
DWIDTH 8 0
BBX 8 16 0 -4
BITMAP
00
00
02
02
02
3E
42
42
42
42
42
3E
00
00
00
00
ENDCHAR
STARTCHAR U24D4
ENCODING 9428
SWIDTH 500 0
DWIDTH 8 0
BBX 8 16 0 -4
BITMAP
00
00
00
00
00
3C
42
42
7E
40
40
3C
00
00
00
00
ENDCHAR
STARTCHAR U24D5
ENCODING 9429
SWIDTH 500 0
DWIDTH 8 0
BBX 8 16 0 -4
BITMAP
00
00
0E
10
10
7C
10
10
10
10
10
10
00
00
00
00
ENDCHAR
STARTCHAR U24D6
ENCODING 9430
SWIDTH 500 0
DWIDTH 8 0
BBX 8 16 0 -4
BITMAP
00
00
00
00
00
3E
42
42
42
42
42
3E
02
02
3C
00
ENDCHAR
STARTCHAR U24D7
ENCODING 9431
SWIDTH 500 0
DWIDTH 8 0
BBX 8 16 0 -4
BITMAP
00
00
40
40
40
7C
42
42
42
42
42
42
00
00
00
00
ENDCHAR
STARTCHAR U24D8
ENCODING 9432
SWIDTH 500 0
DWIDTH 8 0
BBX 8 16 0 -4
BITMAP
00
00
10
10
00
30
10
10
10
10
10
38
00
00
00
00
ENDCHAR
STARTCHAR U24D9
ENCODING 9433
SWIDTH 500 0
DWIDTH 8 0
BBX 8 16 0 -4
BITMAP
00
00
04
04
00
0C
04
04
04
04
04
04
44
44
38
00
ENDCHAR
STARTCHAR U24DA
ENCODING 9434
SWIDTH 500 0
DWIDTH 8 0
BBX 8 16 0 -4
BITMAP
00
00
40
40
40
42
44
48
70
48
44
42
00
00
00
00
ENDCHAR
STARTCHAR U24DB
ENCODING 9435
SWIDTH 500 0
DWIDTH 8 0
BBX 8 16 0 -4
BITMAP
00
00
30
10
10
10
10
10
10
10
10
38
00
00
00
00
ENDCHAR
STARTCHAR U24DC
ENCODING 9436
SWIDTH 500 0
DWIDTH 8 0
BBX 8 16 0 -4
BITMAP
00
00
00
00
00
FC
92
92
92
92
92
92
00
00
00
00
ENDCHAR
STARTCHAR U24DD
ENCODING 9437
SWIDTH 500 0
DWIDTH 8 0
BBX 8 16 0 -4
BITMAP
00
00
00
00
00
7C
42
42
42
42
42
42
00
00
00
00
ENDCHAR
STARTCHAR U24DE
ENCODING 9438
SWIDTH 500 0
DWIDTH 8 0
BBX 8 16 0 -4
BITMAP
00
00
00
00
00
3C
42
42
42
42
42
3C
00
00
00
00
ENDCHAR
STARTCHAR U24DF
ENCODING 9439
SWIDTH 500 0
DWIDTH 8 0
BBX 8 16 0 -4
BITMAP
00
00
00
00
00
7C
42
42
42
42
42
7C
40
40
40
00
ENDCHAR
STARTCHAR U24E0
ENCODING 9440
SWIDTH 500 0
DWIDTH 8 0
BBX 8 16 0 -4
BITMAP
00
00
00
00
00
3E
42
42
42
42
42
3E
02
02
02
00
ENDCHAR
STARTCHAR U24E1
ENCODING 9441
SWIDTH 500 0
DWIDTH 8 0
BBX 8 16 0 -4
BITMAP
00
00
00
00
00
5E
60
40
40
40
40
40
00
00
00
00
ENDCHAR
STARTCHAR U24E2
ENCODING 9442
SWIDTH 500 0
DWIDTH 8 0
BBX 8 16 0 -4
BITMAP
00
00
00
00
00
3E
40
40
3C
02
02
7C
00
00
00
00
ENDCHAR
STARTCHAR U24E3
ENCODING 9443
SWIDTH 500 0
DWIDTH 8 0
BBX 8 16 0 -4
BITMAP
00
00
10
10
10
7C
10
10
10
10
10
0E
00
00
00
00
ENDCHAR
STARTCHAR U24E4
ENCODING 9444
SWIDTH 500 0
DWIDTH 8 0
BBX 8 16 0 -4
BITMAP
00
00
00
00
00
42
42
42
42
42
42
3E
00
00
00
00
ENDCHAR
STARTCHAR U24E5
ENCODING 9445
SWIDTH 500 0
DWIDTH 8 0
BBX 8 16 0 -4
BITMAP
00
00
00
00
00
42
42
42
24
24
18
18
00
00
00
00
ENDCHAR
STARTCHAR U24E6
ENCODING 9446
SWIDTH 500 0
DWIDTH 8 0
BBX 8 16 0 -4
BITMAP
00
00
00
00
00
82
82
92
92
92
92
7C
00
00
00
00
ENDCHAR
STARTCHAR U24E7
ENCODING 9447
SWIDTH 500 0
DWIDTH 8 0
BBX 8 16 0 -4
BITMAP
00
00
00
00
00
42
42
24
18
24
42
42
00
00
00
00
ENDCHAR
STARTCHAR U24E8
ENCODING 9448
SWIDTH 500 0
DWIDTH 8 0
BBX 8 16 0 -4
BITMAP
00
00
00
00
00
42
42
42
42
42
42
3E
02
02
3C
00
ENDCHAR
STARTCHAR U24E9
ENCODING 9449
SWIDTH 500 0
DWIDTH 8 0
BBX 8 16 0 -4
BITMAP
00
00
00
00
00
7E
04
08
10
20
40
7E
00
00
00
00
ENDCHAR
STARTCHAR U24EA
ENCODING 9450
SWIDTH 500 0
DWIDTH 8 0
BBX 8 16 0 -4
BITMAP
00
00
3C
42
42
46
4A
52
62
42
42
3C
00
00
00
00
ENDCHAR
STARTCHAR U2500
ENCODING 9472
SWIDTH 500 0
DWIDTH 8 0
BBX 8 16 0 -4
BITMAP
00
00
00
00
00
00
00
FF
00
00
00
00
00
00
00
00
ENDCHAR
STARTCHAR U2501
ENCODING 9473
SWIDTH 500 0
DWIDTH 8 0
BBX 8 16 0 -4
BITMAP
00
00
00
00
00
00
00
FF
00
00
00
00
00
00
00
00
ENDCHAR
STARTCHAR U2502
ENCODING 9474
SWIDTH 500 0
DWIDTH 8 0
BBX 8 16 0 -4
BITMAP
10
10
10
10
10
10
10
10
10
10
10
10
10
10
10
10
ENDCHAR
STARTCHAR U2503
ENCODING 9475
SWIDTH 500 0
DWIDTH 8 0
BBX 8 16 0 -4
BITMAP
10
10
10
10
10
10
10
10
10
10
10
10
10
10
10
10
ENDCHAR
STARTCHAR U2504
ENCODING 9476
SWIDTH 500 0
DWIDTH 8 0
BBX 8 16 0 -4
BITMAP
00
00
00
00
00
00
00
FF
00
00
00
00
00
00
00
00
ENDCHAR
STARTCHAR U2505
ENCODING 9477
SWIDTH 500 0
DWIDTH 8 0
BBX 8 16 0 -4
BITMAP
00
00
00
00
00
00
00
FF
00
00
00
00
00
00
00
00
ENDCHAR
STARTCHAR U2506
ENCODING 9478
SWIDTH 500 0
DWIDTH 8 0
BBX 8 16 0 -4
BITMAP
10
10
10
10
10
10
10
10
10
10
10
10
10
10
10
10
ENDCHAR
STARTCHAR U2507
ENCODING 9479
SWIDTH 500 0
DWIDTH 8 0
BBX 8 16 0 -4
BITMAP
10
10
10
10
10
10
10
10
10
10
10
10
10
10
10
10
ENDCHAR
STARTCHAR U2508
ENCODING 9480
SWIDTH 500 0
DWIDTH 8 0
BBX 8 16 0 -4
BITMAP
00
00
00
00
00
00
00
FF
00
00
00
00
00
00
00
00
ENDCHAR
STARTCHAR U2509
ENCODING 9481
SWIDTH 500 0
DWIDTH 8 0
BBX 8 16 0 -4
BITMAP
00
00
00
00
00
00
00
FF
00
00
00
00
00
00
00
00
ENDCHAR
STARTCHAR U250A
ENCODING 9482
SWIDTH 500 0
DWIDTH 8 0
BBX 8 16 0 -4
BITMAP
10
10
10
10
10
10
10
10
10
10
10
10
10
10
10
10
ENDCHAR
STARTCHAR U250B
ENCODING 9483
SWIDTH 500 0
DWIDTH 8 0
BBX 8 16 0 -4
BITMAP
10
10
10
10
10
10
10
10
10
10
10
10
10
10
10
10
ENDCHAR
STARTCHAR U250C
ENCODING 9484
SWIDTH 500 0
DWIDTH 8 0
BBX 8 16 0 -4
BITMAP
00
00
00
00
00
00
00
1F
10
10
10
10
10
10
10
10
ENDCHAR
STARTCHAR U250D
ENCODING 9485
SWIDTH 500 0
DWIDTH 8 0
BBX 8 16 0 -4
BITMAP
00
00
00
00
00
00
00
1F
10
10
10
10
10
10
10
10
ENDCHAR
STARTCHAR U250E
ENCODING 9486
SWIDTH 500 0
DWIDTH 8 0
BBX 8 16 0 -4
BITMAP
00
00
00
00
00
00
00
1F
10
10
10
10
10
10
10
10
ENDCHAR
STARTCHAR U250F
ENCODING 9487
SWIDTH 500 0
DWIDTH 8 0
BBX 8 16 0 -4
BITMAP
00
00
00
00
00
00
00
1F
10
10
10
10
10
10
10
10
ENDCHAR
STARTCHAR U2510
ENCODING 9488
SWIDTH 500 0
DWIDTH 8 0
BBX 8 16 0 -4
BITMAP
00
00
00
00
00
00
00
F0
10
10
10
10
10
10
10
10
ENDCHAR
STARTCHAR U2511
ENCODING 9489
SWIDTH 500 0
DWIDTH 8 0
BBX 8 16 0 -4
BITMAP
00
00
00
00
00
00
00
F0
10
10
10
10
10
10
10
10
ENDCHAR
STARTCHAR U2512
ENCODING 9490
SWIDTH 500 0
DWIDTH 8 0
BBX 8 16 0 -4
BITMAP
00
00
00
00
00
00
00
F0
10
10
10
10
10
10
10
10
ENDCHAR
STARTCHAR U2513
ENCODING 9491
SWIDTH 500 0
DWIDTH 8 0
BBX 8 16 0 -4
BITMAP
00
00
00
00
00
00
00
F0
10
10
10
10
10
10
10
10
ENDCHAR
STARTCHAR U2514
ENCODING 9492
SWIDTH 500 0
DWIDTH 8 0
BBX 8 16 0 -4
BITMAP
10
10
10
10
10
10
10
1F
00
00
00
00
00
00
00
00
ENDCHAR
STARTCHAR U2515
ENCODING 9493
SWIDTH 500 0
DWIDTH 8 0
BBX 8 16 0 -4
BITMAP
10
10
10
10
10
10
10
1F
00
00
00
00
00
00
00
00
ENDCHAR
STARTCHAR U2516
ENCODING 9494
SWIDTH 500 0
DWIDTH 8 0
BBX 8 16 0 -4
BITMAP
10
10
10
10
10
10
10
1F
00
00
00
00
00
00
00
00
ENDCHAR
STARTCHAR U2517
ENCODING 9495
SWIDTH 500 0
DWIDTH 8 0
BBX 8 16 0 -4
BITMAP
10
10
10
10
10
10
10
1F
00
00
00
00
00
00
00
00
ENDCHAR
STARTCHAR U2518
ENCODING 9496
SWIDTH 500 0
DWIDTH 8 0
BBX 8 16 0 -4
BITMAP
10
10
10
10
10
10
10
F0
00
00
00
00
00
00
00
00
ENDCHAR
STARTCHAR U2519
ENCODING 9497
SWIDTH 500 0
DWIDTH 8 0
BBX 8 16 0 -4
BITMAP
10
10
10
10
10
10
10
F0
00
00
00
00
00
00
00
00
ENDCHAR
STARTCHAR U251A
ENCODING 9498
SWIDTH 500 0
DWIDTH 8 0
BBX 8 16 0 -4
BITMAP
10
10
10
10
10
10
10
F0
00
00
00
00
00
00
00
00
ENDCHAR
STARTCHAR U251B
ENCODING 9499
SWIDTH 500 0
DWIDTH 8 0
BBX 8 16 0 -4
BITMAP
10
10
10
10
10
10
10
F0
00
00
00
00
00
00
00
00
ENDCHAR
STARTCHAR U251C
ENCODING 9500
SWIDTH 500 0
DWIDTH 8 0
BBX 8 16 0 -4
BITMAP
10
10
10
10
10
10
10
1F
10
10
10
10
10
10
10
10
ENDCHAR
STARTCHAR U251D
ENCODING 9501
SWIDTH 500 0
DWIDTH 8 0
BBX 8 16 0 -4
BITMAP
10
10
10
10
10
10
10
1F
10
10
10
10
10
10
10
10
ENDCHAR
STARTCHAR U251E
ENCODING 9502
SWIDTH 500 0
DWIDTH 8 0
BBX 8 16 0 -4
BITMAP
10
10
10
10
10
10
10
1F
10
10
10
10
10
10
10
10
ENDCHAR
STARTCHAR U251F
ENCODING 9503
SWIDTH 500 0
DWIDTH 8 0
BBX 8 16 0 -4
BITMAP
10
10
10
10
10
10
10
1F
10
10
10
10
10
10
10
10
ENDCHAR
STARTCHAR U2520
ENCODING 9504
SWIDTH 500 0
DWIDTH 8 0
BBX 8 16 0 -4
BITMAP
10
10
10
10
10
10
10
1F
10
10
10
10
10
10
10
10
ENDCHAR
STARTCHAR U2521
ENCODING 9505
SWIDTH 500 0
DWIDTH 8 0
BBX 8 16 0 -4
BITMAP
10
10
10
10
10
10
10
1F
10
10
10
10
10
10
10
10
ENDCHAR
STARTCHAR U2522
ENCODING 9506
SWIDTH 500 0
DWIDTH 8 0
BBX 8 16 0 -4
BITMAP
10
10
10
10
10
10
10
1F
10
10
10
10
10
10
10
10
ENDCHAR
STARTCHAR U2523
ENCODING 9507
SWIDTH 500 0
DWIDTH 8 0
BBX 8 16 0 -4
BITMAP
10
10
10
10
10
10
10
1F
10
10
10
10
10
10
10
10
ENDCHAR
STARTCHAR U2524
ENCODING 9508
SWIDTH 500 0
DWIDTH 8 0
BBX 8 16 0 -4
BITMAP
10
10
10
10
10
10
10
F0
10
10
10
10
10
10
10
10
ENDCHAR
STARTCHAR U2525
ENCODING 9509
SWIDTH 500 0
DWIDTH 8 0
BBX 8 16 0 -4
BITMAP
10
10
10
10
10
10
10
F0
10
10
10
10
10
10
10
10
ENDCHAR
STARTCHAR U2526
ENCODING 9510
SWIDTH 500 0
DWIDTH 8 0
BBX 8 16 0 -4
BITMAP
10
10
10
10
10
10
10
F0
10
10
10
10
10
10
10
10
ENDCHAR
STARTCHAR U2527
ENCODING 9511
SWIDTH 500 0
DWIDTH 8 0
BBX 8 16 0 -4
BITMAP
10
10
10
10
10
10
10
F0
10
10
10
10
10
10
10
10
ENDCHAR
STARTCHAR U2528
ENCODING 9512
SWIDTH 500 0
DWIDTH 8 0
BBX 8 16 0 -4
BITMAP
10
10
10
10
10
10
10
F0
10
10
10
10
10
10
10
10
ENDCHAR
STARTCHAR U2529
ENCODING 9513
SWIDTH 500 0
DWIDTH 8 0
BBX 8 16 0 -4
BITMAP
10
10
10
10
10
10
10
F0
10
10
10
10
10
10
10
10
ENDCHAR
STARTCHAR U252A
ENCODING 9514
SWIDTH 500 0
DWIDTH 8 0
BBX 8 16 0 -4
BITMAP
10
10
10
10
10
10
10
F0
10
10
10
10
10
10
10
10
ENDCHAR
STARTCHAR U252B
ENCODING 9515
SWIDTH 500 0
DWIDTH 8 0
BBX 8 16 0 -4
BITMAP
10
10
10
10
10
10
10
F0
10
10
10
10
10
10
10
10
ENDCHAR
STARTCHAR U252C
ENCODING 9516
SWIDTH 500 0
DWIDTH 8 0
BBX 8 16 0 -4
BITMAP
00
00
00
00
00
00
00
FF
10
10
10
10
10
10
10
10
ENDCHAR
STARTCHAR U252D
ENCODING 9517
SWIDTH 500 0
DWIDTH 8 0
BBX 8 16 0 -4
BITMAP
00
00
00
00
00
00
00
FF
10
10
10
10
10
10
10
10
ENDCHAR
STARTCHAR U252E
ENCODING 9518
SWIDTH 500 0
DWIDTH 8 0
BBX 8 16 0 -4
BITMAP
00
00
00
00
00
00
00
FF
10
10
10
10
10
10
10
10
ENDCHAR
STARTCHAR U252F
ENCODING 9519
SWIDTH 500 0
DWIDTH 8 0
BBX 8 16 0 -4
BITMAP
00
00
00
00
00
00
00
FF
10
10
10
10
10
10
10
10
ENDCHAR
STARTCHAR U2530
ENCODING 9520
SWIDTH 500 0
DWIDTH 8 0
BBX 8 16 0 -4
BITMAP
00
00
00
00
00
00
00
FF
10
10
10
10
10
10
10
10
ENDCHAR
STARTCHAR U2531
ENCODING 9521
SWIDTH 500 0
DWIDTH 8 0
BBX 8 16 0 -4
BITMAP
00
00
00
00
00
00
00
FF
10
10
10
10
10
10
10
10
ENDCHAR
STARTCHAR U2532
ENCODING 9522
SWIDTH 500 0
DWIDTH 8 0
BBX 8 16 0 -4
BITMAP
00
00
00
00
00
00
00
FF
10
10
10
10
10
10
10
10
ENDCHAR
STARTCHAR U2533
ENCODING 9523
SWIDTH 500 0
DWIDTH 8 0
BBX 8 16 0 -4
BITMAP
00
00
00
00
00
00
00
FF
10
10
10
10
10
10
10
10
ENDCHAR
STARTCHAR U2534
ENCODING 9524
SWIDTH 500 0
DWIDTH 8 0
BBX 8 16 0 -4
BITMAP
10
10
10
10
10
10
10
FF
00
00
00
00
00
00
00
00
ENDCHAR
STARTCHAR U2535
ENCODING 9525
SWIDTH 500 0
DWIDTH 8 0
BBX 8 16 0 -4
BITMAP
10
10
10
10
10
10
10
FF
00
00
00
00
00
00
00
00
ENDCHAR
STARTCHAR U2536
ENCODING 9526
SWIDTH 500 0
DWIDTH 8 0
BBX 8 16 0 -4
BITMAP
10
10
10
10
10
10
10
FF
00
00
00
00
00
00
00
00
ENDCHAR
STARTCHAR U2537
ENCODING 9527
SWIDTH 500 0
DWIDTH 8 0
BBX 8 16 0 -4
BITMAP
10
10
10
10
10
10
10
FF
00
00
00
00
00
00
00
00
ENDCHAR
STARTCHAR U2538
ENCODING 9528
SWIDTH 500 0
DWIDTH 8 0
BBX 8 16 0 -4
BITMAP
10
10
10
10
10
10
10
FF
00
00
00
00
00
00
00
00
ENDCHAR
STARTCHAR U2539
ENCODING 9529
SWIDTH 500 0
DWIDTH 8 0
BBX 8 16 0 -4
BITMAP
10
10
10
10
10
10
10
FF
00
00
00
00
00
00
00
00
ENDCHAR
STARTCHAR U253A
ENCODING 9530
SWIDTH 500 0
DWIDTH 8 0
BBX 8 16 0 -4
BITMAP
10
10
10
10
10
10
10
FF
00
00
00
00
00
00
00
00
ENDCHAR
STARTCHAR U253B
ENCODING 9531
SWIDTH 500 0
DWIDTH 8 0
BBX 8 16 0 -4
BITMAP
10
10
10
10
10
10
10
FF
00
00
00
00
00
00
00
00
ENDCHAR
STARTCHAR U253C
ENCODING 9532
SWIDTH 500 0
DWIDTH 8 0
BBX 8 16 0 -4
BITMAP
10
10
10
10
10
10
10
FF
10
10
10
10
10
10
10
10
ENDCHAR
STARTCHAR U253D
ENCODING 9533
SWIDTH 500 0
DWIDTH 8 0
BBX 8 16 0 -4
BITMAP
10
10
10
10
10
10
10
FF
10
10
10
10
10
10
10
10
ENDCHAR
STARTCHAR U253E
ENCODING 9534
SWIDTH 500 0
DWIDTH 8 0
BBX 8 16 0 -4
BITMAP
10
10
10
10
10
10
10
FF
10
10
10
10
10
10
10
10
ENDCHAR
STARTCHAR U253F
ENCODING 9535
SWIDTH 500 0
DWIDTH 8 0
BBX 8 16 0 -4
BITMAP
10
10
10
10
10
10
10
FF
10
10
10
10
10
10
10
10
ENDCHAR
STARTCHAR U2540
ENCODING 9536
SWIDTH 500 0
DWIDTH 8 0
BBX 8 16 0 -4
BITMAP
10
10
10
10
10
10
10
FF
10
10
10
10
10
10
10
10
ENDCHAR
STARTCHAR U2541
ENCODING 9537
SWIDTH 500 0
DWIDTH 8 0
BBX 8 16 0 -4
BITMAP
10
10
10
10
10
10
10
FF
10
10
10
10
10
10
10
10
ENDCHAR
STARTCHAR U2542
ENCODING 9538
SWIDTH 500 0
DWIDTH 8 0
BBX 8 16 0 -4
BITMAP
10
10
10
10
10
10
10
FF
10
10
10
10
10
10
10
10
ENDCHAR
STARTCHAR U2543
ENCODING 9539
SWIDTH 500 0
DWIDTH 8 0
BBX 8 16 0 -4
BITMAP
10
10
10
10
10
10
10
FF
10
10
10
10
10
10
10
10
ENDCHAR
STARTCHAR U2544
ENCODING 9540
SWIDTH 500 0
DWIDTH 8 0
BBX 8 16 0 -4
BITMAP
10
10
10
10
10
10
10
FF
10
10
10
10
10
10
10
10
ENDCHAR
STARTCHAR U2545
ENCODING 9541
SWIDTH 500 0
DWIDTH 8 0
BBX 8 16 0 -4
BITMAP
10
10
10
10
10
10
10
FF
10
10
10
10
10
10
10
10
ENDCHAR
STARTCHAR U2546
ENCODING 9542
SWIDTH 500 0
DWIDTH 8 0
BBX 8 16 0 -4
BITMAP
10
10
10
10
10
10
10
FF
10
10
10
10
10
10
10
10
ENDCHAR
STARTCHAR U2547
ENCODING 9543
SWIDTH 500 0
DWIDTH 8 0
BBX 8 16 0 -4
BITMAP
10
10
10
10
10
10
10
FF
10
10
10
10
10
10
10
10
ENDCHAR
STARTCHAR U2548
ENCODING 9544
SWIDTH 500 0
DWIDTH 8 0
BBX 8 16 0 -4
BITMAP
10
10
10
10
10
10
10
FF
10
10
10
10
10
10
10
10
ENDCHAR
STARTCHAR U2549
ENCODING 9545
SWIDTH 500 0
DWIDTH 8 0
BBX 8 16 0 -4
BITMAP
10
10
10
10
10
10
10
FF
10
10
10
10
10
10
10
10
ENDCHAR
STARTCHAR U254A
ENCODING 9546
SWIDTH 500 0
DWIDTH 8 0
BBX 8 16 0 -4
BITMAP
10
10
10
10
10
10
10
FF
10
10
10
10
10
10
10
10
ENDCHAR
STARTCHAR U254B
ENCODING 9547
SWIDTH 500 0
DWIDTH 8 0
BBX 8 16 0 -4
BITMAP
10
10
10
10
10
10
10
FF
10
10
10
10
10
10
10
10
ENDCHAR
STARTCHAR U254C
ENCODING 9548
SWIDTH 500 0
DWIDTH 8 0
BBX 8 16 0 -4
BITMAP
00
00
00
00
00
00
00
FF
00
00
00
00
00
00
00
00
ENDCHAR
STARTCHAR U254D
ENCODING 9549
SWIDTH 500 0
DWIDTH 8 0
BBX 8 16 0 -4
BITMAP
00
00
00
00
00
00
00
FF
00
00
00
00
00
00
00
00
ENDCHAR
STARTCHAR U254E
ENCODING 9550
SWIDTH 500 0
DWIDTH 8 0
BBX 8 16 0 -4
BITMAP
10
10
10
10
10
10
10
10
10
10
10
10
10
10
10
10
ENDCHAR
STARTCHAR U254F
ENCODING 9551
SWIDTH 500 0
DWIDTH 8 0
BBX 8 16 0 -4
BITMAP
10
10
10
10
10
10
10
10
10
10
10
10
10
10
10
10
ENDCHAR
STARTCHAR U2550
ENCODING 9552
SWIDTH 500 0
DWIDTH 8 0
BBX 8 16 0 -4
BITMAP
00
00
00
00
00
00
00
FF
00
00
00
00
00
00
00
00
ENDCHAR
STARTCHAR U2551
ENCODING 9553
SWIDTH 500 0
DWIDTH 8 0
BBX 8 16 0 -4
BITMAP
10
10
10
10
10
10
10
10
10
10
10
10
10
10
10
10
ENDCHAR
STARTCHAR U2552
ENCODING 9554
SWIDTH 500 0
DWIDTH 8 0
BBX 8 16 0 -4
BITMAP
00
00
00
00
00
00
00
1F
10
10
10
10
10
10
10
10
ENDCHAR
STARTCHAR U2553
ENCODING 9555
SWIDTH 500 0
DWIDTH 8 0
BBX 8 16 0 -4
BITMAP
00
00
00
00
00
00
00
1F
10
10
10
10
10
10
10
10
ENDCHAR
STARTCHAR U2554
ENCODING 9556
SWIDTH 500 0
DWIDTH 8 0
BBX 8 16 0 -4
BITMAP
00
00
00
00
00
00
00
1F
10
10
10
10
10
10
10
10
ENDCHAR
STARTCHAR U2555
ENCODING 9557
SWIDTH 500 0
DWIDTH 8 0
BBX 8 16 0 -4
BITMAP
00
00
00
00
00
00
00
F0
10
10
10
10
10
10
10
10
ENDCHAR
STARTCHAR U2556
ENCODING 9558
SWIDTH 500 0
DWIDTH 8 0
BBX 8 16 0 -4
BITMAP
00
00
00
00
00
00
00
F0
10
10
10
10
10
10
10
10
ENDCHAR
STARTCHAR U2557
ENCODING 9559
SWIDTH 500 0
DWIDTH 8 0
BBX 8 16 0 -4
BITMAP
00
00
00
00
00
00
00
F0
10
10
10
10
10
10
10
10
ENDCHAR
STARTCHAR U2558
ENCODING 9560
SWIDTH 500 0
DWIDTH 8 0
BBX 8 16 0 -4
BITMAP
10
10
10
10
10
10
10
1F
00
00
00
00
00
00
00
00
ENDCHAR
STARTCHAR U2559
ENCODING 9561
SWIDTH 500 0
DWIDTH 8 0
BBX 8 16 0 -4
BITMAP
10
10
10
10
10
10
10
1F
00
00
00
00
00
00
00
00
ENDCHAR
STARTCHAR U255A
ENCODING 9562
SWIDTH 500 0
DWIDTH 8 0
BBX 8 16 0 -4
BITMAP
10
10
10
10
10
10
10
1F
00
00
00
00
00
00
00
00
ENDCHAR
STARTCHAR U255B
ENCODING 9563
SWIDTH 500 0
DWIDTH 8 0
BBX 8 16 0 -4
BITMAP
10
10
10
10
10
10
10
F0
00
00
00
00
00
00
00
00
ENDCHAR
STARTCHAR U255C
ENCODING 9564
SWIDTH 500 0
DWIDTH 8 0
BBX 8 16 0 -4
BITMAP
10
10
10
10
10
10
10
F0
00
00
00
00
00
00
00
00
ENDCHAR
STARTCHAR U255D
ENCODING 9565
SWIDTH 500 0
DWIDTH 8 0
BBX 8 16 0 -4
BITMAP
10
10
10
10
10
10
10
F0
00
00
00
00
00
00
00
00
ENDCHAR
STARTCHAR U255E
ENCODING 9566
SWIDTH 500 0
DWIDTH 8 0
BBX 8 16 0 -4
BITMAP
10
10
10
10
10
10
10
1F
10
10
10
10
10
10
10
10
ENDCHAR
STARTCHAR U255F
ENCODING 9567
SWIDTH 500 0
DWIDTH 8 0
BBX 8 16 0 -4
BITMAP
10
10
10
10
10
10
10
1F
10
10
10
10
10
10
10
10
ENDCHAR
STARTCHAR U2560
ENCODING 9568
SWIDTH 500 0
DWIDTH 8 0
BBX 8 16 0 -4
BITMAP
10
10
10
10
10
10
10
1F
10
10
10
10
10
10
10
10
ENDCHAR
STARTCHAR U2561
ENCODING 9569
SWIDTH 500 0
DWIDTH 8 0
BBX 8 16 0 -4
BITMAP
10
10
10
10
10
10
10
F0
10
10
10
10
10
10
10
10
ENDCHAR
STARTCHAR U2562
ENCODING 9570
SWIDTH 500 0
DWIDTH 8 0
BBX 8 16 0 -4
BITMAP
10
10
10
10
10
10
10
F0
10
10
10
10
10
10
10
10
ENDCHAR
STARTCHAR U2563
ENCODING 9571
SWIDTH 500 0
DWIDTH 8 0
BBX 8 16 0 -4
BITMAP
10
10
10
10
10
10
10
F0
10
10
10
10
10
10
10
10
ENDCHAR
STARTCHAR U2564
ENCODING 9572
SWIDTH 500 0
DWIDTH 8 0
BBX 8 16 0 -4
BITMAP
00
00
00
00
00
00
00
FF
10
10
10
10
10
10
10
10
ENDCHAR
STARTCHAR U2565
ENCODING 9573
SWIDTH 500 0
DWIDTH 8 0
BBX 8 16 0 -4
BITMAP
00
00
00
00
00
00
00
FF
10
10
10
10
10
10
10
10
ENDCHAR
STARTCHAR U2566
ENCODING 9574
SWIDTH 500 0
DWIDTH 8 0
BBX 8 16 0 -4
BITMAP
00
00
00
00
00
00
00
FF
10
10
10
10
10
10
10
10
ENDCHAR
STARTCHAR U2567
ENCODING 9575
SWIDTH 500 0
DWIDTH 8 0
BBX 8 16 0 -4
BITMAP
10
10
10
10
10
10
10
FF
00
00
00
00
00
00
00
00
ENDCHAR
STARTCHAR U2568
ENCODING 9576
SWIDTH 500 0
DWIDTH 8 0
BBX 8 16 0 -4
BITMAP
10
10
10
10
10
10
10
FF
00
00
00
00
00
00
00
00
ENDCHAR
STARTCHAR U2569
ENCODING 9577
SWIDTH 500 0
DWIDTH 8 0
BBX 8 16 0 -4
BITMAP
10
10
10
10
10
10
10
FF
00
00
00
00
00
00
00
00
ENDCHAR
STARTCHAR U256A
ENCODING 9578
SWIDTH 500 0
DWIDTH 8 0
BBX 8 16 0 -4
BITMAP
10
10
10
10
10
10
10
FF
10
10
10
10
10
10
10
10
ENDCHAR
STARTCHAR U256B
ENCODING 9579
SWIDTH 500 0
DWIDTH 8 0
BBX 8 16 0 -4
BITMAP
10
10
10
10
10
10
10
FF
10
10
10
10
10
10
10
10
ENDCHAR
STARTCHAR U256C
ENCODING 9580
SWIDTH 500 0
DWIDTH 8 0
BBX 8 16 0 -4
BITMAP
10
10
10
10
10
10
10
FF
10
10
10
10
10
10
10
10
ENDCHAR
STARTCHAR U256D
ENCODING 9581
SWIDTH 500 0
DWIDTH 8 0
BBX 8 16 0 -4
BITMAP
00
00
00
00
00
00
00
1F
10
10
10
10
10
10
10
10
ENDCHAR
STARTCHAR U256E
ENCODING 9582
SWIDTH 500 0
DWIDTH 8 0
BBX 8 16 0 -4
BITMAP
00
00
00
00
00
00
00
F0
10
10
10
10
10
10
10
10
ENDCHAR
STARTCHAR U256F
ENCODING 9583
SWIDTH 500 0
DWIDTH 8 0
BBX 8 16 0 -4
BITMAP
10
10
10
10
10
10
10
F0
00
00
00
00
00
00
00
00
ENDCHAR
STARTCHAR U2570
ENCODING 9584
SWIDTH 500 0
DWIDTH 8 0
BBX 8 16 0 -4
BITMAP
10
10
10
10
10
10
10
1F
00
00
00
00
00
00
00
00
ENDCHAR
STARTCHAR U2571
ENCODING 9585
SWIDTH 500 0
DWIDTH 8 0
BBX 8 16 0 -4
BITMAP
00
00
04
04
08
08
10
10
20
20
40
40
00
00
00
00
ENDCHAR
STARTCHAR U2572
ENCODING 9586
SWIDTH 500 0
DWIDTH 8 0
BBX 8 16 0 -4
BITMAP
00
00
40
40
20
20
10
10
08
08
04
04
00
00
00
00
ENDCHAR
STARTCHAR U2573
ENCODING 9587
SWIDTH 500 0
DWIDTH 8 0
BBX 8 16 0 -4
BITMAP
00
00
42
42
24
24
18
18
24
24
42
42
00
00
00
00
ENDCHAR
STARTCHAR U2574
ENCODING 9588
SWIDTH 500 0
DWIDTH 8 0
BBX 8 16 0 -4
BITMAP
00
00
00
00
00
00
00
FF
00
00
00
00
00
00
00
00
ENDCHAR
STARTCHAR U2575
ENCODING 9589
SWIDTH 500 0
DWIDTH 8 0
BBX 8 16 0 -4
BITMAP
10
10
10
10
10
10
10
10
10
10
10
10
10
10
10
10
ENDCHAR
STARTCHAR U2576
ENCODING 9590
SWIDTH 500 0
DWIDTH 8 0
BBX 8 16 0 -4
BITMAP
00
00
00
00
00
00
00
FF
00
00
00
00
00
00
00
00
ENDCHAR
STARTCHAR U2577
ENCODING 9591
SWIDTH 500 0
DWIDTH 8 0
BBX 8 16 0 -4
BITMAP
10
10
10
10
10
10
10
10
10
10
10
10
10
10
10
10
ENDCHAR
STARTCHAR U2578
ENCODING 9592
SWIDTH 500 0
DWIDTH 8 0
BBX 8 16 0 -4
BITMAP
00
00
00
00
00
00
00
FF
00
00
00
00
00
00
00
00
ENDCHAR
STARTCHAR U2579
ENCODING 9593
SWIDTH 500 0
DWIDTH 8 0
BBX 8 16 0 -4
BITMAP
10
10
10
10
10
10
10
10
10
10
10
10
10
10
10
10
ENDCHAR
STARTCHAR U257A
ENCODING 9594
SWIDTH 500 0
DWIDTH 8 0
BBX 8 16 0 -4
BITMAP
00
00
00
00
00
00
00
FF
00
00
00
00
00
00
00
00
ENDCHAR
STARTCHAR U257B
ENCODING 9595
SWIDTH 500 0
DWIDTH 8 0
BBX 8 16 0 -4
BITMAP
10
10
10
10
10
10
10
10
10
10
10
10
10
10
10
10
ENDCHAR
STARTCHAR U257C
ENCODING 9596
SWIDTH 500 0
DWIDTH 8 0
BBX 8 16 0 -4
BITMAP
00
00
00
00
00
00
00
FF
00
00
00
00
00
00
00
00
ENDCHAR
STARTCHAR U257D
ENCODING 9597
SWIDTH 500 0
DWIDTH 8 0
BBX 8 16 0 -4
BITMAP
10
10
10
10
10
10
10
10
10
10
10
10
10
10
10
10
ENDCHAR
STARTCHAR U257E
ENCODING 9598
SWIDTH 500 0
DWIDTH 8 0
BBX 8 16 0 -4
BITMAP
00
00
00
00
00
00
00
FF
00
00
00
00
00
00
00
00
ENDCHAR
STARTCHAR U257F
ENCODING 9599
SWIDTH 500 0
DWIDTH 8 0
BBX 8 16 0 -4
BITMAP
10
10
10
10
10
10
10
10
10
10
10
10
10
10
10
10
ENDCHAR
STARTCHAR U2588
ENCODING 9608
SWIDTH 500 0
DWIDTH 8 0
BBX 8 16 0 -4
BITMAP
FF
FF
FF
FF
FF
FF
FF
FF
FF
FF
FF
FF
FF
FF
FF
FF
ENDCHAR
STARTCHAR U2591
ENCODING 9617
SWIDTH 500 0
DWIDTH 8 0
BBX 8 16 0 -4
BITMAP
88
22
88
22
88
22
88
22
88
22
88
22
88
22
88
22
ENDCHAR
STARTCHAR U2592
ENCODING 9618
SWIDTH 500 0
DWIDTH 8 0
BBX 8 16 0 -4
BITMAP
AA
55
AA
55
AA
55
AA
55
AA
55
AA
55
AA
55
AA
55
ENDCHAR
STARTCHAR U2593
ENCODING 9619
SWIDTH 500 0
DWIDTH 8 0
BBX 8 16 0 -4
BITMAP
00
00
00
00
00
3E
3E
3E
3E
3E
3E
3E
00
00
00
00
ENDCHAR
STARTCHAR U25A0
ENCODING 9632
SWIDTH 500 0
DWIDTH 8 0
BBX 8 16 0 -4
BITMAP
00
00
00
00
00
3C
3C
3C
3C
3C
3C
00
00
00
00
00
ENDCHAR
STARTCHAR U25AE
ENCODING 9646
SWIDTH 500 0
DWIDTH 8 0
BBX 8 16 0 -4
BITMAP
00
00
00
00
00
3C
3C
3C
3C
3C
3C
00
00
00
00
00
ENDCHAR
STARTCHAR U25B2
ENCODING 9650
SWIDTH 500 0
DWIDTH 8 0
BBX 8 16 0 -4
BITMAP
00
00
10
38
54
10
10
10
10
10
10
10
00
00
00
00
ENDCHAR
STARTCHAR U25B4
ENCODING 9652
SWIDTH 500 0
DWIDTH 8 0
BBX 8 16 0 -4
BITMAP
00
00
10
38
54
10
10
10
10
10
10
10
00
00
00
00
ENDCHAR
STARTCHAR U25B6
ENCODING 9654
SWIDTH 500 0
DWIDTH 8 0
BBX 8 16 0 -4
BITMAP
00
00
00
00
00
08
04
FE
04
08
00
00
00
00
00
00
ENDCHAR
STARTCHAR U25B8
ENCODING 9656
SWIDTH 500 0
DWIDTH 8 0
BBX 8 16 0 -4
BITMAP
00
00
00
00
00
08
04
FE
04
08
00
00
00
00
00
00
ENDCHAR
STARTCHAR U25BC
ENCODING 9660
SWIDTH 500 0
DWIDTH 8 0
BBX 8 16 0 -4
BITMAP
00
00
10
10
10
10
10
10
10
54
38
10
00
00
00
00
ENDCHAR
STARTCHAR U25BE
ENCODING 9662
SWIDTH 500 0
DWIDTH 8 0
BBX 8 16 0 -4
BITMAP
00
00
10
10
10
10
10
10
10
54
38
10
00
00
00
00
ENDCHAR
STARTCHAR U25C0
ENCODING 9664
SWIDTH 500 0
DWIDTH 8 0
BBX 8 16 0 -4
BITMAP
00
00
00
00
00
20
40
FE
40
20
00
00
00
00
00
00
ENDCHAR
STARTCHAR U25C2
ENCODING 9666
SWIDTH 500 0
DWIDTH 8 0
BBX 8 16 0 -4
BITMAP
00
00
00
00
00
20
40
FE
40
20
00
00
00
00
00
00
ENDCHAR
STARTCHAR U25C8
ENCODING 9672
SWIDTH 500 0
DWIDTH 8 0
BBX 8 16 0 -4
BITMAP
00
00
00
00
10
38
7C
FE
7C
38
10
00
00
00
00
00
ENDCHAR
STARTCHAR U25CF
ENCODING 9679
SWIDTH 500 0
DWIDTH 8 0
BBX 8 16 0 -4
BITMAP
00
00
00
00
00
00
18
3C
3C
18
00
00
00
00
00
00
ENDCHAR
STARTCHAR U2610
ENCODING 9744
SWIDTH 500 0
DWIDTH 8 0
BBX 8 16 0 -4
BITMAP
00
00
00
00
00
00
00
00
00
00
10
10
00
00
00
00
ENDCHAR
STARTCHAR U2611
ENCODING 9745
SWIDTH 500 0
DWIDTH 8 0
BBX 8 16 0 -4
BITMAP
00
00
00
00
00
42
42
42
24
24
18
18
00
00
00
00
ENDCHAR
STARTCHAR U2612
ENCODING 9746
SWIDTH 500 0
DWIDTH 8 0
BBX 8 16 0 -4
BITMAP
00
00
00
00
00
42
42
24
18
24
42
42
00
00
00
00
ENDCHAR
STARTCHAR U263A
ENCODING 9786
SWIDTH 500 0
DWIDTH 8 0
BBX 8 16 0 -4
BITMAP
00
00
7C
82
AA
82
82
BA
92
82
82
7C
00
00
00
00
ENDCHAR
STARTCHAR U263B
ENCODING 9787
SWIDTH 500 0
DWIDTH 8 0
BBX 8 16 0 -4
BITMAP
00
00
7C
FE
D6
FE
FE
C6
EE
FE
FE
7C
00
00
00
00
ENDCHAR
STARTCHAR U263C
ENCODING 9788
SWIDTH 500 0
DWIDTH 8 0
BBX 8 16 0 -4
BITMAP
00
00
00
10
92
54
38
EE
38
54
92
10
00
00
00
00
ENDCHAR
STARTCHAR U2666
ENCODING 9830
SWIDTH 500 0
DWIDTH 8 0
BBX 8 16 0 -4
BITMAP
00
00
00
00
10
38
7C
FE
7C
38
10
00
00
00
00
00
ENDCHAR
STARTCHAR U2717
ENCODING 10007
SWIDTH 500 0
DWIDTH 8 0
BBX 8 16 0 -4
BITMAP
00
00
00
00
00
42
42
24
18
24
42
42
00
00
00
00
ENDCHAR
STARTCHAR U2718
ENCODING 10008
SWIDTH 500 0
DWIDTH 8 0
BBX 8 16 0 -4
BITMAP
00
00
00
00
00
42
42
24
18
24
42
42
00
00
00
00
ENDCHAR
STARTCHAR U2BBD
ENCODING 11197
SWIDTH 500 0
DWIDTH 8 0
BBX 8 16 0 -4
BITMAP
00
00
00
00
00
42
42
24
18
24
42
42
00
00
00
00
ENDCHAR
STARTCHAR UE000
ENCODING 57344
SWIDTH 500 0
DWIDTH 8 0
BBX 8 16 0 -4
BITMAP
00
00
00
00
00
00
00
00
00
44
00
00
00
00
00
00
ENDCHAR
STARTCHAR UE001
ENCODING 57345
SWIDTH 500 0
DWIDTH 8 0
BBX 8 16 0 -4
BITMAP
00
00
00
00
00
00
00
3E
22
22
22
3E
00
00
00
00
ENDCHAR
STARTCHAR UE002
ENCODING 57346
SWIDTH 500 0
DWIDTH 8 0
BBX 8 16 0 -4
BITMAP
00
00
00
00
00
00
08
3E
2A
2A
2A
3E
08
00
00
00
ENDCHAR
STARTCHAR UE003
ENCODING 57347
SWIDTH 500 0
DWIDTH 8 0
BBX 8 16 0 -4
BITMAP
00
00
00
00
00
22
22
22
2A
36
2A
22
22
22
00
00
ENDCHAR
STARTCHAR UE004
ENCODING 57348
SWIDTH 500 0
DWIDTH 8 0
BBX 8 16 0 -4
BITMAP
00
00
00
00
00
20
30
28
24
22
24
28
30
20
00
00
ENDCHAR
STARTCHAR UE005
ENCODING 57349
SWIDTH 500 0
DWIDTH 8 0
BBX 8 16 0 -4
BITMAP
00
00
00
00
00
02
06
0A
12
22
12
0A
06
02
00
00
ENDCHAR
STARTCHAR UE006
ENCODING 57350
SWIDTH 500 0
DWIDTH 8 0
BBX 8 16 0 -4
BITMAP
00
00
00
00
00
08
14
22
22
3E
22
22
14
08
00
00
ENDCHAR
STARTCHAR UE007
ENCODING 57351
SWIDTH 500 0
DWIDTH 8 0
BBX 8 16 0 -4
BITMAP
00
00
00
00
00
02
12
0A
06
3E
06
0A
12
02
00
00
ENDCHAR
STARTCHAR UE008
ENCODING 57352
SWIDTH 500 0
DWIDTH 8 0
BBX 8 16 0 -4
BITMAP
00
00
00
00
00
08
1C
2A
08
08
08
08
00
00
00
00
ENDCHAR
STARTCHAR UE009
ENCODING 57353
SWIDTH 500 0
DWIDTH 8 0
BBX 8 16 0 -4
BITMAP
00
00
00
00
00
00
00
04
02
7F
02
04
00
00
00
00
ENDCHAR
STARTCHAR UE00A
ENCODING 57354
SWIDTH 500 0
DWIDTH 8 0
BBX 8 16 0 -4
BITMAP
00
00
00
00
00
08
08
08
08
2A
1C
08
00
00
00
00
ENDCHAR
STARTCHAR UE00B
ENCODING 57355
SWIDTH 500 0
DWIDTH 8 0
BBX 8 16 0 -4
BITMAP
00
00
00
00
00
00
00
10
20
7F
20
10
00
00
00
00
ENDCHAR
STARTCHAR UE00C
ENCODING 57356
SWIDTH 500 0
DWIDTH 8 0
BBX 8 16 0 -4
BITMAP
00
00
00
00
00
1C
20
1C
22
22
1C
02
1C
00
00
00
ENDCHAR
STARTCHAR UE00D
ENCODING 57357
SWIDTH 500 0
DWIDTH 8 0
BBX 8 16 0 -4
BITMAP
00
00
00
00
00
00
00
00
00
00
02
02
14
38
7C
00
ENDCHAR
STARTCHAR UE00E
ENCODING 57358
SWIDTH 500 0
DWIDTH 8 0
BBX 8 16 0 -4
BITMAP
00
00
00
00
00
08
14
36
14
14
14
14
14
14
00
00
ENDCHAR
STARTCHAR UFFFD
ENCODING 65533
SWIDTH 500 0
DWIDTH 8 0
BBX 8 16 0 -4
BITMAP
00
00
00
00
10
38
7C
FE
7C
38
10
00
00
00
00
00
ENDCHAR
ENDFONT
