// SPDX-License-Identifier: GPL-3.0-or-later
// Copyright (C) 2024-2026 Marcel Prisi
// Auto-generated from web/smaky6-logo-header.png — do not edit
#define SMAKY6_LOGO_W 200
#define SMAKY6_LOGO_H 51
static const unsigned char smaky6_logo_rgba[] = {
    0x00,0x00,0x00,0x00,0x00,0x00,0x00,0x00,0x00,0x00,0x00,0x00,0x00,0x00,0x00,0x00,0x00,0x00,0x00,0x00,0x00,0x00,0x00,0x00,
    0x00,0x00,0x00,0x00,0x00,0x00,0x00,0x00,0x00,0x00,0x00,0x00,0x00,0x00,0x00,0x00,0x00,0x00,0x00,0x00,0x00,0x00,0x00,0x00,
    0x00,0x00,0x00,0x00,0x00,0x00,0x00,0x00,0x00,0x00,0x00,0x00,0x00,0x00,0x00,0x00,0x00,0x00,0x00,0x00,0x00,0x00,0x00,0x00,
    0x00,0x00,0x00,0x00,0x00,0x00,0x00,0x00,0x00,0x00,0x00,0x00,0x00,0x00,0x00,0x00,0x00,0x00,0x00,0x00,0x00,0x00,0x00,0x00,
    0x00,0x00,0x00,0x00,0x00,0x00,0x00,0x00,0x00,0x00,0x00,0x00,0x00,0x00,0x00,0x00,0x00,0x00,0x00,0x00,0x00,0x00,0x00,0x00,
    0x00,0x00,0x00,0x00,0x00,0x00,0x00,0x00,0x00,0x00,0x00,0x00,0x00,0x00,0x00,0x00,0x00,0x00,0x00,0x00,0x00,0x00,0x00,0x00,
    0x00,0x00,0x00,0x00,0x00,0x00,0x00,0x00,0x00,0x00,0x00,0x00,0x00,0x00,0x00,0x00,0x00,0x00,0x00,0x00,0x00,0x00,0x00,0x00,
    0x00,0x00,0x00,0x00,0x00,0x00,0x00,0x00,0x00,0x00,0x00,0x00,0x00,0x00,0x00,0x00,0x00,0x00,0x00,0x00,0x00,0x00,0x00,0x00,
    0x00,0x00,0x00,0x00,0x00,0x00,0x00,0x00,0x00,0x00,0x00,0x00,0x00,0x00,0x00,0x00,0x00,0x00,0x00,0x00,0x00,0x00,0x00,0x00,
    0x00,0x00,0x00,0x00,0x00,0x00,0x00,0x00,0x00,0x00,0x00,0x00,0x00,0x00,0x00,0x00,0x00,0x00,0x00,0x00,0x00,0x00,0x00,0x00,
    0x00,0x00,0x00,0x00,0x00,0x00,0x00,0x00,0x00,0x00,0x00,0x00,0x00,0x00,0x00,0x00,0x00,0x00,0x00,0x00,0x00,0x00,0x00,0x00,
    0x00,0x00,0x00,0x00,0x00,0x00,0x00,0x00,0x00,0x00,0x00,0x00,0x00,0x00,0x00,0x00,0x00,0x00,0x00,0x00,0x00,0x00,0x00,0x00,
    0x00,0x00,0x00,0x00,0x00,0x00,0x00,0x00,0x00,0x00,0x00,0x00,0x00,0x00,0x00,0x00,0x00,0x00,0x00,0x00,0x00,0x00,0x00,0x00,
    0x00,0x00,0x00,0x00,0x00,0x00,0x00,0x00,0x00,0x00,0x00,0x00,0x00,0x00,0x00,0x00,0x00,0x00,0x00,0x00,0x00,0x00,0x00,0x00,
    0x00,0x00,0x00,0x00,0x00,0x00,0x00,0x00,0x00,0x00,0x00,0x00,0x00,0x00,0x00,0x00,0x00,0x00,0x00,0x00,0x00,0x00,0x00,0x00,
    0x00,0x00,0x00,0x00,0x00,0x00,0x00,0x00,0x00,0x00,0x00,0x00,0x00,0x00,0x00,0x00,0x00,0x00,0x00,0x00,0x00,0x00,0x00,0x00,
    0x00,0x00,0x00,0x00,0x00,0x00,0x00,0x00,0x00,0x00,0x00,0x00,0x00,0x00,0x00,0x00,0x00,0x00,0x00,0x00,0x00,0x00,0x00,0x00,
    0x00,0x00,0x00,0x00,0x00,0x00,0x00,0x00,0x00,0x00,0x00,0x00,0x00,0x00,0x00,0x00,0x00,0x00,0x00,0x00,0x00,0x00,0x00,0x00,
    0x00,0x00,0x00,0x00,0x00,0x00,0x00,0x00,0x00,0x00,0x00,0x00,0x00,0x00,0x00,0x00,0x00,0x00,0x00,0x00,0x00,0x00,0x00,0x00,
    0x00,0x00,0x00,0x00,0x00,0x00,0x00,0x00,0x00,0x00,0x00,0x00,0x00,0x00,0x00,0x00,0x00,0x00,0x00,0x00,0x00,0x00,0x00,0x00,
    0x00,0x00,0x00,0x00,0x00,0x00,0x00,0x00,0x00,0x00,0x00,0x00,0x00,0x00,0x00,0x00,0x00,0x00,0x00,0x00,0x00,0x00,0x00,0x00,
    0x00,0x00,0x00,0x00,0x00,0x00,0x00,0x00,0x00,0x00,0x00,0x00,0x00,0x00,0x00,0x00,0x00,0x00,0x00,0x00,0x00,0x00,0x00,0x00,
    0x00,0x00,0x00,0x00,0x00,0x00,0x00,0x00,0x00,0x00,0x00,0x00,0x00,0x00,0x00,0x00,0x00,0x00,0x00,0x00,0x00,0x00,0x00,0x00,
    0x00,0x00,0x00,0x00,0x00,0x00,0x00,0x00,0x00,0x00,0x00,0x00,0x00,0x00,0x00,0x00,0x00,0x00,0x00,0x00,0x00,0x00,0x00,0x00,
    0x00,0x00,0x00,0x00,0x00,0x00,0x00,0x00,0x00,0x00,0x00,0x00,0x00,0x00,0x00,0x00,0x00,0x00,0x00,0x00,0x00,0x00,0x00,0x00,
    0x00,0x00,0x00,0x00,0x00,0x00,0x00,0x00,0x00,0x00,0x00,0x00,0x00,0x00,0x00,0x00,0x00,0x00,0x00,0x00,0x00,0x00,0x00,0x00,
    0x00,0x00,0x00,0x00,0x00,0x00,0x00,0x00,0x00,0x00,0x00,0x00,0x00,0x00,0x00,0x00,0x00,0x00,0x00,0x00,0x00,0x00,0x00,0x00,
    0x00,0x00,0x00,0x00,0x00,0x00,0x00,0x00,0x00,0x00,0x00,0x00,0x00,0x00,0x00,0x00,0x00,0x00,0x00,0x00,0x00,0x00,0x00,0x00,
    0x00,0x00,0x00,0x00,0x00,0x00,0x00,0x00,0x00,0x00,0x00,0x00,0x00,0x00,0x00,0x00,0x00,0x00,0x00,0x00,0x00,0x00,0x00,0x00,
    0x00,0x00,0x00,0x00,0x00,0x00,0x00,0x00,0x00,0x00,0x00,0x00,0x00,0x00,0x00,0x00,0x00,0x00,0x00,0x00,0x00,0x00,0x00,0x00,
    0x00,0x00,0x00,0x00,0x00,0x00,0x00,0x00,0x00,0x00,0x00,0x00,0x00,0x00,0x00,0x00,0x00,0x00,0x00,0x00,0x00,0x00,0x00,0x00,
    0x00,0x00,0x00,0x00,0x00,0x00,0x00,0x00,0x00,0x00,0x00,0x00,0x00,0x00,0x00,0x00,0x00,0x00,0x00,0x00,0x00,0x00,0x00,0x00,
    0x00,0x00,0x00,0x00,0x00,0x00,0x00,0x00,0x00,0x00,0x00,0x00,0x00,0x00,0x00,0x00,0x00,0x00,0x00,0x00,0x00,0x00,0x00,0x00,
    0x00,0x00,0x00,0x00,0x00,0x00,0x00,0x00,0x00,0x00,0x00,0x00,0x00,0x00,0x00,0x00,0x00,0x00,0x00,0x00,0x00,0x00,0x00,0x00,
    0x00,0x00,0x00,0x00,0x00,0x00,0x00,0x00,0x00,0x00,0x00,0x00,0x00,0x00,0x00,0x00,0x00,0x00,0x00,0x00,0x00,0x00,0x00,0x00,
    0x00,0x00,0x00,0x00,0x00,0x00,0x00,0x00,0x00,0x00,0x00,0x00,0x00,0x00,0x00,0x00,0x00,0x00,0x00,0x00,0x00,0x00,0x00,0x00,
    0x00,0x00,0x00,0x00,0x00,0x00,0x00,0x00,0x00,0x00,0x00,0x00,0x00,0x00,0x00,0x00,0x00,0x00,0x00,0x00,0x00,0x00,0x00,0x00,
    0x00,0x00,0x00,0x00,0x00,0x00,0x00,0x00,0x00,0x00,0x00,0x00,0x00,0x00,0x00,0x00,0x00,0x00,0x00,0x00,0x00,0x00,0x00,0x00,
    0x00,0x00,0x00,0x00,0x00,0x00,0x00,0x00,0x00,0x00,0x00,0x00,0x00,0x00,0x00,0x00,0x00,0x00,0x00,0x00,0x00,0x00,0x00,0x00,
    0x00,0x00,0x00,0x00,0x00,0x00,0x00,0x00,0x00,0x00,0x00,0x00,0x00,0x00,0x00,0x00,0x00,0x00,0x00,0x00,0x00,0x00,0x00,0x00,
    0x00,0x00,0x00,0x00,0x00,0x00,0x00,0x00,0x00,0x00,0x00,0x00,0x00,0x00,0x00,0x00,0x00,0x00,0x00,0x00,0x00,0x00,0x00,0x00,
    0x00,0x00,0x00,0x00,0x00,0x00,0x00,0x00,0x00,0x00,0x00,0x00,0x00,0x00,0x00,0x00,0x00,0x00,0x00,0x00,0x00,0x00,0x00,0x00,
    0x00,0x00,0x00,0x00,0x00,0x00,0x00,0x00,0x00,0x00,0x00,0x00,0x00,0x00,0x00,0x00,0x00,0x00,0x00,0x00,0x00,0x00,0x00,0x00,
    0x00,0x00,0x00,0x00,0x00,0x00,0x00,0x00,0x00,0x00,0x00,0x00,0x00,0x00,0x00,0x00,0x00,0x00,0x00,0x00,0x00,0x00,0x00,0x00,
    0x00,0x00,0x00,0x00,0x00,0x00,0x00,0x00,0x00,0x00,0x00,0x00,0x00,0x00,0x00,0x00,0x00,0x00,0x00,0x00,0x00,0x00,0x00,0x00,
    0x00,0x00,0x00,0x00,0x00,0x00,0x00,0x00,0x00,0x00,0x00,0x00,0x00,0x00,0x00,0x00,0x00,0x00,0x00,0x00,0x00,0x00,0x00,0x00,
    0x00,0x00,0x00,0x00,0x00,0x00,0x00,0x00,0x00,0x00,0x00,0x00,0x00,0x00,0x00,0x00,0x00,0x00,0x00,0x00,0x00,0x00,0x00,0x00,
    0x00,0x00,0x00,0x00,0x00,0x00,0x00,0x00,0x00,0x00,0x00,0x00,0x00,0x00,0x00,0x00,0x00,0x00,0x00,0x00,0x00,0x00,0x00,0x00,
    0x00,0x00,0x00,0x00,0x00,0x00,0x00,0x00,0x00,0x00,0x00,0x00,0x00,0x00,0x00,0x00,0x00,0x00,0x00,0x00,0x00,0x00,0x00,0x00,
    0x00,0x00,0x00,0x00,0x00,0x00,0x00,0x00,0x00,0x00,0x00,0x00,0x00,0x00,0x00,0x00,0x00,0x00,0x00,0x00,0x00,0x00,0x00,0x00,
    0x00,0x00,0x00,0x00,0x00,0x00,0x00,0x00,0x00,0x00,0x00,0x00,0x00,0x00,0x00,0x00,0x00,0x00,0x00,0x00,0x00,0x00,0x00,0x00,
    0x00,0x00,0x00,0x00,0x00,0x00,0x00,0x00,0x00,0x00,0x00,0x00,0x00,0x00,0x00,0x00,0x00,0x00,0x00,0x00,0x00,0x00,0x00,0x00,
    0x00,0x00,0x00,0x00,0x00,0x00,0x00,0x00,0x00,0x00,0x00,0x00,0x00,0x00,0x00,0x00,0x00,0x00,0x00,0x00,0x00,0x00,0x00,0x00,
    0x00,0x00,0x00,0x00,0x00,0x00,0x00,0x00,0x00,0x00,0x00,0x00,0x00,0x00,0x00,0x00,0x00,0x00,0x00,0x00,0x00,0x00,0x00,0x00,
    0x00,0x00,0x00,0x00,0x00,0x00,0x00,0x00,0x00,0x00,0x00,0x00,0x00,0x00,0x00,0x00,0x00,0x00,0x00,0x00,0x00,0x00,0x00,0x00,
    0x00,0x00,0x00,0x00,0x00,0x00,0x00,0x00,0x00,0x00,0x00,0x00,0x00,0x00,0x00,0x00,0x00,0x00,0x00,0x00,0x00,0x00,0x00,0x00,
    0x00,0x00,0x00,0x00,0x00,0x00,0x00,0x00,0x00,0x00,0x00,0x00,0x00,0x00,0x00,0x00,0x00,0x00,0x00,0x00,0x00,0x00,0x00,0x00,
    0x00,0x00,0x00,0x00,0x00,0x00,0x00,0x00,0x00,0x00,0x00,0x00,0x00,0x00,0x00,0x00,0x00,0x00,0x00,0x00,0x00,0x00,0x00,0x00,
    0x00,0x00,0x00,0x00,0x00,0x00,0x00,0x00,0x00,0x00,0x00,0x00,0x00,0x00,0x00,0x00,0x00,0x00,0x00,0x00,0x00,0x00,0x00,0x00,
    0x00,0x00,0x00,0x00,0x00,0x00,0x00,0x00,0x00,0x00,0x00,0x00,0x00,0x00,0x00,0x00,0x00,0x00,0x00,0x00,0x00,0x00,0x00,0x00,
    0x00,0x00,0x00,0x00,0x00,0x00,0x00,0x00,0x00,0x00,0x00,0x00,0x00,0x00,0x00,0x00,0x00,0x00,0x00,0x00,0x00,0x00,0x00,0x00,
    0x00,0x00,0x00,0x00,0x00,0x00,0x00,0x00,0x00,0x00,0x00,0x00,0x00,0x00,0x00,0x00,0x00,0x00,0x00,0x00,0x00,0x00,0x00,0x00,
    0x00,0x00,0x00,0x00,0x00,0x00,0x00,0x00,0x00,0x00,0x00,0x00,0x00,0x00,0x00,0x00,0x00,0x00,0x00,0x00,0x00,0x00,0x00,0x00,
    0x00,0x00,0x00,0x00,0x00,0x00,0x00,0x00,0x00,0x00,0x00,0x00,0x00,0x00,0x00,0x00,0x00,0x00,0x00,0x00,0x00,0x00,0x00,0x00,
    0x00,0x00,0x00,0x00,0x00,0x00,0x00,0x00,0x00,0x00,0x00,0x00,0x00,0x00,0x00,0x00,0x00,0x00,0x00,0x00,0x00,0x00,0x00,0x00,
    0x00,0x00,0x00,0x00,0x00,0x00,0x00,0x00,0x00,0x00,0x00,0x00,0x00,0x00,0x00,0x00,0x00,0x00,0x00,0x00,0x00,0x00,0x00,0x00,
    0x00,0x00,0x00,0x00,0x00,0x00,0x00,0x00,0x00,0x00,0x00,0x00,0x00,0x00,0x00,0x00,0x00,0x00,0x00,0x00,0x00,0x00,0x00,0x00,
    0x00,0x00,0x00,0x00,0x00,0x00,0x00,0x00,0x00,0x00,0x00,0x00,0x00,0x00,0x00,0x00,0x00,0x00,0x00,0x00,0x00,0x00,0x00,0x00,
    0x00,0x00,0x00,0x00,0x00,0x00,0x00,0x00,0x00,0x00,0x00,0x00,0x00,0x00,0x00,0x00,0x00,0x00,0x00,0x00,0x00,0x00,0x00,0x00,
    0x00,0x00,0x00,0x00,0x00,0x00,0x00,0x00,0x00,0x00,0x00,0x00,0x00,0x00,0x00,0x00,0x00,0x00,0x00,0x00,0x00,0x00,0x00,0x00,
    0x00,0x00,0x00,0x00,0x00,0x00,0x00,0x00,0x00,0x00,0x00,0x00,0x00,0x00,0x00,0x00,0x00,0x00,0x00,0x00,0x00,0x00,0x00,0x00,
    0x00,0x00,0x00,0x00,0x00,0x00,0x00,0x00,0x00,0x00,0x00,0x00,0x00,0x00,0x00,0x00,0x00,0x00,0x00,0x00,0x00,0x00,0x00,0x00,
    0x00,0x00,0x00,0x00,0x00,0x00,0x00,0x00,0x00,0x00,0x00,0x00,0x00,0x00,0x00,0x00,0x00,0x00,0x00,0x00,0x00,0x00,0x00,0x00,
    0x00,0x00,0x00,0x00,0x00,0x00,0x00,0x00,0x00,0x00,0x00,0x00,0x00,0x00,0x00,0x00,0x00,0x00,0x00,0x00,0x00,0x00,0x00,0x00,
    0x00,0x00,0x00,0x00,0x00,0x00,0x00,0x00,0x00,0x00,0x00,0x00,0x00,0x00,0x00,0x00,0x00,0x00,0x00,0x00,0x00,0x00,0x00,0x00,
    0x00,0x00,0x00,0x00,0x00,0x00,0x00,0x00,0x00,0x00,0x00,0x00,0x00,0x00,0x00,0x00,0x00,0x00,0x00,0x00,0x00,0x00,0x00,0x00,
    0x00,0x00,0x00,0x00,0x00,0x00,0x00,0x00,0x00,0x00,0x00,0x00,0x00,0x00,0x00,0x00,0x00,0x00,0x00,0x00,0x00,0x00,0x00,0x00,
    0x00,0x00,0x00,0x00,0x00,0x00,0x00,0x00,0x00,0x00,0x00,0x00,0x00,0x00,0x00,0x00,0x00,0x00,0x00,0x00,0x00,0x00,0x00,0x00,
    0x00,0x00,0x00,0x00,0x00,0x00,0x00,0x00,0x00,0x00,0x00,0x00,0x00,0x00,0x00,0x00,0x00,0x00,0x00,0x00,0x00,0x00,0x00,0x00,
    0x00,0x00,0x00,0x00,0x00,0x00,0x00,0x00,0x00,0x00,0x00,0x00,0x00,0x00,0x00,0x00,0x00,0x00,0x00,0x00,0x00,0x00,0x00,0x00,
    0x00,0x00,0x00,0x00,0x00,0x00,0x00,0x00,0x00,0x00,0x00,0x00,0x00,0x00,0x00,0x00,0x00,0x00,0x00,0x00,0x00,0x00,0x00,0x00,
    0x00,0x00,0x00,0x00,0x00,0x00,0x00,0x00,0x00,0x00,0x00,0x00,0x00,0x00,0x00,0x00,0x00,0x00,0x00,0x00,0x00,0x00,0x00,0x00,
    0x00,0x00,0x00,0x00,0x00,0x00,0x00,0x00,0x00,0x00,0x00,0x00,0x00,0x00,0x00,0x00,0x00,0x00,0x00,0x00,0x00,0x00,0x00,0x00,
    0x00,0x00,0x00,0x00,0x00,0x00,0x00,0x00,0x00,0x00,0x00,0x00,0x00,0x00,0x00,0x00,0x00,0x00,0x00,0x00,0x00,0x00,0x00,0x00,
    0x00,0x00,0x00,0x00,0x00,0x00,0x00,0x00,0x00,0x00,0x00,0x00,0x00,0x00,0x00,0x00,0x00,0x00,0x00,0x00,0x00,0x00,0x00,0x00,
    0x00,0x00,0x00,0x00,0x00,0x00,0x00,0x00,0x00,0x00,0x00,0x00,0x00,0x00,0x00,0x00,0x00,0x00,0x00,0x00,0x00,0x00,0x00,0x00,
    0x00,0x00,0x00,0x00,0x00,0x00,0x00,0x00,0x00,0x00,0x00,0x00,0x00,0x00,0x00,0x00,0x00,0x00,0x00,0x00,0x00,0x00,0x00,0x00,
    0x00,0x00,0x00,0x00,0x00,0x00,0x00,0x00,0x00,0x00,0x00,0x00,0x00,0x00,0x00,0x00,0x00,0x00,0x00,0x00,0x00,0x00,0x00,0x00,
    0x00,0x00,0x00,0x00,0x00,0x00,0x00,0x00,0x00,0x00,0x00,0x00,0x00,0x00,0x00,0x00,0x00,0x00,0x00,0x00,0x00,0x00,0x00,0x00,
    0x00,0x00,0x00,0x00,0x00,0x00,0x00,0x00,0x00,0x00,0x00,0x00,0x00,0x00,0x00,0x00,0x00,0x00,0x00,0x00,0x00,0x00,0x00,0x00,
    0x00,0x00,0x00,0x00,0x00,0x00,0x00,0x00,0x00,0x00,0x00,0x00,0x00,0x00,0x00,0x00,0x00,0x00,0x00,0x00,0x00,0x00,0x00,0x00,
    0x00,0x00,0x00,0x00,0x00,0x00,0x00,0x00,0x00,0x00,0x00,0x00,0x00,0x00,0x00,0x00,0x00,0x00,0x00,0x00,0x00,0x00,0x00,0x00,
    0x00,0x00,0x00,0x00,0x00,0x00,0x00,0x00,0x00,0x00,0x00,0x00,0x00,0x00,0x00,0x00,0x00,0x00,0x00,0x00,0x00,0x00,0x00,0x00,
    0x00,0x00,0x00,0x00,0x00,0x00,0x00,0x00,0x00,0x00,0x00,0x00,0x00,0x00,0x00,0x00,0x00,0x00,0x00,0x00,0x00,0x00,0x00,0x00,
    0x00,0x00,0x00,0x00,0x00,0x00,0x00,0x00,0x00,0x00,0x00,0x00,0x00,0x00,0x00,0x00,0x00,0x00,0x00,0x00,0x00,0x00,0x00,0x00,
    0x00,0x00,0x00,0x00,0x00,0x00,0x00,0x00,0x00,0x00,0x00,0x00,0x00,0x00,0x00,0x00,0x00,0x00,0x00,0x00,0x00,0x00,0x00,0x00,
    0x00,0x00,0x00,0x00,0x00,0x00,0x00,0x00,0x00,0x00,0x00,0x00,0x00,0x00,0x00,0x00,0x00,0x00,0x00,0x00,0x00,0x00,0x00,0x00,
    0x00,0x00,0x00,0x00,0x00,0x00,0x00,0x00,0x00,0x00,0x00,0x00,0x00,0x00,0x00,0x00,0x00,0x00,0x00,0x00,0x00,0x00,0x00,0x00,
    0x00,0x00,0x00,0x00,0x00,0x00,0x00,0x00,0x00,0x00,0x00,0x00,0x00,0x00,0x00,0x00,0x00,0x00,0x00,0x00,0x00,0x00,0x00,0x00,
    0x00,0x00,0x00,0x00,0x00,0x00,0x00,0x00,0x00,0x00,0x00,0x00,0x00,0x00,0x00,0x00,0x00,0x00,0x00,0x00,0x00,0x00,0x00,0x00,
    0x00,0x00,0x00,0x00,0x00,0x00,0x00,0x00,0x00,0x00,0x00,0x00,0x00,0x00,0x00,0x00,0x00,0x00,0x00,0x00,0x00,0x00,0x00,0x00,
    0x00,0x00,0x00,0x00,0x00,0x00,0x00,0x00,0x00,0x00,0x00,0x00,0x00,0x00,0x00,0x00,0x00,0x00,0x00,0x00,0x00,0x00,0x00,0x00,
    0x00,0x00,0x00,0x00,0x00,0x00,0x00,0x00,0x00,0x00,0x00,0x00,0x00,0x00,0x00,0x00,0x00,0x00,0x00,0x00,0x00,0x00,0x00,0x00,
    0x00,0x00,0x00,0x00,0x00,0x00,0x00,0x00,0x00,0x00,0x00,0x00,0x00,0x00,0x00,0x00,0x00,0x00,0x00,0x00,0xFF,0xFF,0xFF,0x01,
    0xFF,0x00,0x00,0x01,0xFF,0x55,0x55,0x03,0xFF,0x55,0x55,0x03,0xAA,0x55,0x55,0x03,0xFF,0x55,0x55,0x03,0xFF,0x7F,0x3F,0x04,
    0xFF,0x3F,0x3F,0x04,0xFF,0x3F,0x3F,0x04,0xFF,0x3F,0x3F,0x04,0xFF,0x3F,0x3F,0x04,0xFF,0x3F,0x3F,0x04,0xFF,0x3F,0x3F,0x04,
    0xFF,0x3F,0x3F,0x04,0xFF,0x3F,0x3F,0x04,0xFF,0x3F,0x3F,0x04,0xFF,0x3F,0x3F,0x04,0xFF,0x3F,0x3F,0x04,0xFF,0x3F,0x3F,0x04,
    0xFF,0x3F,0x3F,0x04,0xFF,0x3F,0x3F,0x04,0xFF,0x3F,0x3F,0x04,0xFF,0x3F,0x3F,0x04,0xFF,0x3F,0x3F,0x04,0xFF,0x7F,0x3F,0x04,
    0xFF,0x7F,0x3F,0x04,0xFF,0x7F,0x3F,0x04,0xFF,0x3F,0x3F,0x04,0xFF,0x3F,0x3F,0x04,0xFF,0x3F,0x3F,0x04,0xFF,0x3F,0x3F,0x04,
    0xFF,0x3F,0x3F,0x04,0xFF,0x3F,0x3F,0x04,0xFF,0x3F,0x3F,0x04,0xFF,0x7F,0x3F,0x04,0xFF,0x7F,0x3F,0x04,0xFF,0x3F,0x3F,0x04,
    0xFF,0x7F,0x7F,0x02,0x00,0x00,0x00,0x00,0x00,0x00,0x00,0x00,0x00,0x00,0x00,0x00,0xFF,0x00,0x00,0x01,0xBF,0x3F,0x3F,0x04,
    0xFF,0x7F,0x3F,0x04,0xFF,0x7F,0x3F,0x04,0xFF,0x3F,0x3F,0x04,0xFF,0x3F,0x3F,0x04,0xFF,0x7F,0x3F,0x04,0xFF,0x7F,0x3F,0x04,
    0xFF,0x7F,0x3F,0x04,0xFF,0x7F,0x3F,0x04,0xFF,0x7F,0x3F,0x04,0xFF,0x7F,0x3F,0x04,0xFF,0x7F,0x3F,0x04,0xFF,0x7F,0x3F,0x04,
    0xBF,0x3F,0x3F,0x04,0xBF,0x3F,0x3F,0x04,0xFF,0x55,0x55,0x03,0xFF,0x55,0x55,0x03,0xAA,0x55,0x00,0x03,0xAA,0x55,0x55,0x03,
    0x00,0x00,0x00,0x00,0x00,0x00,0x00,0x00,0x00,0x00,0x00,0x00,0x7F,0x7F,0x7F,0x02,0xFF,0x7F,0x3F,0x04,0xFF,0x3F,0x3F,0x04,
    0xFF,0x3F,0x3F,0x04,0xFF,0x3F,0x3F,0x04,0xFF,0x3F,0x3F,0x04,0xFF,0x3F,0x3F,0x04,0xFF,0x3F,0x3F,0x04,0xFF,0x3F,0x3F,0x04,
    0xFF,0x3F,0x3F,0x04,0xFF,0x3F,0x3F,0x04,0xFF,0x3F,0x3F,0x04,0xFF,0x3F,0x3F,0x04,0xFF,0x3F,0x3F,0x04,0xFF,0x3F,0x3F,0x04,
    0xFF,0x3F,0x3F,0x04,0xFF,0x3F,0x3F,0x04,0xFF,0x3F,0x3F,0x04,0xFF,0x3F,0x3F,0x04,0xFF,0x3F,0x3F,0x04,0xFF,0x3F,0x3F,0x04,
    0xFF,0x3F,0x3F,0x04,0xFF,0x3F,0x3F,0x04,0xFF,0x3F,0x3F,0x04,0xFF,0x3F,0x3F,0x04,0xFF,0x3F,0x3F,0x04,0xFF,0x3F,0x3F,0x04,
    0xFF,0x3F,0x3F,0x04,0xFF,0x3F,0x3F,0x04,0xFF,0x3F,0x3F,0x04,0xFF,0x3F,0x3F,0x04,0xFF,0x3F,0x3F,0x04,0xFF,0x3F,0x3F,0x04,
    0xFF,0x3F,0x3F,0x04,0xFF,0x3F,0x3F,0x04,0xFF,0x3F,0x3F,0x04,0xFF,0x3F,0x3F,0x04,0xFF,0x3F,0x3F,0x04,0xFF,0x3F,0x3F,0x04,
    0xFF,0x3F,0x3F,0x04,0xFF,0x3F,0x3F,0x04,0xFF,0x3F,0x3F,0x04,0xFF,0x3F,0x3F,0x04,0xFF,0x3F,0x3F,0x04,0xFF,0x3F,0x3F,0x04,
    0xFF,0x3F,0x3F,0x04,0xFF,0x3F,0x3F,0x04,0xFF,0x3F,0x3F,0x04,0xFF,0x3F,0x3F,0x04,0xFF,0x3F,0x3F,0x04,0xFF,0x3F,0x3F,0x04,
    0xFF,0x3F,0x3F,0x04,0xFF,0x3F,0x3F,0x04,0xFF,0x3F,0x3F,0x04,0xFF,0x3F,0x3F,0x04,0xFF,0x7F,0x3F,0x04,0xBF,0x3F,0x3F,0x04,
    0xFF,0x55,0x55,0x03,0xFF,0x7F,0x7F,0x02,0x00,0x00,0x00,0x00,0x00,0x00,0x00,0x00,0xFF,0x55,0x55,0x03,0xFF,0x3F,0x3F,0x04,
    0xBF,0x3F,0x3F,0x04,0xFF,0x3F,0x3F,0x04,0xFF,0x7F,0x3F,0x04,0xFF,0x7F,0x3F,0x04,0xFF,0x7F,0x3F,0x04,0xFF,0x3F,0x3F,0x04,
    0xFF,0x3F,0x3F,0x04,0xFF,0x3F,0x3F,0x04,0xFF,0x3F,0x3F,0x04,0xFF,0x3F,0x3F,0x04,0xFF,0x3F,0x3F,0x04,0xFF,0x3F,0x3F,0x04,
    0xFF,0x3F,0x3F,0x04,0xFF,0x3F,0x3F,0x04,0xFF,0x3F,0x3F,0x04,0xFF,0x3F,0x3F,0x04,0xFF,0x3F,0x3F,0x04,0xFF,0x3F,0x3F,0x04,
    0xFF,0x3F,0x3F,0x04,0xFF,0x3F,0x3F,0x04,0xFF,0x3F,0x3F,0x04,0xFF,0x3F,0x3F,0x04,0xFF,0x3F,0x3F,0x04,0xFF,0x3F,0x3F,0x04,
    0xFF,0x3F,0x3F,0x04,0xFF,0x3F,0x3F,0x04,0xFF,0x3F,0x3F,0x04,0xFF,0x7F,0x3F,0x04,0xBF,0x3F,0x3F,0x04,0xFF,0x55,0x55,0x03,
    0xAA,0x55,0x55,0x03,0xAA,0x55,0x55,0x03,0xFF,0x55,0x55,0x03,0xFF,0x55,0x55,0x03,0x7F,0x7F,0x7F,0x02,0xFF,0x00,0x00,0x01,
    0xFF,0xFF,0xFF,0x01,0xFF,0x00,0x00,0x01,0x00,0x00,0x00,0x00,0x00,0x00,0x00,0x00,0x00,0x00,0x00,0x00,0x00,0x00,0x00,0x00,
    0x00,0x00,0x00,0x00,0x00,0x00,0x00,0x00,0x00,0x00,0x00,0x00,0x00,0x00,0x00,0x00,0x00,0x00,0x00,0x00,0x00,0x00,0x00,0x00,
    0x00,0x00,0x00,0x00,0x00,0x00,0x00,0x00,0x00,0x00,0x00,0x00,0x00,0x00,0x00,0x00,0x00,0x00,0x00,0x00,0x00,0x00,0x00,0x00,
    0x00,0x00,0x00,0x00,0x00,0x00,0x00,0x00,0x00,0x00,0x00,0x00,0x00,0x00,0x00,0x00,0x00,0x00,0x00,0x00,0x00,0x00,0x00,0x00,
    0x00,0x00,0x00,0x00,0x00,0x00,0x00,0x00,0x00,0x00,0x00,0x00,0x00,0x00,0x00,0x00,0x00,0x00,0x00,0x00,0x00,0x00,0x00,0x00,
    0x00,0x00,0x00,0x00,0x00,0x00,0x00,0x00,0x00,0x00,0x00,0x01,0xAA,0x55,0x55,0x03,0xBF,0x3F,0x3F,0x04,0xAA,0x00,0x00,0x03,
    0x00,0x00,0x00,0x00,0x00,0x00,0x00,0x00,0x00,0x00,0x00,0x00,0x00,0x00,0x00,0x00,0x00,0x00,0x00,0x00,0x00,0x00,0x00,0x00,
    0x00,0x00,0x00,0x00,0x00,0x00,0x00,0x00,0x00,0x00,0x00,0x00,0x00,0x00,0x00,0x00,0x00,0x00,0x00,0x00,0x00,0x00,0x00,0x00,
    0x00,0x00,0x00,0x00,0x00,0x00,0x00,0x00,0x00,0x00,0x00,0x00,0x00,0x00,0x00,0x00,0x00,0x00,0x00,0x00,0x00,0x00,0x00,0x00,
    0x00,0x00,0x00,0x00,0x00,0x00,0x00,0x00,0x00,0x00,0x00,0x00,0x00,0x00,0x00,0x00,0x00,0x00,0x00,0x00,0x00,0x00,0x00,0x00,
    0x00,0x00,0x00,0x00,0x00,0x00,0x00,0x00,0x00,0x00,0x00,0x00,0x00,0x00,0x00,0x00,0x00,0x00,0x00,0x00,0x00,0x00,0x00,0x00,
    0x00,0x00,0x00,0x00,0x00,0x00,0x00,0x00,0x00,0x00,0x00,0x00,0x00,0x00,0x00,0x00,0x00,0x00,0x00,0x00,0x00,0x00,0x00,0x00,
    0x00,0x00,0x00,0x00,0x00,0x00,0x00,0x00,0x00,0x00,0x00,0x00,0x00,0x00,0x00,0x01,0x00,0x00,0x00,0x00,0x00,0x00,0x00,0x00,
    0x00,0x00,0x00,0x00,0x00,0x00,0x00,0x00,0x00,0x00,0x00,0x00,0x00,0x00,0x00,0x00,0x00,0x00,0x00,0x00,0x00,0x00,0x00,0x00,
    0x00,0x00,0x00,0x00,0x00,0x00,0x00,0x00,0x00,0x00,0x00,0x00,0x00,0x00,0x00,0x00,0x00,0x00,0x00,0x00,0x00,0x00,0x00,0x00,
    0x00,0x00,0x00,0x00,0x00,0x00,0x00,0x00,0x00,0x00,0x00,0x00,0x00,0x00,0x00,0x00,0x00,0x00,0x00,0x00,0x00,0x00,0x00,0x00,
    0x00,0x00,0x00,0x00,0x00,0x00,0x00,0x00,0x00,0x00,0x00,0x00,0x00,0x00,0x00,0x00,0xFF,0x00,0x00,0x01,0x00,0x00,0x00,0x00,
    0x00,0x00,0x00,0x00,0x00,0x00,0x00,0x00,0x00,0x00,0x00,0x00,0x00,0x00,0x00,0x00,0x00,0x00,0x00,0x00,0x00,0x00,0x00,0x00,
    0x00,0x00,0x00,0x00,0x00,0x00,0x00,0x00,0x00,0x00,0x00,0x00,0x00,0x00,0x00,0x00,0x00,0x00,0x00,0x00,0x00,0x00,0x00,0x00,
    0x00,0x00,0x00,0x00,0x00,0x00,0x00,0x00,0x00,0x00,0x00,0x00,0x00,0x00,0x00,0x00,0x00,0x00,0x00,0x00,0x00,0x00,0x00,0x00,
    0x00,0x00,0x00,0x00,0x00,0x00,0x00,0x00,0x00,0x00,0x00,0x00,0x00,0x00,0x00,0x00,0x00,0x00,0x00,0x00,0x00,0x00,0x00,0x00,
    0x00,0x00,0x00,0x00,0x00,0x00,0x00,0x00,0x00,0x00,0x00,0x00,0x00,0x00,0x00,0x00,0x00,0x00,0x00,0x00,0x00,0x00,0x00,0x00,
    0x00,0x00,0x00,0x00,0x00,0x00,0x00,0x00,0x00,0x00,0x00,0x00,0x00,0x00,0x00,0x00,0x00,0x00,0x00,0x00,0x00,0x00,0x00,0x00,
    0x00,0x00,0x00,0x00,0x00,0x00,0x00,0x00,0x00,0x00,0x00,0x00,0x00,0x00,0x00,0x00,0x00,0x00,0x00,0x00,0x00,0x00,0x00,0x00,
    0x00,0x00,0x00,0x00,0x00,0x00,0x00,0x00,0x00,0x00,0x00,0x00,0x00,0x00,0x00,0x00,0x00,0x00,0x00,0x00,0x00,0x00,0x00,0x00,
    0x00,0x00,0x00,0x00,0x00,0x00,0x00,0x00,0x00,0x00,0x00,0x00,0x00,0x00,0x00,0x00,0x00,0x00,0x00,0x00,0x00,0x00,0x00,0x00,
    0x00,0x00,0x00,0x00,0x00,0x00,0x00,0x00,0x00,0x00,0x00,0x00,0x00,0x00,0x00,0x00,0x00,0x00,0x00,0x00,0xFF,0x00,0x00,0x01,
    0x00,0x00,0x00,0x00,0x00,0x00,0x00,0x00,0x00,0x00,0x00,0x00,0x00,0x00,0x00,0x00,0x00,0x00,0x00,0x00,0x00,0x00,0x00,0x00,
    0x00,0x00,0x00,0x00,0x00,0x00,0x00,0x00,0x00,0x00,0x00,0x00,0x00,0x00,0x00,0x00,0x00,0x00,0x00,0x00,0x00,0x00,0x00,0x00,
    0x00,0x00,0x00,0x00,0x00,0x00,0x00,0x00,0x00,0x00,0x00,0x00,0x00,0x00,0x00,0x00,0x00,0x00,0x00,0x00,0x00,0x00,0x00,0x00,
    0x00,0x00,0x00,0x00,0x00,0x00,0x00,0x00,0x00,0x00,0x00,0x00,0x00,0x00,0x00,0x00,0x00,0x00,0x00,0x00,0x00,0x00,0x00,0x00,
    0x00,0x00,0x00,0x00,0x00,0x00,0x00,0x00,0x00,0x00,0x00,0x00,0x00,0x00,0x00,0x00,0x00,0x00,0x00,0x00,0x00,0x00,0x00,0x00,
    0x00,0x00,0x00,0x00,0x00,0x00,0x00,0x00,0x00,0x00,0x00,0x00,0x00,0x00,0x00,0x00,0x00,0x00,0x00,0x00,0x00,0x00,0x00,0x00,
    0x00,0x00,0x00,0x00,0x00,0x00,0x00,0x00,0x00,0x00,0x00,0x00,0x00,0x00,0x00,0x00,0xFF,0x00,0x00,0x02,0x7F,0x00,0x00,0x02,
    0xBF,0x00,0x00,0x04,0xFF,0x3F,0x3F,0x04,0xFF,0x3F,0x3F,0x04,0x7F,0x00,0x00,0x02,0x00,0x00,0x00,0x00,0x00,0x00,0x00,0x00,
    0x00,0x00,0x00,0x00,0x00,0x00,0x00,0x00,0x00,0x00,0x00,0x00,0x00,0x00,0x00,0x00,0x00,0x00,0x00,0x00,0x00,0x00,0x00,0x00,
    0x00,0x00,0x00,0x00,0x00,0x00,0x00,0x00,0x00,0x00,0x00,0x00,0x00,0x00,0x00,0x00,0x00,0x00,0x00,0x00,0x00,0x00,0x00,0x00,
    0x00,0x00,0x00,0x00,0x00,0x00,0x00,0x00,0x00,0x00,0x00,0x00,0x00,0x00,0x00,0x00,0x00,0x00,0x00,0x00,0x00,0x00,0x00,0x00,
    0x00,0x00,0x00,0x00,0x00,0x00,0x00,0x00,0xFF,0x00,0x00,0x01,0xFF,0x55,0x55,0x03,0x00,0x00,0x00,0x00,0x00,0x00,0x00,0x00,
    0x00,0x00,0x00,0x00,0x00,0x00,0x00,0x00,0x01,0x06,0x07,0x00,0xFF,0xCF,0xCF,0x10,0xDD,0x6E,0x6E,0x17,0xE5,0x8C,0x83,0x3C,
    0xD9,0x5E,0x56,0x3E,0xD1,0x3A,0x32,0x3D,0xD7,0x5B,0x51,0x54,0xDE,0x72,0x69,0x76,0xD9,0x62,0x57,0x75,0xD5,0x58,0x4B,0x76,
    0xD5,0x54,0x45,0x76,0xD5,0x4D,0x3E,0x76,0xD5,0x4B,0x3E,0x76,0xD5,0x4D,0x3E,0x76,0xD8,0x52,0x45,0x76,0xD8,0x56,0x4B,0x76,
    0xD8,0x56,0x4B,0x76,0xDA,0x56,0x49,0x76,0xD8,0x54,0x47,0x76,0xDA,0x58,0x4D,0x76,0xDC,0x5F,0x52,0x76,0xDC,0x5F,0x56,0x76,
    0xDA,0x63,0x5A,0x76,0xDC,0x65,0x5C,0x76,0xDC,0x69,0x61,0x76,0xDA,0x6E,0x65,0x76,0xDC,0x70,0x67,0x76,0xDC,0x6E,0x67,0x76,
    0xDC,0x69,0x61,0x76,0xDA,0x67,0x5F,0x76,0xDC,0x69,0x61,0x76,0xDC,0x6C,0x63,0x76,0xDC,0x6C,0x63,0x76,0xDA,0x6E,0x65,0x76,
    0xD8,0x6C,0x67,0x76,0xDC,0x6F,0x68,0x75,0xDE,0x72,0x6B,0x74,0xE8,0x71,0x6B,0x70,0xDC,0x73,0x6E,0x2C,0x00,0x00,0x00,0x00,
    0xFF,0x7F,0x7F,0x02,0x00,0x00,0x00,0x01,0xE2,0x71,0x71,0x09,0xE8,0x61,0x5B,0x59,0xE2,0x73,0x6C,0x75,0xDE,0x71,0x6A,0x75,
    0xDC,0x6E,0x67,0x76,0xDC,0x6C,0x65,0x76,0xDC,0x6E,0x67,0x76,0xDE,0x70,0x67,0x76,0xE0,0x6E,0x65,0x76,0xDE,0x70,0x65,0x76,
    0xDC,0x70,0x67,0x76,0xDC,0x70,0x69,0x76,0xE0,0x74,0x6C,0x76,0xDF,0x76,0x6D,0x72,0xE2,0x71,0x69,0x6A,0xE1,0x69,0x61,0x5E,
    0xD6,0x45,0x3D,0x46,0xD3,0x3E,0x36,0x41,0xD5,0x32,0x29,0x3D,0xD4,0x48,0x3F,0x3C,0xFF,0xFF,0xBF,0x04,0x00,0x00,0x00,0x00,
    0x00,0x00,0x00,0x00,0xD8,0x73,0x73,0x21,0xE4,0x71,0x6A,0x75,0xE0,0x6B,0x62,0x74,0xDE,0x6C,0x64,0x75,0xDC,0x67,0x61,0x76,
    0xDA,0x65,0x5C,0x76,0xDA,0x65,0x5A,0x76,0xDA,0x63,0x5A,0x76,0xDA,0x61,0x56,0x76,0xDA,0x5F,0x56,0x76,0xDA,0x61,0x56,0x76,
    0xDA,0x61,0x54,0x76,0xDA,0x61,0x56,0x76,0xDA,0x5C,0x52,0x76,0xDA,0x5C,0x52,0x76,0xDC,0x5F,0x52,0x76,0xDC,0x5C,0x52,0x76,
    0xDC,0x5A,0x4F,0x76,0xDE,0x5A,0x4F,0x76,0xDC,0x5A,0x4F,0x76,0xDA,0x5C,0x4F,0x76,0xDC,0x5F,0x52,0x76,0xDC,0x61,0x54,0x76,
    0xDC,0x5F,0x54,0x76,0xDE,0x61,0x56,0x76,0xDE,0x63,0x58,0x76,0xDC,0x61,0x56,0x76,0xDA,0x5F,0x54,0x76,0xDA,0x61,0x56,0x76,
    0xDC,0x63,0x58,0x76,0xDC,0x61,0x56,0x76,0xDA,0x5F,0x54,0x76,0xDA,0x5C,0x52,0x76,0xDA,0x5C,0x52,0x76,0xDC,0x5F,0x54,0x76,
    0xDC,0x63,0x58,0x76,0xDC,0x65,0x5A,0x76,0xDC,0x65,0x5A,0x76,0xDA,0x61,0x56,0x76,0xD8,0x5C,0x52,0x76,0xDC,0x61,0x56,0x76,
    0xDE,0x63,0x58,0x76,0xDC,0x63,0x58,0x76,0xDE,0x63,0x58,0x76,0xE0,0x65,0x58,0x76,0xDE,0x65,0x5A,0x76,0xDE,0x67,0x5C,0x76,
    0xDE,0x6C,0x61,0x76,0xDE,0x6C,0x63,0x76,0xDC,0x67,0x5C,0x76,0xDC,0x65,0x5A,0x76,0xDC,0x65,0x5C,0x76,0xDE,0x67,0x5C,0x76,
    0xDC,0x67,0x5C,0x76,0xDC,0x6A,0x64,0x75,0xDE,0x72,0x6C,0x76,0xDC,0x6F,0x67,0x67,0xE7,0x52,0x48,0x4D,0xDC,0x60,0x59,0x25,
    0x7F,0x7F,0x7F,0x02,0x00,0x00,0x00,0x00,0xDE,0x69,0x62,0x46,0xE6,0x6C,0x63,0x67,0xDF,0x6E,0x67,0x6A,0xDF,0x6F,0x69,0x72,
    0xE0,0x72,0x69,0x76,0xE0,0x71,0x6A,0x75,0xDE,0x6E,0x65,0x76,0xDC,0x69,0x61,0x76,0xDE,0x69,0x61,0x76,0xE0,0x67,0x5C,0x76,
    0xDE,0x67,0x5C,0x76,0xDE,0x67,0x5C,0x76,0xDC,0x67,0x5C,0x76,0xDE,0x67,0x5C,0x76,0xDE,0x69,0x5F,0x76,0xDE,0x6C,0x63,0x76,
    0xDC,0x69,0x61,0x76,0xDE,0x6C,0x61,0x76,0xDE,0x69,0x5F,0x76,0xDE,0x65,0x5C,0x76,0xDE,0x63,0x5A,0x76,0xDE,0x65,0x5A,0x76,
    0xDC,0x65,0x5C,0x76,0xDC,0x63,0x56,0x76,0xDC,0x5F,0x52,0x76,0xDA,0x5C,0x4F,0x76,0xD8,0x5F,0x4F,0x76,0xDA,0x61,0x54,0x76,
    0xDC,0x66,0x59,0x75,0xDC,0x70,0x67,0x76,0xDD,0x6D,0x62,0x62,0xD5,0x43,0x3C,0x44,0xD5,0x42,0x36,0x3D,0xD9,0x53,0x4B,0x3D,
    0xDD,0x68,0x60,0x3D,0xE5,0x8E,0x85,0x3D,0xDD,0x7F,0x7F,0x1E,0xDF,0x6F,0x7F,0x10,0xFF,0xE1,0xE1,0x11,0xFF,0xFF,0xFF,0x07,
    0x00,0x00,0x00,0x00,0x00,0x02,0x03,0x00,0x00,0x00,0x00,0x00,0x00,0x00,0x00,0x00,0x00,0x00,0x00,0x00,0x00,0x00,0x00,0x00,
    0x00,0x00,0x00,0x00,0x00,0x00,0x00,0x00,0x00,0x00,0x00,0x00,0x00,0x00,0x00,0x00,0x00,0x00,0x00,0x00,0x00,0x00,0x00,0x00,
    0x00,0x00,0x00,0x00,0x00,0x00,0x00,0x00,0x00,0x00,0x00,0x00,0x00,0x00,0x00,0x00,0x00,0x00,0x00,0x00,0x00,0x00,0x00,0x00,
    0x00,0x00,0x00,0x00,0x00,0x00,0x00,0x00,0x00,0x00,0x00,0x00,0x00,0x00,0x00,0x00,0x00,0x00,0x00,0x00,0x00,0x00,0x00,0x00,
    0x00,0x00,0x00,0x00,0x00,0x00,0x00,0x00,0x00,0x00,0x00,0x00,0xFF,0x00,0x00,0x02,0x00,0x00,0x00,0x00,0x00,0x00,0x00,0x00,
    0x01,0x06,0x06,0x00,0xDE,0x6F,0x61,0x37,0xD7,0x52,0x47,0x75,0xD5,0x46,0x3F,0xAD,0xD5,0x40,0x38,0xD0,0xD6,0x41,0x39,0xED,
    0xD3,0x37,0x2D,0xF2,0xDF,0x40,0x36,0xFF,0xE0,0x3A,0x2F,0xFF,0xDF,0x35,0x2A,0xFF,0xE5,0x37,0x2B,0xFF,0xEC,0x3C,0x2F,0xFF,
    0xEE,0x3D,0x2F,0xFF,0xEF,0x3E,0x2F,0xFF,0xF0,0x3E,0x2E,0xFF,0xF0,0x3E,0x2D,0xFF,0xF0,0x3E,0x2D,0xFF,0xF1,0x3D,0x2D,0xFF,
    0xF1,0x3D,0x2C,0xFF,0xF1,0x3D,0x2C,0xFF,0xF1,0x3D,0x2D,0xFF,0xF2,0x3C,0x2D,0xFF,0xF2,0x3D,0x2C,0xFF,0xF2,0x3C,0x2C,0xFF,
    0xF2,0x3C,0x2D,0xFF,0xF0,0x3C,0x2D,0xFF,0xEE,0x3C,0x2D,0xFF,0xEE,0x3C,0x2E,0xFF,0xEE,0x3D,0x2E,0xFF,0xEF,0x3D,0x2F,0xFF,
    0xF0,0x3E,0x2F,0xFF,0xF1,0x3D,0x2F,0xFF,0xF0,0x3C,0x2D,0xFF,0xEF,0x3C,0x2E,0xFF,0xEF,0x3C,0x2E,0xFF,0xEF,0x3D,0x2E,0xFF,
    0xEF,0x3C,0x2D,0xFF,0xED,0x3B,0x2D,0xFF,0xEC,0x3A,0x2C,0xFF,0xEA,0x39,0x2C,0xFF,0xE7,0x37,0x2B,0xFF,0xED,0x36,0x2A,0xFF,
    0xD4,0x3E,0x36,0xDC,0xDF,0xBF,0xDF,0x08,0xCC,0x33,0x33,0x05,0x00,0x03,0x03,0x00,0xD6,0x46,0x3F,0xB2,0xEE,0x39,0x2E,0xFF,
    0xE6,0x3C,0x2F,0xFF,0xEA,0x3C,0x2F,0xFF,0xEA,0x3B,0x2F,0xFF,0xEA,0x3B,0x2F,0xFF,0xEA,0x3C,0x2F,0xFF,0xEA,0x3C,0x2F,0xFF,
    0xEB,0x3C,0x2F,0xFF,0xE9,0x3C,0x2F,0xFF,0xE9,0x3D,0x30,0xFF,0xE9,0x3D,0x30,0xFF,0xEA,0x3E,0x31,0xFF,0xE9,0x3C,0x30,0xFF,
    0xE8,0x3B,0x2F,0xFF,0xE7,0x39,0x2D,0xFF,0xE1,0x35,0x2A,0xFF,0xDF,0x35,0x2A,0xFF,0xDF,0x34,0x28,0xFF,0xE1,0x3E,0x31,0xFF,
    0xDC,0x73,0x69,0x33,0x7F,0x00,0x00,0x02,0xD4,0xFF,0xFF,0x06,0xD4,0x40,0x38,0xD1,0xEC,0x37,0x2D,0xFF,0xE5,0x38,0x2C,0xFF,
    0xEA,0x3A,0x2E,0xFF,0xEA,0x39,0x2D,0xFF,0xEB,0x39,0x2D,0xFF,0xEB,0x3A,0x2D,0xFF,0xEC,0x3A,0x2D,0xFF,0xEB,0x3B,0x2D,0xFF,
    0xEB,0x3A,0x2D,0xFF,0xEB,0x3B,0x2D,0xFF,0xEC,0x3C,0x2D,0xFF,0xEC,0x3E,0x2F,0xFF,0xEC,0x3E,0x2F,0xFF,0xED,0x3E,0x2F,0xFF,
    0xEE,0x3E,0x2E,0xFF,0xEF,0x3D,0x2E,0xFF,0xEF,0x3D,0x2E,0xFF,0xEF,0x3C,0x2E,0xFF,0xEE,0x3C,0x2E,0xFF,0xED,0x3D,0x2D,0xFF,
    0xEE,0x3D,0x2E,0xFF,0xEE,0x3D,0x2D,0xFF,0xEC,0x3C,0x2D,0xFF,0xEC,0x3C,0x2D,0xFF,0xEC,0x3C,0x2E,0xFF,0xEB,0x3C,0x2E,0xFF,
    0xEB,0x3B,0x2E,0xFF,0xEB,0x3B,0x2D,0xFF,0xEB,0x3B,0x2D,0xFF,0xE9,0x3A,0x2C,0xFF,0xE7,0x3A,0x2E,0xFF,0xE6,0x3B,0x2F,0xFF,
    0xE7,0x3C,0x2F,0xFF,0xE8,0x3C,0x2F,0xFF,0xE8,0x3C,0x2E,0xFF,0xEC,0x3D,0x2E,0xFF,0xED,0x3D,0x2E,0xFF,0xED,0x3B,0x2D,0xFF,
    0xED,0x3B,0x2C,0xFF,0xEE,0x3C,0x2D,0xFF,0xEE,0x3C,0x2D,0xFF,0xED,0x3C,0x2D,0xFF,0xED,0x3C,0x2D,0xFF,0xEE,0x3C,0x2D,0xFF,
    0xEE,0x3C,0x2E,0xFF,0xED,0x3C,0x2E,0xFF,0xED,0x3D,0x2F,0xFF,0xED,0x3D,0x2F,0xFF,0xEC,0x3C,0x2D,0xFF,0xEB,0x3B,0x2D,0xFF,
    0xEB,0x3B,0x2D,0xFF,0xEC,0x3B,0x2D,0xFF,0xEC,0x3B,0x2D,0xFF,0xEB,0x3B,0x2D,0xFF,0xE9,0x3A,0x2C,0xFF,0xE1,0x37,0x2A,0xFF,
    0xEB,0x36,0x28,0xFF,0xD1,0x42,0x37,0xC0,0x00,0x00,0x00,0x00,0xD3,0x6D,0x66,0x23,0xDB,0x39,0x2D,0xFA,0xE9,0x39,0x2B,0xFF,
    0xE9,0x3C,0x2D,0xFF,0xED,0x3C,0x2E,0xFF,0xEE,0x3D,0x2F,0xFF,0xEE,0x3D,0x2F,0xFF,0xEE,0x3E,0x2F,0xFF,0xEE,0x3E,0x2F,0xFF,
    0xEE,0x3E,0x2E,0xFF,0xEE,0x3D,0x2E,0xFF,0xED,0x3C,0x2E,0xFF,0xED,0x3D,0x2E,0xFF,0xEE,0x3D,0x2F,0xFF,0xEE,0x3D,0x2F,0xFF,
    0xEE,0x3D,0x2E,0xFF,0xED,0x3C,0x2F,0xFF,0xEC,0x3D,0x2E,0xFF,0xED,0x3C,0x2E,0xFF,0xEC,0x3C,0x2E,0xFF,0xEC,0x3B,0x2E,0xFF,
    0xEC,0x3B,0x2D,0xFF,0xEE,0x3C,0x2E,0xFF,0xF0,0x3D,0x2F,0xFF,0xF1,0x3E,0x2E,0xFF,0xF1,0x3D,0x2D,0xFF,0xF0,0x3D,0x2D,0xFF,
    0xEF,0x3D,0x2D,0xFF,0xEE,0x3D,0x2D,0xFF,0xED,0x3C,0x2D,0xFF,0xEC,0x3D,0x30,0xFF,0xE8,0x3C,0x2F,0xFF,0xE3,0x38,0x2C,0xFF,
    0xE1,0x3A,0x2D,0xFF,0xE1,0x3C,0x30,0xFF,0xDF,0x3F,0x33,0xFF,0xE0,0x45,0x38,0xFF,0xD4,0x3A,0x2F,0xF6,0xD0,0x38,0x30,0xEE,
    0xD4,0x45,0x3B,0xEF,0xD2,0x43,0x39,0xDE,0xCE,0x39,0x2F,0xC2,0xD3,0x4E,0x46,0xC2,0xD4,0x42,0x39,0x96,0xDD,0x4E,0x45,0x88,
    0xE4,0x5D,0x52,0x75,0xD6,0x3C,0x2E,0x26,0xFF,0x00,0x00,0x01,0xFF,0x00,0x00,0x01,0x00,0x00,0x00,0x00,0x00,0x00,0x00,0x00,
    0x00,0x00,0x00,0x00,0x00,0x00,0x00,0x00,0x00,0x00,0x00,0x00,0x00,0x00,0x00,0x00,0x00,0x00,0x00,0x00,0x00,0x00,0x00,0x00,
    0x00,0x00,0x00,0x00,0x00,0x00,0x00,0x00,0x00,0x00,0x00,0x00,0x00,0x00,0x00,0x00,0x00,0x00,0x00,0x00,0x00,0x00,0x00,0x00,
    0x00,0x00,0x00,0x00,0x00,0x00,0x00,0x00,0x00,0x00,0x00,0x00,0x00,0x00,0x00,0x00,0xFF,0x55,0x55,0x03,0x00,0x00,0x00,0x00,
    0xBF,0xFF,0xFF,0x04,0xD6,0x5C,0x50,0x6C,0xD0,0x40,0x36,0xCA,0xD1,0x36,0x2B,0xFF,0xE2,0x33,0x27,0xFF,0xEA,0x30,0x24,0xFF,
    0xE9,0x31,0x23,0xFF,0xE2,0x31,0x23,0xFF,0xE0,0x33,0x25,0xFF,0xD8,0x30,0x23,0xFD,0xD3,0x31,0x25,0xFD,0xCD,0x30,0x26,0xFD,
    0xC7,0x2E,0x26,0xFC,0xC1,0x2D,0x26,0xFB,0xBB,0x2E,0x27,0xFB,0xB8,0x2E,0x27,0xFB,0xB6,0x2D,0x27,0xFB,0xB6,0x2D,0x27,0xFB,
    0xB7,0x2D,0x26,0xFB,0xB9,0x2E,0x26,0xFB,0xBC,0x2D,0x26,0xFB,0xBE,0x2D,0x26,0xFB,0xBE,0x2E,0x26,0xFB,0xC0,0x2E,0x26,0xFB,
    0xC1,0x2E,0x26,0xFB,0xC1,0x2D,0x26,0xFB,0xC1,0x2D,0x25,0xFB,0xC2,0x2D,0x25,0xFB,0xC2,0x2D,0x25,0xFB,0xC0,0x2D,0x26,0xFB,
    0xBE,0x2E,0x26,0xFB,0xC1,0x2E,0x25,0xFB,0xC2,0x2E,0x25,0xFB,0xC1,0x2D,0x25,0xFB,0xC2,0x2C,0x24,0xFB,0xC2,0x2D,0x25,0xFB,
    0xC3,0x2D,0x25,0xFB,0xC3,0x2E,0x25,0xFB,0xC5,0x2D,0x25,0xFB,0xC6,0x2C,0x23,0xFB,0xC4,0x2B,0x23,0xFB,0xC1,0x2A,0x21,0xFB,
    0xC9,0x2A,0x1F,0xFB,0xD7,0x2B,0x1E,0xF8,0xE1,0x37,0x2B,0xFF,0xD4,0x55,0x50,0x59,0x00,0x00,0x00,0x00,0xD0,0x54,0x4B,0x73,
    0xE5,0x3A,0x2F,0xFF,0xDB,0x34,0x26,0xF9,0xDA,0x33,0x27,0xFB,0xD3,0x33,0x26,0xFB,0xD4,0x32,0x26,0xFB,0xD5,0x32,0x27,0xFB,
    0xD5,0x32,0x26,0xFB,0xD4,0x31,0x26,0xFB,0xD5,0x32,0x25,0xFB,0xD5,0x32,0x26,0xFB,0xD5,0x32,0x26,0xFB,0xD7,0x32,0x26,0xFB,
    0xD7,0x32,0x26,0xFB,0xDB,0x32,0x26,0xFB,0xDC,0x33,0x25,0xFB,0xDC,0x33,0x26,0xFC,0xDD,0x33,0x26,0xFD,0xDE,0x32,0x24,0xFD,
    0xD7,0x31,0x24,0xFA,0xE3,0x3A,0x2C,0xFD,0xD4,0x4D,0x3F,0x59,0x00,0x00,0x00,0x00,0xD2,0x4A,0x43,0x8F,0xE2,0x33,0x29,0xFF,
    0xD8,0x2D,0x21,0xF8,0xD6,0x2E,0x23,0xFB,0xCB,0x2D,0x25,0xFB,0xCE,0x2D,0x25,0xFB,0xD0,0x2E,0x25,0xFB,0xD0,0x2E,0x25,0xFB,
    0xCF,0x2F,0x25,0xFB,0xCF,0x30,0x26,0xFB,0xD0,0x30,0x26,0xFB,0xD0,0x31,0x26,0xFB,0xD0,0x31,0x26,0xFB,0xD1,0x33,0x27,0xFB,
    0xD1,0x34,0x28,0xFB,0xD1,0x34,0x27,0xFB,0xD1,0x33,0x27,0xFB,0xD3,0x33,0x27,0xFB,0xD4,0x33,0x27,0xFB,0xD4,0x32,0x27,0xFB,
    0xD3,0x32,0x26,0xFB,0xD2,0x31,0x26,0xFB,0xD2,0x31,0x26,0xFB,0xD2,0x31,0x26,0xFB,0xD0,0x31,0x26,0xFB,0xCF,0x31,0x26,0xFB,
    0xCF,0x31,0x26,0xFB,0xD1,0x32,0x27,0xFB,0xD3,0x32,0x27,0xFB,0xD4,0x32,0x26,0xFB,0xD3,0x31,0x25,0xFB,0xD3,0x31,0x25,0xFB,
    0xD4,0x32,0x25,0xFB,0xD6,0x34,0x26,0xFB,0xD5,0x34,0x28,0xFB,0xD8,0x33,0x28,0xFB,0xDC,0x34,0x27,0xFB,0xCF,0x31,0x28,0xFB,
    0xD0,0x31,0x27,0xFB,0xD0,0x30,0x26,0xFB,0xD2,0x30,0x25,0xFB,0xD1,0x30,0x26,0xFB,0xD1,0x30,0x25,0xFB,0xD1,0x30,0x25,0xFB,
    0xD0,0x2F,0x24,0xFB,0xD1,0x2F,0x24,0xFB,0xD1,0x30,0x25,0xFB,0xD1,0x31,0x25,0xFB,0xD1,0x30,0x25,0xFB,0xD0,0x2F,0x24,0xFB,
    0xD0,0x2F,0x24,0xFB,0xCF,0x2F,0x24,0xFB,0xCF,0x2F,0x25,0xFB,0xCF,0x2F,0x25,0xFB,0xD0,0x30,0x24,0xFB,0xCF,0x2F,0x24,0xFB,
    0xCC,0x2C,0x20,0xFB,0xD6,0x2D,0x20,0xFB,0xD8,0x2F,0x21,0xFB,0xD8,0x38,0x2D,0xFB,0xE1,0x9D,0x9D,0x22,0xD6,0x42,0x39,0xA4,
    0xE6,0x32,0x25,0xFF,0xDC,0x32,0x25,0xF8,0xD0,0x31,0x26,0xFB,0xCF,0x30,0x25,0xFB,0xD0,0x30,0x25,0xFB,0xCF,0x31,0x25,0xFB,
    0xD0,0x32,0x26,0xFB,0xD0,0x31,0x27,0xFB,0xD0,0x31,0x26,0xFB,0xD0,0x31,0x26,0xFB,0xD0,0x30,0x26,0xFB,0xD0,0x31,0x26,0xFB,
    0xD1,0x31,0x27,0xFB,0xD1,0x30,0x26,0xFB,0xD1,0x30,0x26,0xFB,0xD1,0x30,0x25,0xFB,0xD0,0x30,0x26,0xFB,0xCF,0x30,0x26,0xFB,
    0xCF,0x2F,0x26,0xFB,0xCD,0x2F,0x26,0xFB,0xC9,0x2F,0x25,0xFB,0xC8,0x2F,0x25,0xFB,0xC7,0x2F,0x26,0xFB,0xC5,0x2E,0x26,0xFB,
    0xC3,0x2D,0x25,0xFB,0xC3,0x2D,0x25,0xFB,0xC3,0x2E,0x25,0xFB,0xC3,0x2D,0x25,0xFB,0xC6,0x2E,0x24,0xFB,0xCD,0x2F,0x26,0xFB,
    0xD4,0x31,0x27,0xFB,0xD8,0x34,0x28,0xFD,0xDC,0x34,0x27,0xFD,0xE0,0x35,0x27,0xFD,0xE3,0x35,0x26,0xFD,0xE3,0x34,0x24,0xFD,
    0xE6,0x35,0x25,0xFF,0xE5,0x33,0x24,0xFF,0xE2,0x31,0x22,0xFF,0xE3,0x32,0x23,0xFF,0xE7,0x35,0x26,0xFF,0xE4,0x33,0x25,0xFF,
    0xE7,0x35,0x29,0xFF,0xE2,0x35,0x2A,0xFF,0xF5,0x39,0x2C,0xFF,0xD6,0x46,0x3F,0x89,0x00,0x00,0x00,0x00,0xFF,0x3F,0x3F,0x04,
    0x00,0x00,0x00,0x00,0x00,0x00,0x00,0x00,0x00,0x00,0x00,0x00,0x00,0x00,0x00,0x00,0x00,0x00,0x00,0x00,0x00,0x00,0x00,0x00,
    0x00,0x00,0x00,0x00,0x00,0x00,0x00,0x00,0x00,0x00,0x00,0x00,0x00,0x00,0x00,0x00,0x00,0x00,0x00,0x00,0x00,0x00,0x00,0x00,
    0x00,0x00,0x00,0x00,0x00,0x00,0x00,0x00,0x00,0x00,0x00,0x00,0x00,0x00,0x00,0x00,0x00,0x00,0x00,0x00,0xBF,0x3F,0x3F,0x04,
    0x00,0x00,0x00,0x00,0xCD,0x63,0x5D,0x29,0xD8,0x42,0x38,0xC8,0xDB,0x33,0x28,0xFF,0xDD,0x2D,0x22,0xFF,0xD2,0x2C,0x20,0xFE,
    0xB8,0x29,0x20,0xFB,0x93,0x25,0x22,0xFC,0x73,0x20,0x23,0xFD,0x5C,0x1E,0x24,0xFE,0x4D,0x1B,0x24,0xFE,0x40,0x1A,0x25,0xFF,
    0x35,0x18,0x25,0xFF,0x2B,0x16,0x24,0xFF,0x24,0x15,0x26,0xFF,0x20,0x15,0x27,0xFF,0x1D,0x15,0x28,0xFF,0x1C,0x15,0x28,0xFF,
    0x1A,0x14,0x28,0xFF,0x1A,0x14,0x27,0xFF,0x1A,0x14,0x27,0xFF,0x1C,0x14,0x27,0xFF,0x1C,0x14,0x28,0xFF,0x1D,0x14,0x27,0xFF,
    0x1D,0x14,0x27,0xFF,0x1E,0x14,0x27,0xFF,0x1E,0x13,0x27,0xFF,0x1D,0x14,0x27,0xFF,0x1E,0x14,0x28,0xFF,0x1F,0x14,0x27,0xFF,
    0x1E,0x14,0x27,0xFF,0x1E,0x14,0x27,0xFF,0x1E,0x14,0x27,0xFF,0x1E,0x13,0x27,0xFF,0x1E,0x13,0x27,0xFF,0x1E,0x14,0x27,0xFF,
    0x1E,0x14,0x27,0xFF,0x1E,0x14,0x27,0xFF,0x1E,0x14,0x26,0xFF,0x1F,0x14,0x26,0xFF,0x1F,0x13,0x27,0xFF,0x20,0x13,0x26,0xFF,
    0x20,0x13,0x26,0xFF,0x21,0x13,0x26,0xFF,0x23,0x14,0x22,0xFF,0xB8,0x29,0x22,0xFC,0xE8,0x33,0x26,0xFE,0xD4,0x41,0x39,0xB2,
    0xCE,0x77,0x71,0x2F,0xD6,0x38,0x2E,0xFA,0xDD,0x33,0x27,0xFC,0xC6,0x32,0x28,0xFE,0x3D,0x1A,0x25,0xFF,0x2E,0x17,0x25,0xFF,
    0x33,0x19,0x26,0xFF,0x33,0x19,0x27,0xFF,0x34,0x19,0x27,0xFF,0x33,0x18,0x26,0xFF,0x33,0x18,0x25,0xFF,0x33,0x18,0x25,0xFF,
    0x34,0x18,0x25,0xFF,0x35,0x18,0x25,0xFF,0x37,0x18,0x25,0xFF,0x3A,0x19,0x25,0xFF,0x3D,0x19,0x25,0xFF,0x40,0x1A,0x25,0xFF,
    0x40,0x19,0x25,0xFF,0x55,0x1F,0x25,0xFF,0xCE,0x31,0x27,0xFC,0xE9,0x3E,0x30,0xFF,0xDC,0x72,0x66,0x43,0xCC,0x48,0x44,0x38,
    0xE0,0x36,0x2D,0xFF,0xD8,0x2D,0x23,0xFB,0xCF,0x2E,0x23,0xFE,0x42,0x1A,0x24,0xFF,0x27,0x15,0x26,0xFF,0x2C,0x16,0x27,0xFF,
    0x2A,0x15,0x26,0xFF,0x2A,0x15,0x25,0xFF,0x2A,0x15,0x25,0xFF,0x2A,0x15,0x26,0xFF,0x2B,0x15,0x25,0xFF,0x2A,0x15,0x25,0xFF,
    0x2A,0x16,0x25,0xFF,0x2B,0x16,0x26,0xFF,0x2B,0x16,0x26,0xFF,0x2B,0x17,0x26,0xFF,0x2B,0x16,0x26,0xFF,0x2B,0x16,0x26,0xFF,
    0x2B,0x16,0x26,0xFF,0x2C,0x16,0x26,0xFF,0x2C,0x16,0x26,0xFF,0x2B,0x16,0x25,0xFF,0x2B,0x16,0x26,0xFF,0x2C,0x17,0x26,0xFF,
    0x2B,0x17,0x27,0xFF,0x2B,0x16,0x26,0xFF,0x2B,0x16,0x26,0xFF,0x2D,0x16,0x26,0xFF,0x2E,0x17,0x25,0xFF,0x2F,0x17,0x25,0xFF,
    0x31,0x16,0x24,0xFF,0x33,0x16,0x24,0xFF,0x36,0x17,0x24,0xFF,0x34,0x19,0x27,0xFF,0xB6,0x30,0x2A,0xFF,0xEB,0x38,0x28,0xFF,
    0x65,0x21,0x26,0xFF,0x23,0x15,0x27,0xFF,0x2F,0x17,0x28,0xFF,0x2C,0x17,0x27,0xFF,0x2C,0x16,0x27,0xFF,0x2C,0x16,0x27,0xFF,
    0x2C,0x16,0x27,0xFF,0x2A,0x16,0x26,0xFF,0x2A,0x15,0x25,0xFF,0x2B,0x15,0x25,0xFF,0x2B,0x16,0x26,0xFF,0x2B,0x16,0x26,0xFF,
    0x2B,0x16,0x26,0xFF,0x2B,0x16,0x26,0xFF,0x2B,0x16,0x27,0xFF,0x2B,0x16,0x26,0xFF,0x2B,0x16,0x27,0xFF,0x2B,0x16,0x27,0xFF,
    0x2C,0x17,0x27,0xFF,0x2F,0x17,0x27,0xFF,0x21,0x14,0x25,0xFF,0x6E,0x22,0x24,0xFF,0xE4,0x34,0x27,0xFE,0xD9,0x32,0x26,0xFF,
    0xD7,0x49,0x3F,0xD4,0xD5,0x33,0x29,0xF9,0xE6,0x31,0x23,0xFE,0x96,0x28,0x26,0xFF,0x1E,0x14,0x25,0xFF,0x2C,0x15,0x25,0xFF,
    0x2A,0x15,0x25,0xFF,0x2A,0x15,0x25,0xFF,0x2A,0x16,0x26,0xFF,0x2A,0x16,0x27,0xFF,0x2A,0x16,0x27,0xFF,0x2B,0x16,0x27,0xFF,
    0x2B,0x17,0x27,0xFF,0x2C,0x17,0x27,0xFF,0x2D,0x17,0x27,0xFF,0x2D,0x17,0x27,0xFF,0x2C,0x17,0x27,0xFF,0x2C,0x16,0x26,0xFF,
    0x2C,0x16,0x26,0xFF,0x2B,0x16,0x27,0xFF,0x2B,0x16,0x27,0xFF,0x29,0x16,0x27,0xFF,0x27,0x15,0x27,0xFF,0x25,0x15,0x28,0xFF,
    0x22,0x15,0x28,0xFF,0x21,0x15,0x28,0xFF,0x1F,0x15,0x28,0xFF,0x1F,0x14,0x27,0xFF,0x1F,0x14,0x27,0xFF,0x20,0x15,0x26,0xFF,
    0x23,0x15,0x26,0xFF,0x28,0x16,0x26,0xFF,0x2E,0x17,0x26,0xFF,0x33,0x18,0x25,0xFF,0x3C,0x19,0x25,0xFF,0x44,0x1B,0x25,0xFF,
    0x4E,0x1C,0x25,0xFF,0x55,0x1E,0x23,0xFF,0x62,0x1F,0x24,0xFE,0x6F,0x21,0x24,0xFE,0x7B,0x24,0x24,0xFE,0x89,0x26,0x24,0xFD,
    0x96,0x28,0x24,0xFC,0xA6,0x2C,0x24,0xFC,0xBC,0x2F,0x25,0xFB,0xD8,0x31,0x25,0xF7,0xE2,0x33,0x28,0xFB,0xD7,0x57,0x4F,0x60,
    0x00,0x00,0x00,0x00,0xBF,0x3F,0x3F,0x04,0x00,0x00,0x00,0x00,0x00,0x00,0x00,0x00,0x00,0x00,0x00,0x00,0x00,0x00,0x00,0x00,
    0x00,0x00,0x00,0x00,0x00,0x00,0x00,0x00,0x00,0x00,0x00,0x00,0x00,0x00,0x00,0x00,0x00,0x00,0x00,0x00,0x00,0x00,0x00,0x00,
    0x00,0x00,0x00,0x00,0x00,0x00,0x00,0x00,0x00,0x00,0x00,0x00,0x00,0x00,0x00,0x00,0x00,0x00,0x00,0x00,0x00,0x00,0x00,0x00,
    0xAA,0x55,0x55,0x03,0x00,0x00,0x00,0x00,0xCE,0x6F,0x68,0x49,0xD6,0x38,0x2E,0xEB,0xDC,0x2E,0x24,0xFF,0xD7,0x2D,0x21,0xFB,
    0xA0,0x25,0x22,0xFD,0x49,0x19,0x23,0xFF,0x1C,0x12,0x24,0xFF,0x0F,0x10,0x24,0xFF,0x0D,0x10,0x25,0xFF,0x0F,0x11,0x26,0xFF,
    0x12,0x13,0x26,0xFF,0x13,0x12,0x26,0xFF,0x15,0x13,0x26,0xFF,0x17,0x13,0x25,0xFF,0x18,0x13,0x25,0xFF,0x19,0x13,0x26,0xFF,
    0x1A,0x13,0x27,0xFF,0x1C,0x14,0x27,0xFF,0x1B,0x14,0x27,0xFF,0x1C,0x13,0x27,0xFF,0x1C,0x14,0x28,0xFF,0x1D,0x15,0x28,0xFF,
    0x1D,0x15,0x28,0xFF,0x1D,0x15,0x28,0xFF,0x1D,0x16,0x29,0xFF,0x1D,0x16,0x29,0xFF,0x1D,0x16,0x29,0xFF,0x1D,0x16,0x29,0xFF,
    0x1D,0x16,0x29,0xFE,0x1C,0x15,0x28,0xFE,0x18,0x12,0x26,0xFF,0x19,0x13,0x27,0xFF,0x1B,0x14,0x28,0xFF,0x1C,0x14,0x28,0xFF,
    0x1B,0x14,0x27,0xFF,0x1B,0x15,0x27,0xFF,0x1B,0x15,0x27,0xFF,0x1B,0x14,0x27,0xFF,0x1A,0x14,0x27,0xFF,0x1B,0x14,0x27,0xFF,
    0x1B,0x14,0x27,0xFF,0x1A,0x14,0x27,0xFF,0x1A,0x14,0x27,0xFF,0x1C,0x12,0x25,0xFF,0x07,0x0E,0x23,0xFF,0x68,0x1E,0x21,0xFF,
    0xE9,0x34,0x26,0xFF,0xD3,0x37,0x2C,0xF3,0xD3,0x3C,0x32,0xE4,0xDB,0x30,0x24,0xFF,0xD9,0x35,0x27,0xFD,0x49,0x1A,0x27,0xFF,
    0x08,0x0E,0x24,0xFF,0x17,0x12,0x26,0xFF,0x17,0x15,0x28,0xFF,0x17,0x14,0x28,0xFF,0x16,0x14,0x28,0xFF,0x16,0x13,0x27,0xFF,
    0x15,0x13,0x26,0xFF,0x15,0x13,0x26,0xFF,0x14,0x12,0x26,0xFF,0x15,0x13,0x25,0xFF,0x14,0x12,0x25,0xFF,0x13,0x12,0x25,0xFF,
    0x10,0x10,0x24,0xFF,0x12,0x0F,0x23,0xFF,0x05,0x0D,0x23,0xFF,0x3B,0x1A,0x26,0xFE,0xDA,0x34,0x28,0xFE,0xD7,0x3A,0x2B,0xF6,
    0xDC,0x81,0x75,0x43,0xD7,0x37,0x2E,0xE1,0xD8,0x2E,0x24,0xFE,0xDC,0x30,0x24,0xFE,0x58,0x1B,0x24,0xFF,0x08,0x0F,0x25,0xFF,
    0x19,0x12,0x26,0xFF,0x18,0x14,0x28,0xFF,0x18,0x14,0x27,0xFF,0x18,0x13,0x27,0xFF,0x18,0x14,0x27,0xFF,0x18,0x13,0x27,0xFF,
    0x18,0x13,0x27,0xFF,0x18,0x13,0x27,0xFF,0x18,0x14,0x27,0xFF,0x18,0x14,0x27,0xFF,0x19,0x14,0x27,0xFF,0x19,0x15,0x27,0xFF,
    0x19,0x15,0x27,0xFF,0x19,0x14,0x27,0xFF,0x15,0x11,0x25,0xFF,0x15,0x10,0x25,0xFF,0x15,0x10,0x25,0xFF,0x15,0x10,0x25,0xFF,
    0x17,0x14,0x27,0xFF,0x18,0x14,0x27,0xFF,0x18,0x14,0x27,0xFF,0x18,0x14,0x27,0xFF,0x18,0x14,0x27,0xFF,0x17,0x14,0x27,0xFF,
    0x17,0x14,0x27,0xFF,0x17,0x14,0x27,0xFF,0x15,0x12,0x26,0xFF,0x13,0x10,0x24,0xFF,0x12,0x0F,0x24,0xFF,0x10,0x11,0x25,0xFF,
    0xD3,0x32,0x28,0xFF,0x8C,0x25,0x27,0xFF,0x06,0x0F,0x25,0xFF,0x18,0x12,0x27,0xFF,0x19,0x15,0x28,0xFF,0x19,0x15,0x28,0xFF,
    0x18,0x15,0x27,0xFF,0x18,0x14,0x27,0xFF,0x18,0x14,0x27,0xFF,0x17,0x14,0x27,0xFF,0x17,0x14,0x27,0xFF,0x17,0x14,0x27,0xFF,
    0x17,0x14,0x27,0xFF,0x15,0x11,0x25,0xFE,0x17,0x13,0x27,0xFF,0x18,0x14,0x27,0xFF,0x18,0x14,0x27,0xFF,0x18,0x14,0x27,0xFF,
    0x18,0x14,0x27,0xFF,0x18,0x15,0x27,0xFF,0x18,0x15,0x28,0xFF,0x19,0x15,0x27,0xFF,0x15,0x12,0x27,0xFF,0x1D,0x12,0x25,0xFF,
    0xC1,0x2E,0x27,0xFF,0xDE,0x34,0x28,0xFF,0xDD,0x32,0x26,0xFF,0xDB,0x31,0x25,0xFF,0xD6,0x31,0x24,0xFF,0x30,0x15,0x26,0xFF,
    0x0E,0x0F,0x26,0xFF,0x19,0x13,0x26,0xFF,0x18,0x13,0x26,0xFF,0x18,0x13,0x26,0xFF,0x19,0x14,0x27,0xFF,0x19,0x14,0x27,0xFF,
    0x19,0x14,0x27,0xFF,0x1A,0x15,0x28,0xFF,0x1A,0x15,0x28,0xFF,0x1A,0x16,0x28,0xFF,0x18,0x13,0x27,0xFF,0x18,0x12,0x27,0xFF,
    0x18,0x12,0x26,0xFF,0x17,0x12,0x26,0xFF,0x19,0x13,0x27,0xFF,0x1A,0x15,0x28,0xFF,0x19,0x15,0x28,0xFF,0x19,0x14,0x27,0xFF,
    0x19,0x14,0x27,0xFF,0x1A,0x14,0x27,0xFF,0x19,0x13,0x26,0xFF,0x1A,0x13,0x26,0xFF,0x1A,0x13,0x26,0xFF,0x1A,0x13,0x26,0xFF,
    0x1A,0x13,0x26,0xFF,0x1A,0x14,0x26,0xFF,0x1A,0x14,0x26,0xFF,0x18,0x14,0x26,0xFF,0x17,0x14,0x26,0xFF,0x16,0x14,0x27,0xFF,
    0x15,0x14,0x27,0xFF,0x13,0x13,0x27,0xFF,0x12,0x13,0x27,0xFF,0x10,0x12,0x26,0xFF,0x0F,0x11,0x25,0xFF,0x0E,0x11,0x25,0xFF,
    0x0F,0x11,0x25,0xFF,0x0E,0x0F,0x23,0xFF,0x13,0x10,0x23,0xFF,0x0A,0x0E,0x23,0xFF,0x56,0x20,0x25,0xFF,0xE2,0x34,0x26,0xFD,
    0xDB,0x37,0x2B,0xFD,0xD3,0x60,0x57,0x3A,0x00,0x00,0x00,0x00,0xAA,0x55,0x55,0x03,0x00,0x00,0x00,0x00,0x00,0x00,0x00,0x00,
    0x00,0x00,0x00,0x00,0x00,0x00,0x00,0x00,0x00,0x00,0x00,0x00,0x00,0x00,0x00,0x00,0x00,0x00,0x00,0x00,0x00,0x00,0x00,0x00,
    0x00,0x00,0x00,0x00,0x00,0x00,0x00,0x00,0x00,0x00,0x00,0x00,0x00,0x00,0x00,0x00,0x00,0x00,0x00,0x00,0x00,0x00,0x00,0x00,
    0x00,0x00,0x00,0x00,0xFF,0x00,0x00,0x02,0x00,0x00,0x00,0x00,0xC9,0x5E,0x53,0x2B,0xD3,0x3D,0x31,0xF1,0xDA,0x32,0x27,0xFF,
    0xD8,0x33,0x26,0xFB,0x69,0x20,0x24,0xFF,0x11,0x0F,0x23,0xFF,0x11,0x10,0x25,0xFF,0x1C,0x14,0x27,0xFF,0x1D,0x12,0x25,0xFF,
    0x17,0x0B,0x20,0xFF,0x0F,0x05,0x1B,0xFF,0x0B,0x01,0x19,0xFF,0x0A,0x02,0x19,0xFF,0x0B,0x03,0x19,0xFF,0x0C,0x04,0x19,0xFE,
    0x0F,0x07,0x1C,0xFE,0x12,0x0A,0x1E,0xFE,0x15,0x0E,0x21,0xFE,0x17,0x10,0x23,0xFE,0x16,0x0F,0x22,0xFE,0x14,0x0D,0x21,0xFE,
    0x12,0x0B,0x1F,0xFE,0x11,0x09,0x1E,0xFD,0x0F,0x07,0x1D,0xFD,0x0F,0x07,0x1D,0xFE,0x0E,0x06,0x1D,0xFF,0x0D,0x05,0x1C,0xFF,
    0x0D,0x04,0x1C,0xFF,0x0E,0x05,0x1C,0xFF,0x0D,0x04,0x1C,0xFF,0x11,0x08,0x1F,0xFF,0x1B,0x12,0x26,0xFF,0x1A,0x11,0x25,0xFF,
    0x10,0x07,0x1E,0xFF,0x0E,0x05,0x1C,0xFF,0x0D,0x06,0x1C,0xFF,0x0F,0x07,0x1D,0xFF,0x0F,0x07,0x1D,0xFF,0x0E,0x06,0x1C,0xFF,
    0x0D,0x06,0x1C,0xFF,0x0E,0x06,0x1D,0xFF,0x0F,0x06,0x1C,0xFF,0x0D,0x05,0x1C,0xFF,0x0E,0x05,0x1C,0xFF,0x1B,0x10,0x24,0xFF,
    0x18,0x11,0x24,0xFF,0x25,0x14,0x22,0xFF,0xCD,0x32,0x27,0xFF,0xE1,0x33,0x26,0xFF,0xDB,0x30,0x25,0xFF,0xE7,0x34,0x25,0xFE,
    0x70,0x23,0x27,0xFF,0x0B,0x0E,0x25,0xFF,0x1E,0x12,0x25,0xFF,0x18,0x0F,0x23,0xFF,0x0F,0x07,0x1D,0xFF,0x10,0x08,0x1D,0xFF,
    0x0E,0x07,0x1C,0xFF,0x0F,0x07,0x1C,0xFF,0x10,0x07,0x1D,0xFF,0x0E,0x06,0x1C,0xFF,0x0E,0x06,0x1C,0xFF,0x0F,0x06,0x1B,0xFF,
    0x0F,0x07,0x1C,0xFF,0x0D,0x05,0x1B,0xFF,0x16,0x0E,0x21,0xFF,0x1E,0x13,0x25,0xFF,0x0E,0x0E,0x23,0xFF,0x67,0x21,0x26,0xFE,
    0xE4,0x34,0x27,0xFF,0xD0,0x48,0x39,0xE6,0xD7,0x54,0x48,0xC8,0xDE,0x2F,0x24,0xFF,0xE2,0x34,0x26,0xFD,0x83,0x23,0x24,0xFF,
    0x0B,0x0D,0x23,0xFF,0x1D,0x11,0x24,0xFF,0x1B,0x11,0x25,0xFF,0x0E,0x05,0x1C,0xFF,0x0B,0x03,0x1A,0xFF,0x0C,0x03,0x1A,0xFF,
    0x0C,0x04,0x1B,0xFF,0x0C,0x04,0x1B,0xFF,0x0C,0x03,0x1A,0xFF,0x0C,0x04,0x1A,0xFF,0x0C,0x04,0x1B,0xFF,0x0C,0x04,0x1B,0xFF,
    0x0C,0x04,0x1B,0xFF,0x0D,0x05,0x1C,0xFF,0x0D,0x05,0x1C,0xFF,0x0E,0x05,0x1C,0xFF,0x19,0x0F,0x23,0xFF,0x1B,0x11,0x24,0xFF,
    0x1A,0x11,0x24,0xFF,0x19,0x10,0x23,0xFF,0x0D,0x05,0x1B,0xFF,0x0C,0x04,0x1B,0xFF,0x0C,0x04,0x1B,0xFF,0x0C,0x04,0x1B,0xFF,
    0x0C,0x04,0x1B,0xFF,0x0D,0x04,0x1B,0xFF,0x0C,0x04,0x1A,0xFF,0x0B,0x03,0x1A,0xFF,0x0E,0x05,0x1C,0xFF,0x1B,0x10,0x23,0xFF,
    0x15,0x10,0x23,0xFF,0x30,0x15,0x23,0xFF,0x9D,0x25,0x26,0xFF,0x16,0x0F,0x24,0xFF,0x19,0x12,0x24,0xFF,0x1A,0x10,0x24,0xFF,
    0x0E,0x05,0x1C,0xFF,0x0E,0x06,0x1D,0xFF,0x0E,0x06,0x1C,0xFF,0x0F,0x06,0x1C,0xFF,0x0E,0x06,0x1C,0xFF,0x0E,0x05,0x1B,0xFF,
    0x0D,0x05,0x1C,0xFF,0x0E,0x06,0x1C,0xFF,0x0D,0x05,0x1C,0xFF,0x16,0x0D,0x21,0xFF,0x0D,0x05,0x1C,0xFF,0x0D,0x04,0x1C,0xFF,
    0x0D,0x05,0x1B,0xFF,0x0D,0x04,0x1B,0xFF,0x0E,0x05,0x1B,0xFF,0x0F,0x06,0x1D,0xFF,0x0E,0x05,0x1C,0xFF,0x10,0x09,0x1E,0xFF,
    0x20,0x13,0x27,0xFF,0x0E,0x10,0x25,0xFF,0x62,0x1D,0x22,0xFF,0xE8,0x35,0x25,0xFF,0xD7,0x32,0x26,0xFD,0xEB,0x36,0x24,0xFF,
    0x79,0x23,0x25,0xFF,0x0C,0x0F,0x26,0xFF,0x20,0x14,0x26,0xFF,0x10,0x07,0x1E,0xFF,0x0C,0x03,0x1A,0xFF,0x0E,0x06,0x1C,0xFF,
    0x0F,0x06,0x1C,0xFF,0x0E,0x05,0x1C,0xFF,0x0E,0x05,0x1C,0xFF,0x0F,0x05,0x1C,0xFF,0x0F,0x06,0x1D,0xFF,0x0F,0x05,0x1D,0xFF,
    0x1D,0x13,0x25,0xFF,0x1F,0x14,0x27,0xFF,0x20,0x16,0x27,0xFF,0x1C,0x12,0x25,0xFF,0x12,0x09,0x1F,0xFF,0x0D,0x03,0x1B,0xFF,
    0x0C,0x03,0x1B,0xFF,0x0D,0x05,0x1C,0xFF,0x10,0x08,0x1D,0xFD,0x12,0x0B,0x1F,0xFD,0x16,0x0E,0x22,0xFE,0x18,0x10,0x22,0xFE,
    0x18,0x11,0x23,0xFE,0x17,0x10,0x22,0xFE,0x16,0x0E,0x21,0xFE,0x14,0x0C,0x1F,0xFD,0x11,0x09,0x1E,0xFD,0x0F,0x07,0x1C,0xFE,
    0x0E,0x06,0x1B,0xFF,0x0C,0x04,0x1A,0xFF,0x0C,0x04,0x1A,0xFF,0x0D,0x04,0x1A,0xFF,0x0C,0x03,0x19,0xFF,0x0C,0x03,0x19,0xFF,
    0x10,0x05,0x1B,0xFF,0x10,0x05,0x1B,0xFF,0x12,0x08,0x1D,0xFF,0x1C,0x11,0x23,0xFF,0x1F,0x13,0x24,0xFF,0x0D,0x0F,0x24,0xFF,
    0x76,0x24,0x26,0xFE,0xEA,0x36,0x26,0xFF,0xD6,0x3C,0x31,0xF6,0xD6,0x84,0x7A,0x19,0x00,0x00,0x00,0x00,0xFF,0x00,0x00,0x01,
    0x00,0x00,0x00,0x00,0x00,0x00,0x00,0x00,0x00,0x00,0x00,0x00,0x00,0x00,0x00,0x00,0x00,0x00,0x00,0x00,0x00,0x00,0x00,0x00,
    0x00,0x00,0x00,0x00,0x00,0x00,0x00,0x00,0x00,0x00,0x00,0x00,0x00,0x00,0x00,0x00,0x00,0x00,0x00,0x00,0x00,0x00,0x00,0x00,
    0x00,0x00,0x00,0x00,0x00,0x00,0x00,0x00,0xFF,0x00,0x00,0x01,0xFF,0x00,0x00,0x02,0xE9,0x94,0x94,0x0C,0xD4,0x40,0x35,0xDE,
    0xD9,0x31,0x26,0xFF,0xD5,0x35,0x26,0xFC,0x58,0x1F,0x26,0xFF,0x0A,0x0E,0x25,0xFF,0x1E,0x12,0x25,0xFF,0x1D,0x11,0x24,0xFF,
    0x0E,0x03,0x1B,0xFF,0x12,0x09,0x1E,0xFF,0x2E,0x25,0x31,0xFB,0x52,0x49,0x47,0xFC,0x78,0x6C,0x60,0xFD,0x8D,0x82,0x6F,0xF3,
    0xA7,0x9A,0x81,0xFC,0xB6,0xA8,0x89,0xF7,0xBC,0xAD,0x8D,0xF0,0xC4,0xB5,0x93,0xEE,0xC9,0xBA,0x98,0xEF,0xCE,0xBF,0x9B,0xEE,
    0xCC,0xBD,0x9A,0xEE,0xC8,0xB9,0x98,0xEC,0xC3,0xB5,0x92,0xEC,0xBD,0xAE,0x8E,0xE4,0xB8,0xAA,0x8B,0xE5,0xB8,0xA9,0x8B,0xF5,
    0xB4,0xA5,0x87,0xFF,0xA9,0x9C,0x82,0xFD,0x9D,0x8F,0x79,0xF5,0x90,0x83,0x72,0xED,0x8A,0x81,0x71,0xE8,0x62,0x58,0x55,0xED,
    0x15,0x0A,0x20,0xFF,0x1F,0x17,0x26,0xFE,0xA0,0x94,0x7C,0xF9,0xB8,0xA9,0x8A,0xFF,0xB3,0xA4,0x86,0xFF,0xB7,0xA8,0x89,0xFF,
    0xB8,0xA8,0x8A,0xFF,0xB6,0xA7,0x89,0xFF,0xB6,0xA6,0x89,0xFF,0xB7,0xA8,0x88,0xFF,0xB6,0xA6,0x88,0xFF,0xB7,0xA8,0x8A,0xFF,
    0xA1,0x92,0x7B,0xFA,0x1F,0x15,0x26,0xFD,0x1D,0x11,0x23,0xFF,0x0E,0x0F,0x24,0xFF,0x82,0x25,0x26,0xFF,0xE6,0x35,0x28,0xFE,
    0xE4,0x34,0x25,0xFE,0x99,0x27,0x26,0xFF,0x10,0x10,0x27,0xFF,0x1D,0x12,0x26,0xFF,0x16,0x0C,0x22,0xFF,0x22,0x1A,0x28,0xF7,
    0xAD,0xA0,0x84,0xF3,0xBC,0xAD,0x8D,0xFF,0xB6,0xA7,0x89,0xFF,0xB8,0xA9,0x8A,0xFF,0xB9,0xAA,0x8B,0xFE,0xB9,0xAA,0x8B,0xFF,
    0xB7,0xA9,0x8A,0xFF,0xB8,0xA9,0x8A,0xFF,0xB7,0xA8,0x8A,0xFF,0xBD,0xB2,0x8E,0xFF,0x4D,0x44,0x45,0xFF,0x12,0x07,0x1F,0xFF,
    0x0E,0x10,0x25,0xFF,0x88,0x25,0x25,0xFF,0xDF,0x34,0x28,0xFF,0xD2,0x3E,0x31,0xFE,0xD9,0x38,0x2C,0xFF,0xE1,0x34,0x25,0xFE,
    0xAB,0x2E,0x25,0xFF,0x15,0x10,0x24,0xFF,0x19,0x10,0x24,0xFF,0x1A,0x10,0x24,0xFF,0x14,0x0D,0x1F,0xFB,0x8D,0x81,0x6E,0xF3,
    0xAA,0x9D,0x81,0xFF,0xA6,0x98,0x7C,0xFE,0xA9,0x9A,0x7F,0xFF,0xAA,0x9C,0x80,0xFF,0xAA,0x9B,0x7F,0xFF,0xAA,0x9C,0x80,0xFF,
    0xAC,0x9E,0x81,0xFF,0xAA,0x9C,0x81,0xFF,0xAA,0x9C,0x81,0xFF,0xAB,0x9D,0x82,0xFF,0xAD,0x9F,0x84,0xFF,0xA4,0x97,0x7D,0xFF,
    0x2A,0x20,0x2E,0xFF,0x17,0x0D,0x21,0xFF,0x19,0x0F,0x24,0xFF,0x1D,0x15,0x25,0xFD,0x96,0x89,0x76,0xF6,0xAF,0xA2,0x85,0xFF,
    0xAB,0x9D,0x82,0xFF,0xAB,0x9D,0x82,0xFF,0xAC,0x9F,0x83,0xFF,0xAE,0xA0,0x84,0xFF,0xAB,0x9D,0x82,0xFF,0xAB,0xA0,0x84,0xFF,
    0x98,0x8D,0x79,0xF4,0x22,0x18,0x29,0xFC,0x15,0x0F,0x22,0xFF,0x29,0x14,0x24,0xFF,0x28,0x13,0x25,0xFF,0x15,0x10,0x25,0xFF,
    0x19,0x0F,0x22,0xFF,0x1B,0x14,0x24,0xFE,0x9F,0x91,0x79,0xFC,0xB7,0xA7,0x88,0xFF,0xB4,0xA4,0x86,0xFF,0xB6,0xA6,0x87,0xFF,
    0xB6,0xA6,0x87,0xFF,0xB4,0xA4,0x86,0xFF,0xB3,0xA3,0x86,0xFF,0xB5,0xA5,0x88,0xFF,0xB6,0xA8,0x89,0xFA,0x83,0x77,0x6C,0xE9,
    0xAD,0x9F,0x85,0xFA,0xB6,0xA7,0x8A,0xFF,0xB4,0xA5,0x86,0xFF,0xB3,0xA3,0x85,0xFF,0xB4,0xA4,0x86,0xFF,0xB3,0xA3,0x86,0xFF,
    0xB8,0xAA,0x8A,0xFF,0x83,0x76,0x68,0xFA,0x14,0x0B,0x21,0xFF,0x1C,0x13,0x27,0xFF,0x1A,0x11,0x21,0xFF,0xBD,0x2F,0x25,0xFF,
    0xEE,0x36,0x26,0xFF,0xBF,0x30,0x26,0xFF,0x1A,0x11,0x25,0xFF,0x1D,0x14,0x27,0xFF,0x10,0x07,0x1C,0xFF,0x6C,0x61,0x58,0xFE,
    0xB4,0xA9,0x89,0xFF,0xB1,0xA2,0x84,0xFF,0xB5,0xA6,0x87,0xFF,0xB3,0xA3,0x86,0xFF,0xB1,0xA1,0x85,0xFF,0xAF,0xA0,0x85,0xFF,
    0xAE,0x9F,0x83,0xFF,0xB1,0xA4,0x87,0xF6,0x48,0x3F,0x45,0xF2,0x17,0x0C,0x21,0xFF,0x10,0x06,0x1C,0xFF,0x1C,0x13,0x24,0xFC,
    0x4A,0x40,0x42,0xF9,0x78,0x6D,0x61,0xF9,0x98,0x8B,0x77,0xF3,0xB2,0xA4,0x89,0xFD,0xBA,0xAC,0x8C,0xE8,0xC1,0xB1,0x91,0xE4,
    0xC8,0xB9,0x97,0xEE,0xCE,0xBE,0x9B,0xF1,0xCE,0xC0,0x9C,0xEE,0xCD,0xBF,0x9B,0xEC,0xC9,0xBB,0x98,0xEA,0xC4,0xB6,0x93,0xE7,
    0xBD,0xAE,0x8F,0xE4,0xB8,0xAA,0x8C,0xEF,0xB5,0xA6,0x8A,0xFF,0xAA,0x9D,0x82,0xFF,0xA0,0x93,0x7B,0xFC,0x8E,0x82,0x70,0xF1,
    0x82,0x75,0x67,0xFB,0x7C,0x70,0x62,0xFF,0x64,0x59,0x52,0xF4,0x52,0x48,0x46,0xFA,0x44,0x3B,0x3E,0xFE,0x1D,0x13,0x26,0xFE,
    0x1C,0x11,0x24,0xFF,0x0E,0x0F,0x24,0xFF,0x96,0x29,0x27,0xFD,0xEF,0x37,0x28,0xFF,0xDB,0x3F,0x35,0xDC,0xE2,0xE2,0xE2,0x09,
    0x00,0x00,0x00,0x00,0xFF,0xFF,0xFF,0x01,0x00,0x00,0x00,0x00,0x00,0x00,0x00,0x00,0x00,0x00,0x00,0x00,0x00,0x00,0x00,0x00,
    0x00,0x00,0x00,0x00,0x00,0x00,0x00,0x00,0x00,0x00,0x00,0x00,0x00,0x00,0x00,0x00,0x00,0x00,0x00,0x00,0x00,0x00,0x00,0x00,
    0x00,0x00,0x00,0x00,0x00,0x00,0x00,0x00,0x00,0x00,0x00,0x00,0x00,0x00,0x00,0x00,0xFF,0x55,0x55,0x03,0x00,0x00,0x00,0x00,
    0xD5,0x4B,0x46,0x8E,0xE1,0x32,0x29,0xFF,0xDD,0x34,0x26,0xFA,0x6D,0x21,0x26,0xFF,0x0A,0x0F,0x27,0xFF,0x21,0x14,0x26,0xFF,
    0x15,0x0C,0x21,0xFF,0x14,0x0B,0x1F,0xFE,0x65,0x59,0x56,0xF4,0xC5,0xB5,0x93,0xF8,0xF4,0xE2,0xAF,0xF7,0xFF,0xF0,0xB8,0xFC,
    0xFF,0xF5,0xBB,0xFE,0xFF,0xF5,0xBD,0xFD,0xFF,0xF4,0xBC,0xFF,0xFF,0xF3,0xBB,0xFF,0xFF,0xF2,0xBA,0xFF,0xFF,0xF1,0xBA,0xFF,
    0xFF,0xF0,0xBA,0xFF,0xFF,0xF0,0xBA,0xFF,0xFF,0xF0,0xBB,0xFF,0xFF,0xF1,0xBB,0xFF,0xFF,0xF2,0xBB,0xFF,0xFF,0xF3,0xBC,0xFF,
    0xFF,0xF3,0xBC,0xFF,0xFF,0xF4,0xBB,0xFF,0xFF,0xF4,0xBB,0xFF,0xFF,0xF5,0xBC,0xFF,0xFF,0xF5,0xBE,0xFD,0xFF,0xF3,0xBD,0xFC,
    0xFF,0xFF,0xCA,0xFA,0xB4,0xA6,0x89,0xEF,0x08,0x00,0x16,0xFF,0x31,0x28,0x32,0xF9,0xFC,0xEC,0xB6,0xF5,0xFF,0xF7,0xBC,0xFF,
    0xFF,0xF1,0xB9,0xFF,0xFF,0xF3,0xB9,0xFF,0xFF,0xF2,0xBA,0xFF,0xFF,0xF4,0xBB,0xFF,0xFF,0xF4,0xBB,0xFF,0xFF,0xF3,0xBA,0xFF,
    0xFF,0xF3,0xBA,0xFF,0xFF,0xF2,0xBB,0xFF,0xFF,0xFF,0xC5,0xF9,0x61,0x56,0x53,0xF5,0x10,0x06,0x1C,0xFF,0x1A,0x15,0x28,0xFF,
    0x2B,0x16,0x26,0xFF,0xDF,0x34,0x26,0xFF,0xBA,0x30,0x26,0xFF,0x19,0x12,0x26,0xFF,0x19,0x11,0x26,0xFF,0x1C,0x12,0x26,0xFF,
    0x0E,0x07,0x1B,0xFC,0xB9,0xAA,0x8C,0xEA,0xFF,0xFF,0xC3,0xFB,0xFF,0xF2,0xB9,0xFF,0xFF,0xF2,0xBB,0xFF,0xFF,0xF2,0xBB,0xFF,
    0xFF,0xF2,0xBA,0xFF,0xFF,0xF3,0xBA,0xFF,0xFF,0xF3,0xBB,0xFF,0xFF,0xF2,0xBA,0xFF,0xFF,0xF3,0xBA,0xFF,0xFF,0xF8,0xBD,0xFC,
    0x45,0x3C,0x41,0xFD,0x11,0x07,0x1F,0xFF,0x12,0x11,0x24,0xFF,0xA6,0x28,0x25,0xFF,0xDE,0x34,0x29,0xFF,0xD3,0x30,0x27,0xFF,
    0xDC,0x33,0x26,0xFE,0xCA,0x32,0x26,0xFF,0x28,0x15,0x25,0xFF,0x14,0x10,0x24,0xFF,0x1F,0x14,0x26,0xFF,0x09,0x02,0x19,0xFF,
    0x93,0x87,0x71,0xF3,0xFF,0xFD,0xC0,0xF8,0xFF,0xF1,0xB8,0xFF,0xFF,0xF2,0xB8,0xFF,0xFF,0xF3,0xB8,0xFF,0xFF,0xF3,0xB9,0xFF,
    0xFF,0xF4,0xBA,0xFF,0xFF,0xF4,0xBA,0xFF,0xFF,0xF3,0xBA,0xFF,0xFF,0xF4,0xBB,0xFF,0xFF,0xF4,0xBC,0xFF,0xFF,0xF3,0xBB,0xFF,
    0xFF,0xF5,0xBB,0xFF,0xFF,0xF1,0xB9,0xFF,0x3A,0x2F,0x38,0xFF,0x14,0x0A,0x1F,0xFF,0x16,0x0C,0x21,0xFF,0x34,0x2A,0x34,0xFA,
    0xFF,0xF0,0xBB,0xF4,0xFF,0xF8,0xBD,0xFF,0xFF,0xF4,0xBB,0xFF,0xFF,0xF5,0xBD,0xFF,0xFF,0xF5,0xBC,0xFF,0xFF,0xF5,0xBC,0xFF,
    0xFF,0xF3,0xBB,0xFF,0xFF,0xFD,0xC3,0xFF,0xE7,0xD5,0xAA,0xF7,0x1C,0x13,0x26,0xFC,0x1B,0x11,0x25,0xFF,0x19,0x11,0x26,0xFF,
    0x18,0x11,0x25,0xFF,0x1F,0x14,0x26,0xFF,0x07,0x01,0x17,0xFD,0x9C,0x8F,0x77,0xF1,0xFF,0xFF,0xC0,0xFC,0xFF,0xF2,0xB8,0xFF,
    0xFF,0xF3,0xB9,0xFF,0xFF,0xF3,0xB9,0xFF,0xFF,0xF3,0xB9,0xFF,0xFF,0xF3,0xB9,0xFF,0xFF,0xF0,0xB8,0xFE,0xFF,0xFC,0xC0,0xFF,
    0xEC,0xDB,0xAD,0xEB,0x22,0x1E,0x28,0xF1,0xDC,0xCD,0xA2,0xEC,0xFF,0xFF,0xC2,0xFF,0xFF,0xF1,0xB8,0xFF,0xFF,0xF3,0xB9,0xFF,
    0xFF,0xF3,0xB9,0xFF,0xFF,0xF1,0xB8,0xFF,0xFF,0xF5,0xBA,0xFF,0xFF,0xED,0xB5,0xF6,0x35,0x2B,0x37,0xF5,0x18,0x0C,0x21,0xFF,
    0x0D,0x10,0x25,0xFF,0x68,0x21,0x26,0xFF,0xFA,0x3C,0x28,0xFF,0x47,0x19,0x27,0xFF,0x11,0x10,0x25,0xFF,0x17,0x0C,0x1F,0xFF,
    0x30,0x29,0x32,0xF6,0xF9,0xE8,0xB3,0xF5,0xFF,0xF8,0xBC,0xFF,0xFF,0xF1,0xB8,0xFF,0xFF,0xF2,0xBA,0xFF,0xFF,0xF3,0xBA,0xFF,
    0xFF,0xF3,0xBA,0xFF,0xFF,0xF0,0xB8,0xFF,0xFF,0xFF,0xC3,0xFE,0xC8,0xB9,0x96,0xEC,0x14,0x0B,0x1D,0xFB,0x1C,0x12,0x23,0xFC,
    0x82,0x74,0x68,0xF7,0xDC,0xCD,0xA4,0xF4,0xFF,0xED,0xB8,0xF8,0xFF,0xF5,0xBD,0xFD,0xFF,0xF4,0xBD,0xFD,0xFF,0xF3,0xBC,0xFF,
    0xFF,0xF3,0xBB,0xFF,0xFF,0xF2,0xBB,0xFF,0xFF,0xF1,0xBB,0xFF,0xFF,0xF0,0xBA,0xFF,0xFF,0xEF,0xBB,0xFF,0xFF,0xF0,0xBB,0xFF,
    0xFF,0xF1,0xBB,0xFF,0xFF,0xF2,0xBC,0xFF,0xFF,0xF3,0xBC,0xFF,0xFF,0xF3,0xBD,0xFF,0xFF,0xF3,0xBC,0xFF,0xFF,0xF4,0xBD,0xFF,
    0xFF,0xF4,0xBD,0xFE,0xFF,0xF4,0xBD,0xFD,0xFF,0xF4,0xBE,0xFE,0xFF,0xF6,0xBE,0xFF,0xFF,0xF3,0xBC,0xF8,0xFF,0xF8,0xBE,0xFC,
    0xE8,0xD8,0xA9,0xF5,0x20,0x17,0x29,0xFC,0x19,0x0F,0x23,0xFF,0x16,0x12,0x24,0xFF,0xB3,0x2E,0x29,0xFC,0xF1,0x38,0x29,0xFF,
    0xDA,0x45,0x39,0xC3,0x00,0x00,0x01,0x00,0xFF,0x00,0x00,0x01,0x00,0x00,0x00,0x00,0x00,0x00,0x00,0x00,0x00,0x00,0x00,0x00,
    0x00,0x00,0x00,0x00,0x00,0x00,0x00,0x00,0x00,0x00,0x00,0x00,0x00,0x00,0x00,0x00,0x00,0x00,0x00,0x00,0x00,0x00,0x00,0x00,
    0x00,0x00,0x00,0x00,0x00,0x00,0x00,0x00,0x00,0x00,0x00,0x00,0x00,0x00,0x00,0x00,0x00,0x00,0x00,0x00,0xFF,0x7F,0x7F,0x02,
    0x00,0x00,0x00,0x00,0xE0,0xA3,0xA3,0x19,0xD5,0x3D,0x35,0xF6,0xDF,0x31,0x24,0xFE,0xAB,0x2B,0x27,0xFE,0x14,0x11,0x27,0xFF,
    0x1D,0x14,0x28,0xFF,0x15,0x0C,0x21,0xFF,0x1E,0x17,0x27,0xF9,0xBE,0xB1,0x90,0xEE,0xFF,0xF9,0xBF,0xFA,0xFF,0xF1,0xB9,0xFF,
    0xFD,0xEA,0xB3,0xFF,0xF9,0xE5,0xB1,0xFF,0xF7,0xE4,0xB0,0xFF,0xF7,0xE4,0xB1,0xFF,0xF7,0xE4,0xB1,0xFF,0xF7,0xE4,0xB1,0xFF,
    0xF8,0xE5,0xB2,0xFF,0xF8,0xE5,0xB3,0xFF,0xF9,0xE6,0xB3,0xFF,0xF9,0xE6,0xB3,0xFF,0xF9,0xE5,0xB4,0xFF,0xF9,0xE6,0xB4,0xFF,
    0xF8,0xE5,0xB3,0xFF,0xF8,0xE5,0xB3,0xFF,0xF7,0xE4,0xB2,0xFF,0xF8,0xE4,0xB2,0xFF,0xF8,0xE4,0xB1,0xFF,0xF7,0xE4,0xB1,0xFF,
    0xF7,0xE4,0xB2,0xFF,0xF5,0xE2,0xB1,0xFF,0xFF,0xF3,0xBE,0xFC,0x7B,0x6F,0x62,0xF0,0x02,0x00,0x10,0xFF,0x4C,0x44,0x44,0xFA,
    0xFD,0xED,0xB8,0xFA,0xF7,0xE3,0xB0,0xFF,0xF7,0xE3,0xB1,0xFF,0xF7,0xE4,0xB1,0xFF,0xF7,0xE4,0xB1,0xFF,0xF7,0xE4,0xB2,0xFF,
    0xF7,0xE4,0xB2,0xFF,0xF7,0xE4,0xB2,0xFF,0xF7,0xE4,0xB1,0xFF,0xF4,0xE1,0xB0,0xFF,0xFD,0xF0,0xBB,0xFF,0xC7,0xB6,0x95,0xED,
    0x13,0x0C,0x1F,0xFD,0x1F,0x14,0x26,0xFF,0x0F,0x10,0x24,0xFF,0x85,0x24,0x26,0xFF,0x43,0x18,0x25,0xFF,0x0D,0x0F,0x24,0xFF,
    0x21,0x15,0x28,0xFF,0x0B,0x03,0x1A,0xFF,0x8A,0x7C,0x6B,0xF3,0xFF,0xF7,0xBF,0xFA,0xF7,0xE3,0xB0,0xFF,0xF7,0xE4,0xB2,0xFF,
    0xF7,0xE4,0xB2,0xFF,0xF7,0xE4,0xB2,0xFF,0xF7,0xE4,0xB1,0xFF,0xF7,0xE4,0xB2,0xFF,0xF8,0xE4,0xB2,0xFF,0xF6,0xE3,0xB1,0xFF,
    0xFC,0xE9,0xB5,0xFF,0xDF,0xCE,0xA2,0xFE,0x22,0x19,0x29,0xFE,0x15,0x0E,0x23,0xFF,0x1F,0x13,0x23,0xFF,0xC1,0x2D,0x26,0xFF,
    0xDB,0x33,0x28,0xFF,0xD6,0x33,0x28,0xFF,0xE0,0x37,0x28,0xFF,0x4E,0x1B,0x26,0xFF,0x0E,0x0F,0x25,0xFF,0x21,0x15,0x28,0xFF,
    0x0A,0x02,0x1A,0xFF,0x5A,0x52,0x50,0xF4,0xFF,0xF4,0xBB,0xF9,0xF8,0xE5,0xB0,0xFF,0xF6,0xE2,0xAF,0xFF,0xF7,0xE3,0xAF,0xFF,
    0xF7,0xE3,0xAF,0xFF,0xF7,0xE3,0xB0,0xFF,0xF7,0xE3,0xB0,0xFF,0xF7,0xE3,0xB0,0xFF,0xF7,0xE3,0xB0,0xFF,0xF7,0xE3,0xB0,0xFF,
    0xF7,0xE4,0xB1,0xFF,0xF7,0xE3,0xB1,0xFF,0xF6,0xE3,0xB0,0xFF,0xF9,0xE7,0xB3,0xFF,0x43,0x3A,0x3F,0xFF,0x13,0x0A,0x1F,0xFF,
    0x11,0x08,0x1E,0xFF,0x4C,0x43,0x44,0xF9,0xFF,0xEE,0xB9,0xFB,0xF6,0xE3,0xB0,0xFF,0xF7,0xE4,0xB2,0xFF,0xF8,0xE5,0xB2,0xFF,
    0xF8,0xE5,0xB2,0xFF,0xF8,0xE5,0xB2,0xFF,0xF5,0xE2,0xB1,0xFF,0xFC,0xEE,0xBA,0xFF,0xBF,0xB0,0x92,0xF5,0x15,0x0B,0x21,0xFF,
    0x1D,0x13,0x26,0xFF,0x1B,0x11,0x25,0xFF,0x1F,0x15,0x28,0xFF,0x0B,0x02,0x1A,0xFF,0x6A,0x5F,0x57,0xF5,0xFF,0xF5,0xBD,0xF6,
    0xF7,0xE5,0xB1,0xFF,0xF7,0xE4,0xB1,0xFF,0xF8,0xE4,0xB0,0xFF,0xF8,0xE4,0xB0,0xFF,0xF8,0xE3,0xAF,0xFF,0xF7,0xE3,0xAF,0xFF,
    0xF5,0xE2,0xAE,0xFF,0xFF,0xEF,0xBB,0xF9,0x5C,0x50,0x51,0xF6,0x00,0x00,0x0D,0xFF,0x6B,0x61,0x58,0xF6,0xFF,0xF3,0xBD,0xFC,
    0xF5,0xE1,0xAE,0xFF,0xF7,0xE4,0xB0,0xFF,0xF7,0xE3,0xB0,0xFF,0xF7,0xE3,0xAF,0xFF,0xF4,0xE0,0xAD,0xFF,0xFF,0xF2,0xB9,0xFC,
    0xA2,0x94,0x7C,0xEA,0x0E,0x05,0x1C,0xFF,0x19,0x13,0x27,0xFF,0x2A,0x15,0x23,0xFF,0x75,0x25,0x28,0xFF,0x11,0x0F,0x26,0xFF,
    0x1E,0x13,0x26,0xFF,0x0F,0x08,0x1B,0xFE,0xB9,0xAA,0x8A,0xEE,0xFF,0xF2,0xBB,0xFD,0xF4,0xE0,0xAE,0xFF,0xF7,0xE3,0xB0,0xFF,
    0xF7,0xE3,0xB0,0xFF,0xF7,0xE3,0xB0,0xFF,0xF5,0xE1,0xAE,0xFF,0xFA,0xE9,0xB3,0xFF,0xE4,0xD4,0xA8,0xF4,0x1B,0x14,0x21,0xFC,
    0x25,0x1E,0x28,0xFB,0xCF,0xC2,0x9C,0xED,0xFF,0xF8,0xC0,0xFC,0xFF,0xED,0xB8,0xFF,0xFA,0xE6,0xB3,0xFF,0xF7,0xE3,0xB1,0xFF,
    0xF7,0xE4,0xB2,0xFF,0xF8,0xE4,0xB2,0xFF,0xF7,0xE4,0xB3,0xFF,0xF7,0xE5,0xB2,0xFF,0xF8,0xE5,0xB3,0xFF,0xF8,0xE5,0xB4,0xFF,
    0xF8,0xE5,0xB4,0xFF,0xF8,0xE5,0xB4,0xFF,0xF8,0xE6,0xB4,0xFF,0xF8,0xE5,0xB4,0xFF,0xF8,0xE5,0xB4,0xFF,0xF7,0xE4,0xB3,0xFF,
    0xF7,0xE5,0xB3,0xFF,0xF7,0xE4,0xB2,0xFF,0xF6,0xE3,0xB2,0xFF,0xF6,0xE3,0xB2,0xFF,0xF6,0xE3,0xB2,0xFF,0xF6,0xE3,0xB1,0xFF,
    0xF6,0xE3,0xB0,0xFF,0xFE,0xF1,0xB9,0xFF,0xC7,0xB7,0x94,0xF9,0x12,0x0A,0x20,0xFE,0x19,0x11,0x25,0xFF,0x22,0x15,0x24,0xFF,
    0xC9,0x32,0x28,0xFB,0xF1,0x39,0x2A,0xFF,0xD8,0x47,0x39,0x9A,0x00,0x01,0x01,0x00,0xFF,0x3F,0x3F,0x04,0x00,0x00,0x00,0x00,
    0x00,0x00,0x00,0x00,0x00,0x00,0x00,0x00,0x00,0x00,0x00,0x00,0x00,0x00,0x00,0x00,0x00,0x00,0x00,0x00,0x00,0x00,0x00,0x00,
    0x00,0x00,0x00,0x00,0x00,0x00,0x00,0x00,0x00,0x00,0x00,0x00,0x00,0x00,0x00,0x00,0x00,0x00,0x00,0x00,0x00,0x00,0x00,0x00,
    0x00,0x00,0x00,0x00,0xBF,0x3F,0x3F,0x04,0x00,0x00,0x00,0x00,0xD5,0x57,0x4D,0x69,0xE6,0x39,0x2D,0xFF,0xE2,0x34,0x26,0xFB,
    0x53,0x1D,0x27,0xFF,0x10,0x11,0x25,0xFF,0x1D,0x12,0x25,0xFF,0x16,0x0F,0x21,0xFD,0xC4,0xB6,0x94,0xEB,0xFF,0xF9,0xC0,0xFC,
    0xF7,0xE3,0xB0,0xFF,0xF7,0xE4,0xB1,0xFF,0xFA,0xE6,0xB2,0xFF,0xFB,0xE8,0xB3,0xFF,0xFB,0xE8,0xB3,0xFF,0xFB,0xE8,0xB3,0xFF,
    0xFB,0xE8,0xB3,0xFF,0xFB,0xE8,0xB4,0xFF,0xFB,0xE8,0xB4,0xFF,0xFB,0xE9,0xB5,0xFF,0xFB,0xE9,0xB6,0xFF,0xFB,0xE9,0xB6,0xFF,
    0xFB,0xE9,0xB6,0xFF,0xFB,0xE9,0xB6,0xFF,0xFB,0xE8,0xB6,0xFF,0xFB,0xE8,0xB5,0xFF,0xFB,0xE8,0xB4,0xFF,0xFB,0xE8,0xB4,0xFF,
    0xFB,0xE8,0xB4,0xFF,0xFA,0xE8,0xB3,0xFF,0xFA,0xE7,0xB4,0xFF,0xF8,0xE6,0xB3,0xFF,0xFF,0xF3,0xBC,0xFA,0x5B,0x50,0x4F,0xF7,
    0x00,0x00,0x0F,0xFF,0x69,0x60,0x58,0xF8,0xFF,0xF5,0xBE,0xFB,0xF8,0xE5,0xB2,0xFF,0xFA,0xE7,0xB4,0xFF,0xFA,0xE7,0xB3,0xFF,
    0xFA,0xE7,0xB4,0xFF,0xFA,0xE7,0xB4,0xFF,0xFA,0xE7,0xB4,0xFF,0xFA,0xE8,0xB4,0xFF,0xFA,0xE8,0xB5,0xFF,0xFA,0xE7,0xB4,0xFF,
    0xFB,0xE8,0xB5,0xFF,0xFF,0xF0,0xBC,0xF5,0x47,0x3D,0x40,0xF4,0x11,0x08,0x1E,0xFF,0x1D,0x13,0x25,0xFF,0x18,0x10,0x24,0xFF,
    0x16,0x0F,0x23,0xFF,0x1E,0x15,0x26,0xFF,0x0C,0x04,0x1B,0xFF,0x57,0x4C,0x4B,0xF0,0xFF,0xF3,0xBA,0xF8,0xF9,0xE7,0xB2,0xFF,
    0xFA,0xE6,0xB3,0xFF,0xFA,0xE8,0xB4,0xFF,0xFA,0xE7,0xB4,0xFF,0xFA,0xE7,0xB4,0xFF,0xFB,0xE8,0xB5,0xFF,0xFB,0xE8,0xB4,0xFF,
    0xFB,0xE8,0xB5,0xFF,0xF8,0xE5,0xB3,0xFF,0xFF,0xF3,0xBC,0xFF,0xC2,0xB3,0x92,0xFD,0x13,0x0A,0x20,0xFF,0x15,0x12,0x25,0xFF,
    0x35,0x17,0x23,0xFF,0xD5,0x30,0x26,0xFF,0xD6,0x31,0x27,0xFF,0xE7,0x35,0x27,0xFF,0x75,0x23,0x27,0xFF,0x0D,0x0F,0x25,0xFF,
    0x20,0x14,0x27,0xFF,0x13,0x0A,0x20,0xFF,0x2F,0x28,0x31,0xFA,0xEF,0xDF,0xB1,0xF3,0xFC,0xEB,0xB6,0xFF,0xF8,0xE5,0xB1,0xFF,
    0xFB,0xE7,0xB3,0xFF,0xFB,0xE8,0xB3,0xFF,0xFA,0xE8,0xB3,0xFF,0xFA,0xE7,0xB3,0xFF,0xFA,0xE7,0xB3,0xFF,0xFA,0xE7,0xB3,0xFF,
    0xFA,0xE7,0xB3,0xFF,0xFA,0xE7,0xB3,0xFF,0xFA,0xE7,0xB3,0xFF,0xFA,0xE7,0xB3,0xFF,0xF8,0xE5,0xB2,0xFF,0xFF,0xF1,0xBA,0xFF,
    0x54,0x49,0x4B,0xFF,0x11,0x09,0x1F,0xFF,0x0F,0x06,0x1C,0xFF,0x67,0x5E,0x56,0xFA,0xFF,0xF5,0xC0,0xFB,0xF8,0xE6,0xB2,0xFF,
    0xFA,0xE8,0xB4,0xFF,0xFB,0xE8,0xB4,0xFF,0xFB,0xE8,0xB5,0xFF,0xFB,0xE8,0xB5,0xFF,0xF8,0xE5,0xB3,0xFF,0xFF,0xF6,0xC0,0xFF,
    0xAA,0x9C,0x85,0xEB,0x0F,0x05,0x1E,0xFF,0x1D,0x14,0x26,0xFF,0x1E,0x14,0x27,0xFF,0x0F,0x06,0x1D,0xFF,0x40,0x37,0x3C,0xFB,
    0xF5,0xE8,0xB4,0xFC,0xFB,0xEA,0xB5,0xFF,0xF9,0xE6,0xB3,0xFF,0xFB,0xE8,0xB4,0xFF,0xFB,0xE8,0xB3,0xFF,0xFB,0xE7,0xB2,0xFF,
    0xFB,0xE7,0xB2,0xFF,0xF7,0xE3,0xAE,0xFF,0xFF,0xF4,0xBB,0xFE,0xAD,0x9F,0x87,0xF5,0x0F,0x06,0x1E,0xFF,0x1B,0x12,0x24,0xFF,
    0x1D,0x15,0x25,0xFF,0xDC,0xCD,0xA1,0xFB,0xFE,0xEF,0xB8,0xFF,0xF9,0xE5,0xB1,0xFF,0xFA,0xE7,0xB2,0xFF,0xFA,0xE7,0xB2,0xFF,
    0xF9,0xE6,0xB2,0xFF,0xFB,0xE8,0xB3,0xFF,0xFA,0xEB,0xB4,0xFA,0x3C,0x34,0x3D,0xFA,0x13,0x09,0x1F,0xFF,0x1B,0x12,0x25,0xFF,
    0x13,0x0F,0x25,0xFF,0x1E,0x13,0x26,0xFF,0x0B,0x03,0x19,0xFF,0x64,0x5B,0x53,0xF5,0xFF,0xF6,0xBC,0xFB,0xF9,0xE5,0xB2,0xFF,
    0xFA,0xE7,0xB3,0xFF,0xFA,0xE7,0xB3,0xFF,0xFA,0xE7,0xB2,0xFF,0xF9,0xE6,0xB2,0xFF,0xF9,0xE6,0xB2,0xFF,0xFF,0xF3,0xBB,0xFC,
    0x56,0x4B,0x4A,0xFB,0x0F,0x0B,0x19,0xFA,0xD7,0xC7,0x9F,0xEB,0xFF,0xF5,0xBC,0xFE,0xF5,0xE2,0xB0,0xFF,0xF8,0xE5,0xB3,0xFF,
    0xFA,0xE7,0xB4,0xFF,0xFA,0xE7,0xB4,0xFF,0xFB,0xE8,0xB5,0xFF,0xFB,0xE8,0xB5,0xFF,0xFA,0xE8,0xB5,0xFF,0xFA,0xE8,0xB5,0xFF,
    0xFA,0xE8,0xB5,0xFF,0xFA,0xE8,0xB5,0xFF,0xFA,0xE8,0xB5,0xFF,0xFA,0xE8,0xB5,0xFF,0xFA,0xE8,0xB6,0xFF,0xFA,0xE8,0xB6,0xFF,
    0xFB,0xE8,0xB6,0xFF,0xFA,0xE8,0xB6,0xFF,0xFA,0xE8,0xB6,0xFF,0xFA,0xE8,0xB6,0xFF,0xFA,0xE7,0xB5,0xFF,0xFA,0xE7,0xB5,0xFF,
    0xFA,0xE7,0xB5,0xFF,0xFA,0xE7,0xB4,0xFF,0xF7,0xE5,0xB2,0xFF,0xFF,0xF5,0xBC,0xFF,0xAB,0x9E,0x82,0xF9,0x0E,0x05,0x1D,0xFF,
    0x18,0x14,0x26,0xFF,0x31,0x17,0x24,0xFF,0xD6,0x32,0x27,0xFB,0xEC,0x39,0x29,0xFF,0xD8,0x59,0x4D,0x83,0x00,0x00,0x00,0x00,
    0xFF,0x3F,0x3F,0x04,0x00,0x00,0x00,0x00,0x00,0x00,0x00,0x00,0x00,0x00,0x00,0x00,0x00,0x00,0x00,0x00,0x00,0x00,0x00,0x00,
    0x00,0x00,0x00,0x00,0x00,0x00,0x00,0x00,0x00,0x00,0x00,0x00,0x00,0x00,0x00,0x00,0x00,0x00,0x00,0x00,0x00,0x00,0x00,0x00,
    0x00,0x00,0x00,0x00,0x00,0x00,0x00,0x00,0x00,0x00,0x00,0x00,0x7F,0x00,0x00,0x02,0x00,0x03,0x03,0x00,0xD3,0x46,0x3C,0xBD,
    0xEB,0x36,0x28,0xFE,0xBC,0x2D,0x27,0xFC,0x1B,0x12,0x26,0xFF,0x1E,0x15,0x27,0xFF,0x0C,0x04,0x1B,0xFF,0x7C,0x71,0x64,0xF4,
    0xFF,0xF8,0xC0,0xFD,0xF6,0xE2,0xB0,0xFF,0xFA,0xE6,0xB3,0xFF,0xFA,0xE7,0xB3,0xFF,0xFA,0xE7,0xB3,0xFF,0xFB,0xE8,0xB4,0xFF,
    0xFB,0xE8,0xB4,0xFF,0xFB,0xE8,0xB4,0xFF,0xF8,0xE6,0xB2,0xFF,0xF8,0xE6,0xB3,0xFF,0xF8,0xE7,0xB4,0xFF,0xF9,0xE7,0xB5,0xFF,
    0xF9,0xE8,0xB5,0xFF,0xF9,0xE7,0xB5,0xFF,0xF8,0xE6,0xB5,0xFF,0xF8,0xE7,0xB5,0xFF,0xF9,0xE8,0xB6,0xFF,0xF9,0xE7,0xB5,0xFF,
    0xF8,0xE5,0xB3,0xFF,0xF7,0xE4,0xB2,0xFF,0xF7,0xE5,0xB2,0xFF,0xF8,0xE5,0xB2,0xFF,0xF7,0xE5,0xB2,0xFF,0xFA,0xE8,0xB3,0xFF,
    0xF8,0xE8,0xB5,0xF5,0x3B,0x32,0x3A,0xF9,0x03,0x00,0x11,0xFF,0x86,0x7B,0x6B,0xF3,0xFF,0xF6,0xBF,0xFE,0xF7,0xE4,0xB2,0xFF,
    0xFA,0xE7,0xB4,0xFF,0xFA,0xE7,0xB4,0xFF,0xFA,0xE7,0xB4,0xFF,0xFA,0xE8,0xB4,0xFF,0xFA,0xE8,0xB5,0xFF,0xFA,0xE7,0xB5,0xFF,
    0xFA,0xE8,0xB5,0xFF,0xFA,0xE8,0xB5,0xFF,0xF8,0xE5,0xB4,0xFF,0xFF,0xF6,0xBF,0xFE,0xA6,0x98,0x80,0xE7,0x0D,0x03,0x1B,0xFE,
    0x1E,0x14,0x26,0xFF,0x1A,0x10,0x24,0xFF,0x1C,0x13,0x25,0xFF,0x13,0x0A,0x1F,0xFF,0x33,0x29,0x33,0xFA,0xF0,0xE0,0xAD,0xF1,
    0xFD,0xEC,0xB5,0xFF,0xF8,0xE5,0xB2,0xFF,0xFA,0xE7,0xB3,0xFF,0xFA,0xE8,0xB4,0xFF,0xFA,0xE7,0xB4,0xFF,0xFA,0xE7,0xB5,0xFF,
    0xFB,0xE7,0xB5,0xFF,0xFA,0xE8,0xB5,0xFF,0xFA,0xE8,0xB5,0xFF,0xF8,0xE5,0xB3,0xFF,0xFF,0xF6,0xC0,0xFD,0x97,0x8A,0x78,0xF6,
    0x0E,0x03,0x1B,0xFF,0x13,0x13,0x25,0xFF,0x4E,0x1B,0x24,0xFF,0xDE,0x32,0x26,0xFF,0xE1,0x34,0x26,0xFF,0x9A,0x29,0x26,0xFF,
    0x10,0x10,0x26,0xFF,0x1C,0x12,0x26,0xFF,0x1A,0x10,0x25,0xFF,0x17,0x10,0x22,0xFC,0xCF,0xC0,0x98,0xF6,0xFF,0xF1,0xB9,0xFF,
    0xF7,0xE3,0xB1,0xFF,0xFA,0xE7,0xB3,0xFF,0xFB,0xE7,0xB3,0xFF,0xFB,0xE8,0xB4,0xFF,0xFB,0xE8,0xB4,0xFF,0xFA,0xE7,0xB3,0xFF,
    0xFA,0xE7,0xB4,0xFF,0xFA,0xE7,0xB4,0xFF,0xFA,0xE7,0xB4,0xFF,0xFA,0xE7,0xB3,0xFF,0xFA,0xE7,0xB3,0xFF,0xFA,0xE7,0xB3,0xFF,
    0xF8,0xE5,0xB1,0xFF,0xFF,0xF3,0xBB,0xFF,0x5A,0x4F,0x4F,0xFF,0x11,0x08,0x1F,0xFF,0x0E,0x05,0x1B,0xFF,0x80,0x75,0x67,0xF3,
    0xFF,0xF7,0xC1,0xFD,0xF7,0xE4,0xB1,0xFF,0xFA,0xE8,0xB5,0xFF,0xFB,0xE8,0xB5,0xFF,0xFB,0xE8,0xB5,0xFF,0xFB,0xE8,0xB5,0xFF,
    0xF8,0xE5,0xB3,0xFF,0xFF,0xF6,0xC1,0xFC,0x91,0x83,0x75,0xF6,0x0D,0x03,0x1D,0xFF,0x1F,0x16,0x28,0xFE,0x17,0x0D,0x23,0xFF,
    0x1E,0x15,0x26,0xFB,0xDC,0xCC,0xA1,0xF3,0xFF,0xEF,0xB8,0xFF,0xF7,0xE4,0xB1,0xFE,0xFB,0xE8,0xB4,0xFF,0xFB,0xE8,0xB3,0xFF,
    0xFB,0xE8,0xB3,0xFF,0xFB,0xE8,0xB3,0xFF,0xF9,0xE6,0xB1,0xFF,0xFC,0xEB,0xB3,0xFF,0xE4,0xD5,0xA4,0xFC,0x28,0x20,0x2F,0xFD,
    0x16,0x0D,0x22,0xFF,0x1E,0x15,0x28,0xFE,0x0C,0x04,0x1B,0xFF,0x6F,0x66,0x5C,0xF0,0xFF,0xF6,0xBF,0xF6,0xF9,0xE6,0xB2,0xFF,
    0xFA,0xE7,0xB2,0xFF,0xFA,0xE7,0xB2,0xFF,0xFB,0xE7,0xB2,0xFF,0xF7,0xE4,0xB0,0xFF,0xFF,0xF6,0xBC,0xFD,0xA8,0x9B,0x80,0xF2,
    0x0D,0x03,0x1C,0xFF,0x1E,0x13,0x27,0xFF,0x1D,0x12,0x25,0xFF,0x17,0x0C,0x22,0xFF,0x22,0x1A,0x28,0xFC,0xE6,0xD7,0xA9,0xF5,
    0xFD,0xEE,0xB7,0xFF,0xF9,0xE6,0xB2,0xFF,0xFB,0xE8,0xB4,0xFF,0xFB,0xE7,0xB3,0xFF,0xFA,0xE7,0xB3,0xFF,0xF8,0xE4,0xB1,0xFF,
    0xFF,0xF6,0xBD,0xFA,0x92,0x83,0x72,0xF4,0x04,0x00,0x14,0xFF,0xAF,0xA0,0x83,0xF8,0xFF,0xF4,0xBC,0xFE,0xF5,0xE1,0xAF,0xFF,
    0xFA,0xE6,0xB4,0xFF,0xFA,0xE7,0xB4,0xFF,0xFA,0xE7,0xB5,0xFF,0xFB,0xE8,0xB5,0xFF,0xFB,0xE8,0xB5,0xFF,0xFB,0xE8,0xB4,0xFF,
    0xFA,0xE8,0xB4,0xFF,0xF7,0xE6,0xB2,0xFF,0xF7,0xE6,0xB3,0xFF,0xF8,0xE6,0xB4,0xFF,0xFA,0xE9,0xB6,0xFF,0xFB,0xEA,0xB7,0xFF,
    0xFA,0xE9,0xB6,0xFF,0xFA,0xE9,0xB6,0xFF,0xFA,0xE8,0xB6,0xFF,0xF8,0xE7,0xB5,0xFF,0xF8,0xE6,0xB5,0xFF,0xF8,0xE6,0xB5,0xFF,
    0xF8,0xE6,0xB5,0xFF,0xF7,0xE5,0xB3,0xFF,0xF7,0xE5,0xB3,0xFF,0xF7,0xE5,0xB2,0xFF,0xF4,0xE2,0xAF,0xFF,0xFE,0xF6,0xBC,0xFF,
    0x8B,0x81,0x6F,0xFC,0x0D,0x03,0x1B,0xFF,0x15,0x14,0x26,0xFF,0x47,0x1C,0x25,0xFF,0xDF,0x33,0x26,0xFB,0xE5,0x3B,0x2C,0xFF,
    0xD4,0x55,0x4A,0x59,0x00,0x00,0x00,0x00,0xBF,0x3F,0x3F,0x04,0x00,0x00,0x00,0x00,0x00,0x00,0x00,0x00,0x00,0x00,0x00,0x00,
    0x00,0x00,0x00,0x00,0x00,0x00,0x00,0x00,0x00,0x00,0x00,0x00,0x00,0x00,0x00,0x00,0x00,0x00,0x00,0x00,0x00,0x00,0x00,0x00,
    0x00,0x00,0x00,0x00,0x00,0x00,0x00,0x00,0x00,0x00,0x00,0x00,0x00,0x00,0x00,0x00,0xFF,0xFF,0xFF,0x01,0x00,0x00,0x00,0x00,
    0xD2,0x9B,0x9B,0x17,0xD0,0x3F,0x37,0xF5,0xE9,0x35,0x26,0xFF,0x78,0x21,0x26,0xFE,0x0D,0x10,0x27,0xFF,0x1D,0x11,0x24,0xFF,
    0x1D,0x17,0x26,0xFB,0xDE,0xCE,0xA5,0xF2,0xFD,0xED,0xB7,0xFF,0xF8,0xE5,0xB2,0xFF,0xFA,0xE7,0xB4,0xFF,0xFA,0xE7,0xB4,0xFF,
    0xFA,0xE8,0xB4,0xFF,0xFB,0xE8,0xB4,0xFF,0xFB,0xE8,0xB4,0xFF,0xFB,0xE7,0xB3,0xFF,0xFF,0xF4,0xBC,0xFF,0xFF,0xF8,0xC0,0xFD,
    0xFF,0xF6,0xBF,0xFF,0xFF,0xF4,0xBE,0xFF,0xFF,0xF3,0xBE,0xFF,0xFF,0xF4,0xBF,0xFF,0xFF,0xF6,0xC0,0xFF,0xFF,0xF7,0xC1,0xFD,
    0xFF,0xF8,0xC2,0xF8,0xFF,0xF8,0xC1,0xF9,0xFF,0xF7,0xC0,0xFE,0xFF,0xF8,0xC0,0xFF,0xFF,0xF6,0xBE,0xFD,0xFF,0xF4,0xBB,0xFE,
    0xFF,0xF1,0xBA,0xFF,0xFF,0xF7,0xBE,0xFF,0xE7,0xD6,0xAA,0xF5,0x21,0x18,0x29,0xFB,0x0A,0x01,0x17,0xFF,0xA5,0x9A,0x80,0xF5,
    0xFF,0xF5,0xBF,0xFD,0xF8,0xE5,0xB3,0xFF,0xFA,0xE7,0xB5,0xFF,0xFA,0xE7,0xB4,0xFF,0xFA,0xE7,0xB5,0xFF,0xFA,0xE7,0xB5,0xFF,
    0xFA,0xE8,0xB5,0xFF,0xFB,0xE8,0xB5,0xFF,0xFB,0xE8,0xB5,0xFF,0xFB,0xE8,0xB6,0xFF,0xF9,0xE7,0xB6,0xFE,0xFD,0xEC,0xBA,0xFF,
    0xF8,0xE9,0xB7,0xED,0x33,0x28,0x34,0xF3,0x16,0x0C,0x21,0xFF,0x1D,0x13,0x26,0xFE,0x1A,0x10,0x24,0xFF,0x14,0x0D,0x20,0xFB,
    0xCD,0xC0,0x98,0xF3,0xFF,0xF4,0xBB,0xFF,0xF7,0xE4,0xB1,0xFF,0xFA,0xE7,0xB3,0xFF,0xFA,0xE7,0xB4,0xFF,0xFB,0xE8,0xB4,0xFF,
    0xFA,0xE7,0xB5,0xFF,0xFA,0xE7,0xB5,0xFF,0xFA,0xE7,0xB4,0xFF,0xFA,0xE7,0xB5,0xFF,0xFA,0xE8,0xB5,0xFF,0xF8,0xE6,0xB5,0xFF,
    0xFF,0xF6,0xC1,0xF9,0x68,0x5C,0x59,0xF0,0x0F,0x04,0x1B,0xFF,0x0F,0x12,0x23,0xFE,0x64,0x1E,0x24,0xFF,0xEE,0x34,0x25,0xFF,
    0xB9,0x2F,0x25,0xFF,0x1D,0x13,0x26,0xFF,0x17,0x11,0x26,0xFF,0x1E,0x14,0x27,0xFF,0x0B,0x03,0x1A,0xFE,0x9F,0x91,0x7A,0xED,
    0xFF,0xF7,0xBD,0xFB,0xF7,0xE3,0xB0,0xFF,0xFA,0xE7,0xB3,0xFF,0xFA,0xE7,0xB3,0xFF,0xFA,0xE7,0xB4,0xFF,0xFB,0xE8,0xB4,0xFF,
    0xFA,0xE7,0xB4,0xFF,0xFC,0xE9,0xB5,0xFF,0xFA,0xE7,0xB4,0xFF,0xFA,0xE7,0xB4,0xFF,0xFA,0xE7,0xB4,0xFF,0xFA,0xE7,0xB4,0xFF,
    0xFA,0xE7,0xB4,0xFF,0xFA,0xE7,0xB3,0xFF,0xF7,0xE4,0xB1,0xFF,0xFF,0xF3,0xBB,0xFF,0x61,0x55,0x52,0xFF,0x10,0x07,0x1F,0xFF,
    0x0F,0x07,0x1D,0xFF,0x9E,0x93,0x7C,0xF4,0xFF,0xF5,0xBF,0xFD,0xF8,0xE5,0xB2,0xFF,0xFA,0xE8,0xB5,0xFF,0xFB,0xE8,0xB6,0xFF,
    0xFB,0xE8,0xB5,0xFF,0xFB,0xE8,0xB5,0xFF,0xF8,0xE5,0xB3,0xFF,0xFF,0xF6,0xBF,0xFE,0x75,0x69,0x61,0xFA,0x0B,0x03,0x1C,0xFF,
    0x1F,0x16,0x28,0xFF,0x10,0x08,0x1E,0xFE,0xB5,0xA6,0x8A,0xF0,0xFF,0xF5,0xBD,0xFD,0xF7,0xE3,0xB0,0xFF,0xFA,0xE7,0xB3,0xFF,
    0xFB,0xE8,0xB4,0xFF,0xFB,0xE8,0xB4,0xFF,0xFB,0xE8,0xB3,0xFF,0xFA,0xE8,0xB3,0xFF,0xF8,0xE6,0xB1,0xFF,0xFF,0xF1,0xB7,0xFF,
    0x57,0x4D,0x4D,0xFE,0x0C,0x03,0x1D,0xFF,0x1F,0x15,0x27,0xFF,0x1B,0x11,0x25,0xFF,0x1A,0x10,0x25,0xFF,0x19,0x12,0x25,0xF7,
    0xDF,0xD0,0xA5,0xEA,0xFE,0xEF,0xB8,0xFF,0xF8,0xE5,0xB1,0xFE,0xFA,0xE7,0xB2,0xFF,0xFA,0xE7,0xB3,0xFF,0xFA,0xE7,0xB3,0xFE,
    0xFC,0xE9,0xB5,0xFF,0xFC,0xEA,0xB4,0xF0,0x37,0x2D,0x37,0xF0,0x14,0x0A,0x21,0xFF,0x20,0x15,0x28,0xFE,0x0B,0x02,0x19,0xFF,
    0x9E,0x92,0x7B,0xF2,0xFF,0xF7,0xC0,0xFD,0xF8,0xE4,0xB2,0xFF,0xFB,0xE8,0xB4,0xFF,0xFB,0xE8,0xB4,0xFF,0xFB,0xE8,0xB4,0xFF,
    0xF8,0xE4,0xB1,0xFF,0xFF,0xF3,0xBB,0xFF,0xCA,0xBA,0x96,0xF7,0x06,0x02,0x16,0xFC,0x55,0x4A,0x4B,0xFB,0xFF,0xF1,0xBA,0xFE,
    0xF7,0xE3,0xB1,0xFF,0xFA,0xE6,0xB3,0xFF,0xFA,0xE7,0xB4,0xFF,0xFA,0xE7,0xB4,0xFF,0xFB,0xE7,0xB4,0xFF,0xFB,0xE8,0xB5,0xFF,
    0xFB,0xE8,0xB5,0xFF,0xFB,0xE8,0xB4,0xFF,0xFB,0xE8,0xB3,0xFF,0xFF,0xF5,0xBD,0xFF,0xFF,0xF8,0xC0,0xFD,0xFF,0xF6,0xBF,0xFF,
    0xFF,0xEF,0xBB,0xFC,0xFD,0xED,0xB9,0xF9,0xFC,0xEC,0xB8,0xFE,0xFD,0xED,0xB9,0xFF,0xFF,0xEF,0xBB,0xFF,0xFF,0xF4,0xBE,0xFF,
    0xFF,0xF7,0xBF,0xFF,0xFF,0xF6,0xBE,0xFE,0xFF,0xF7,0xC0,0xFA,0xFF,0xF8,0xC0,0xFE,0xFF,0xF7,0xBF,0xFD,0xFF,0xF4,0xBC,0xFE,
    0xFF,0xEF,0xB8,0xFF,0xFF,0xFB,0xBD,0xFF,0x6D,0x63,0x5B,0xFF,0x0F,0x04,0x1C,0xFF,0x12,0x13,0x25,0xFF,0x61,0x21,0x25,0xFF,
    0xE2,0x34,0x27,0xFD,0xD9,0x3A,0x2C,0xFE,0xD4,0x6E,0x66,0x3C,0x00,0x00,0x00,0x00,0xAA,0x55,0x55,0x03,0x00,0x00,0x00,0x00,
    0x00,0x00,0x00,0x00,0x00,0x00,0x00,0x00,0x00,0x00,0x00,0x00,0x00,0x00,0x00,0x00,0x00,0x00,0x00,0x00,0x00,0x00,0x00,0x00,
    0x00,0x00,0x00,0x00,0x00,0x00,0x00,0x00,0x00,0x00,0x00,0x00,0x00,0x00,0x00,0x00,0x00,0x00,0x00,0x00,0x00,0x00,0x00,0x00,
    0xFF,0x55,0x55,0x03,0x00,0x00,0x00,0x00,0xD0,0x64,0x5C,0x42,0xDB,0x3E,0x33,0xFF,0xDC,0x33,0x27,0xFD,0x44,0x19,0x27,0xFF,
    0x13,0x13,0x27,0xFE,0x12,0x07,0x1D,0xFF,0x55,0x4D,0x4B,0xF5,0xFF,0xF2,0xBD,0xF7,0xFA,0xE5,0xB2,0xFF,0xFA,0xE7,0xB3,0xFF,
    0xFB,0xE7,0xB4,0xFF,0xFB,0xE8,0xB4,0xFF,0xFB,0xE8,0xB5,0xFF,0xFB,0xE8,0xB5,0xFF,0xFA,0xE7,0xB4,0xFF,0xFF,0xED,0xB8,0xFD,
    0xB9,0xAB,0x8C,0xFD,0x70,0x67,0x5B,0xFA,0x61,0x57,0x53,0xFF,0x57,0x4E,0x4E,0xFF,0x55,0x4C,0x4D,0xFF,0x57,0x4E,0x4D,0xFF,
    0x5F,0x56,0x52,0xFF,0x65,0x5C,0x56,0xFB,0x67,0x5D,0x56,0xEF,0x71,0x68,0x5D,0xF0,0x89,0x7D,0x6C,0xFD,0x95,0x89,0x74,0xFD,
    0x99,0x8D,0x76,0xE7,0xAF,0xA1,0x84,0xED,0xC4,0xB6,0x92,0xFF,0xD9,0xCC,0xA0,0xFB,0xB2,0xA3,0x88,0xF9,0x15,0x0D,0x22,0xFF,
    0x0D,0x07,0x19,0xFD,0xB9,0xAD,0x8D,0xE5,0xFF,0xF6,0xC0,0xFF,0xF8,0xE5,0xB3,0xFF,0xFB,0xE8,0xB5,0xFF,0xFA,0xE8,0xB5,0xFF,
    0xFA,0xE8,0xB5,0xFF,0xFA,0xE8,0xB5,0xFF,0xFA,0xE8,0xB5,0xFF,0xFA,0xE8,0xB5,0xFF,0xFB,0xE8,0xB5,0xFF,0xFB,0xE8,0xB6,0xFF,
    0xFB,0xE9,0xB6,0xFF,0xF8,0xE5,0xB4,0xFF,0xFF,0xF7,0xC0,0xFD,0x97,0x8C,0x77,0xF4,0x0C,0x03,0x1B,0xFF,0x21,0x16,0x29,0xFE,
    0x0A,0x02,0x19,0xFF,0x98,0x8D,0x78,0xF1,0xFF,0xF8,0xC0,0xFB,0xF6,0xE4,0xB1,0xFF,0xFA,0xE7,0xB4,0xFF,0xFA,0xE7,0xB4,0xFF,
    0xFA,0xE7,0xB4,0xFF,0xFB,0xE8,0xB5,0xFF,0xFA,0xE8,0xB5,0xFF,0xFA,0xE8,0xB5,0xFF,0xFA,0xE8,0xB5,0xFF,0xFA,0xE8,0xB5,0xFF,
    0xF9,0xE7,0xB5,0xFF,0xFB,0xE9,0xB7,0xFF,0xFF,0xEF,0xBC,0xF4,0x43,0x38,0x3F,0xF4,0x14,0x08,0x1E,0xFF,0x0D,0x10,0x22,0xFF,
    0x83,0x24,0x25,0xFF,0xE8,0x35,0x25,0xFF,0x3B,0x18,0x24,0xFF,0x11,0x0F,0x25,0xFF,0x21,0x15,0x27,0xFF,0x0A,0x02,0x1A,0xFF,
    0x6B,0x60,0x58,0xF3,0xFF,0xF6,0xBD,0xF8,0xF8,0xE6,0xB2,0xFF,0xFA,0xE7,0xB3,0xFF,0xFA,0xE7,0xB3,0xFF,0xFA,0xE7,0xB4,0xFF,
    0xFB,0xE8,0xB4,0xFF,0xFB,0xE7,0xB4,0xFF,0xFD,0xEA,0xB6,0xFF,0xF7,0xE5,0xB3,0xFC,0xFB,0xE7,0xB4,0xFF,0xFA,0xE7,0xB4,0xFF,
    0xFA,0xE7,0xB4,0xFF,0xFA,0xE7,0xB4,0xFF,0xFA,0xE7,0xB4,0xFF,0xFA,0xE7,0xB3,0xFF,0xF7,0xE5,0xB1,0xFF,0xFF,0xF5,0xBC,0xFD,
    0x6A,0x5F,0x59,0xFA,0x0E,0x05,0x1E,0xFF,0x15,0x0D,0x21,0xFF,0xBF,0xB2,0x92,0xF8,0xFF,0xF2,0xBD,0xFF,0xF7,0xE5,0xB3,0xFF,
    0xFA,0xE8,0xB5,0xFF,0xFA,0xE8,0xB5,0xFF,0xFB,0xE8,0xB5,0xFF,0xFA,0xE8,0xB5,0xFF,0xFA,0xE7,0xB5,0xFF,0xFF,0xF4,0xBF,0xF8,
    0x5C,0x51,0x52,0xF8,0x11,0x08,0x20,0xFE,0x0A,0x02,0x1A,0xFE,0x83,0x78,0x69,0xF1,0xFF,0xF8,0xC0,0xFB,0xF7,0xE4,0xB1,0xFF,
    0xFA,0xE7,0xB3,0xFF,0xFA,0xE7,0xB3,0xFF,0xFB,0xE8,0xB4,0xFF,0xFB,0xE8,0xB4,0xFF,0xFB,0xE8,0xB3,0xFF,0xF8,0xE4,0xB0,0xFF,
    0xFF,0xF8,0xBD,0xFC,0x92,0x84,0x70,0xFA,0x0B,0x02,0x1C,0xFF,0x1F,0x14,0x27,0xFF,0x18,0x10,0x25,0xFF,0x15,0x0F,0x24,0xFF,
    0x1F,0x14,0x27,0xFF,0x0B,0x04,0x1C,0xFF,0x79,0x6F,0x63,0xFD,0xFF,0xF6,0xBD,0xFF,0xF7,0xE3,0xB0,0xFF,0xFA,0xE7,0xB2,0xFF,
    0xFA,0xE7,0xB3,0xFF,0xFB,0xE7,0xB3,0xFF,0xF7,0xE4,0xB1,0xFF,0xFF,0xF3,0xBB,0xFE,0xB0,0xA2,0x83,0xF5,0x12,0x08,0x1F,0xFF,
    0x13,0x08,0x20,0xFF,0x50,0x48,0x47,0xF6,0xFF,0xF1,0xBB,0xF8,0xFA,0xE7,0xB4,0xFF,0xFA,0xE7,0xB5,0xFF,0xFB,0xE7,0xB4,0xFF,
    0xFB,0xE7,0xB4,0xFF,0xF9,0xE6,0xB2,0xFF,0xFC,0xEB,0xB5,0xFF,0xF3,0xE5,0xB2,0xF7,0x3C,0x32,0x3A,0xFD,0x08,0x03,0x15,0xFF,
    0xAE,0xA2,0x87,0xEF,0xFF,0xF3,0xBC,0xFE,0xF7,0xE4,0xB1,0xFF,0xFA,0xE7,0xB4,0xFF,0xFA,0xE7,0xB4,0xFF,0xFA,0xE8,0xB5,0xFF,
    0xFB,0xE8,0xB5,0xFF,0xFB,0xE7,0xB5,0xFF,0xFA,0xE7,0xB4,0xFF,0xFA,0xE8,0xB4,0xFF,0xFB,0xEB,0xB6,0xFB,0xB1,0xA4,0x88,0xFB,
    0x73,0x6B,0x5E,0xF9,0x5E,0x54,0x50,0xFE,0x4A,0x40,0x45,0xFC,0x44,0x3A,0x41,0xFA,0x47,0x3C,0x42,0xFE,0x48,0x3E,0x43,0xFF,
    0x4D,0x43,0x47,0xFF,0x59,0x4F,0x4D,0xFF,0x64,0x59,0x53,0xFF,0x68,0x5E,0x56,0xFC,0x71,0x67,0x5D,0xF2,0x8E,0x82,0x71,0xFE,
    0x91,0x85,0x71,0xE5,0xAC,0xA0,0x82,0xEC,0xC8,0xB9,0x95,0xFB,0xE6,0xD9,0xA6,0xFD,0x4E,0x43,0x46,0xFF,0x14,0x07,0x1E,0xFF,
    0x10,0x11,0x24,0xFF,0x7D,0x26,0x26,0xFE,0xE3,0x36,0x28,0xFF,0xD0,0x3C,0x30,0xFD,0xD5,0x7B,0x6A,0x1F,0x00,0x00,0x00,0x00,
    0xFF,0x7F,0x7F,0x02,0x00,0x00,0x00,0x00,0x00,0x00,0x00,0x00,0x00,0x00,0x00,0x00,0x00,0x00,0x00,0x00,0x00,0x00,0x00,0x00,
    0x00,0x00,0x00,0x00,0x00,0x00,0x00,0x00,0x00,0x00,0x00,0x00,0x00,0x00,0x00,0x00,0x00,0x00,0x00,0x00,0x00,0x00,0x00,0x00,
    0x00,0x00,0x00,0x00,0x00,0x00,0x00,0x00,0xBF,0x3F,0x3F,0x04,0x00,0x00,0x00,0x00,0xD0,0x55,0x4D,0x63,0xE4,0x3B,0x30,0xFF,
    0xC6,0x2F,0x29,0xFC,0x26,0x13,0x25,0xFF,0x1A,0x14,0x27,0xFF,0x0D,0x04,0x1A,0xFF,0x8C,0x80,0x6E,0xF2,0xFF,0xF5,0xBF,0xFD,
    0xF7,0xE4,0xB1,0xFF,0xFB,0xE7,0xB4,0xFF,0xFB,0xE7,0xB4,0xFF,0xFB,0xE8,0xB4,0xFF,0xFB,0xE8,0xB5,0xFF,0xF9,0xE6,0xB4,0xFF,
    0xFF,0xF0,0xBA,0xFF,0xD6,0xC7,0x9E,0xFB,0x11,0x07,0x1E,0xFE,0x0B,0x01,0x1B,0xFF,0x10,0x07,0x1F,0xFF,0x11,0x08,0x1F,0xFF,
    0x12,0x08,0x20,0xFF,0x12,0x08,0x1F,0xFF,0x0F,0x06,0x1E,0xFE,0x0F,0x07,0x1E,0xFF,0x11,0x08,0x1F,0xFF,0x0F,0x07,0x1E,0xFF,
    0x0C,0x03,0x1C,0xFF,0x0B,0x03,0x1B,0xFF,0x0D,0x04,0x1C,0xFF,0x0F,0x06,0x1D,0xFF,0x12,0x09,0x1F,0xFF,0x1A,0x10,0x23,0xFE,
    0x21,0x16,0x28,0xFF,0x19,0x10,0x22,0xFF,0x17,0x10,0x1F,0xFC,0xD5,0xC7,0xA0,0xE9,0xFF,0xF2,0xBD,0xFF,0xF9,0xE7,0xB5,0xFF,
    0xFA,0xE8,0xB6,0xFF,0xFA,0xE8,0xB5,0xFF,0xFA,0xE7,0xB5,0xFF,0xFA,0xE7,0xB5,0xFF,0xFA,0xE8,0xB5,0xFF,0xFA,0xE8,0xB5,0xFF,
    0xFA,0xE8,0xB5,0xFF,0xFB,0xE8,0xB6,0xFF,0xFB,0xE8,0xB5,0xFF,0xF9,0xE7,0xB5,0xFF,0xFD,0xEB,0xB7,0xFF,0xEF,0xE0,0xAF,0xF9,
    0x2F,0x25,0x30,0xFB,0x07,0x00,0x16,0xFF,0x68,0x5E,0x57,0xF0,0xFF,0xF5,0xBF,0xF9,0xF8,0xE5,0xB3,0xFF,0xF9,0xE7,0xB4,0xFF,
    0xFA,0xE7,0xB4,0xFF,0xFA,0xE7,0xB5,0xFF,0xFA,0xE7,0xB4,0xFF,0xFA,0xE8,0xB5,0xFF,0xFA,0xE8,0xB5,0xFF,0xFA,0xE8,0xB5,0xFF,
    0xFA,0xE8,0xB5,0xFF,0xFA,0xE8,0xB5,0xFF,0xF9,0xE7,0xB4,0xFE,0xFE,0xEC,0xB9,0xFF,0xF0,0xE0,0xB1,0xF3,0x2A,0x22,0x2E,0xFB,
    0x18,0x0C,0x21,0xFF,0x0E,0x10,0x22,0xFF,0xA5,0x29,0x24,0xFF,0x70,0x20,0x25,0xFF,0x09,0x0F,0x25,0xFF,0x21,0x15,0x26,0xFE,
    0x10,0x08,0x1D,0xFF,0x38,0x2E,0x35,0xF5,0xF6,0xE6,0xB1,0xF3,0xFD,0xEB,0xB4,0xFF,0xF9,0xE5,0xB2,0xFF,0xFB,0xE8,0xB3,0xFF,
    0xFA,0xE7,0xB3,0xFF,0xFB,0xE8,0xB4,0xFF,0xF9,0xE6,0xB2,0xFF,0xFF,0xF3,0xBC,0xFE,0xCB,0xBB,0x97,0xF3,0xA7,0x9A,0x7D,0xE1,
    0xFF,0xF3,0xBB,0xFD,0xF8,0xE5,0xB2,0xFF,0xFA,0xE7,0xB4,0xFF,0xFA,0xE7,0xB4,0xFF,0xFA,0xE7,0xB4,0xFF,0xFA,0xE7,0xB3,0xFF,
    0xF7,0xE5,0xB1,0xFF,0xFF,0xF7,0xBE,0xFB,0x77,0x6D,0x63,0xF6,0x0B,0x03,0x1D,0xFF,0x20,0x18,0x29,0xFE,0xD8,0xCA,0xA1,0xFC,
    0xFF,0xEE,0xB9,0xFF,0xF8,0xE6,0xB4,0xFF,0xFA,0xE8,0xB5,0xFF,0xFA,0xE8,0xB5,0xFF,0xFA,0xE8,0xB5,0xFF,0xFA,0xE8,0xB5,0xFF,
    0xFC,0xE9,0xB6,0xFF,0xFF,0xEE,0xBA,0xF9,0x47,0x3E,0x43,0xF5,0x04,0x00,0x16,0xFF,0x59,0x51,0x4C,0xF2,0xFF,0xEF,0xBA,0xF4,
    0xF9,0xE7,0xB2,0xFF,0xF9,0xE6,0xB2,0xFE,0xFA,0xE7,0xB3,0xFF,0xFA,0xE7,0xB3,0xFF,0xFA,0xE8,0xB3,0xFF,0xFB,0xE8,0xB4,0xFF,
    0xF7,0xE4,0xB1,0xFF,0xFF,0xF5,0xBB,0xFE,0xBE,0xAE,0x8B,0xFC,0x11,0x0A,0x20,0xFD,0x1C,0x11,0x26,0xFF,0x16,0x10,0x25,0xFF,
    0x27,0x14,0x25,0xFF,0x3D,0x18,0x27,0xFF,0x15,0x11,0x25,0xFF,0x1B,0x11,0x25,0xFF,0x21,0x1A,0x2A,0xFF,0xE0,0xCF,0xA1,0xFC,
    0xFD,0xEC,0xB6,0xFF,0xF8,0xE5,0xB1,0xFF,0xFA,0xE7,0xB3,0xFF,0xFA,0xE7,0xB3,0xFF,0xFA,0xE7,0xB3,0xFF,0xF9,0xE6,0xB2,0xFF,
    0xFD,0xEE,0xB7,0xFD,0x48,0x3D,0x41,0xFB,0x0B,0x04,0x19,0xFA,0xDA,0xCC,0xA2,0xEB,0xFF,0xF0,0xBA,0xFF,0xF8,0xE5,0xB3,0xFE,
    0xFB,0xE8,0xB5,0xFF,0xFB,0xE8,0xB4,0xFF,0xFA,0xE7,0xB4,0xFF,0xF8,0xE5,0xB2,0xFF,0xFF,0xF5,0xBC,0xFB,0x6D,0x62,0x5A,0xF4,
    0x0B,0x01,0x19,0xFF,0x25,0x1C,0x2A,0xFB,0xE3,0xD3,0xAA,0xF4,0xFF,0xED,0xB9,0xFF,0xF9,0xE6,0xB3,0xFF,0xFA,0xE8,0xB5,0xFF,
    0xFB,0xE8,0xB5,0xFF,0xFB,0xE8,0xB5,0xFF,0xFB,0xE8,0xB5,0xFF,0xFA,0xE8,0xB5,0xFF,0xF8,0xE5,0xB3,0xFF,0xFF,0xF5,0xBD,0xFD,
    0x86,0x78,0x6B,0xF5,0x07,0x00,0x16,0xFF,0x0C,0x03,0x1A,0xFF,0x0C,0x02,0x1A,0xFF,0x0E,0x04,0x1D,0xFF,0x0F,0x05,0x1D,0xFF,
    0x0E,0x05,0x1D,0xFF,0x0E,0x05,0x1D,0xFF,0x0D,0x04,0x1D,0xFF,0x0C,0x03,0x1B,0xFF,0x0B,0x02,0x1B,0xFF,0x0B,0x02,0x1B,0xFF,
    0x0E,0x05,0x1D,0xFF,0x0C,0x04,0x1B,0xFF,0x0F,0x06,0x1D,0xFF,0x10,0x07,0x1D,0xFF,0x13,0x0A,0x1F,0xFE,0x23,0x19,0x29,0xFF,
    0x1E,0x15,0x27,0xFF,0x1C,0x10,0x24,0xFF,0x10,0x0F,0x23,0xFF,0x96,0x2A,0x27,0xFD,0xE5,0x38,0x2B,0xFF,0xD2,0x3B,0x2E,0xE0,
    0xDF,0xBF,0xDF,0x08,0x00,0x00,0x00,0x00,0x00,0x00,0x00,0x01,0x00,0x00,0x00,0x00,0x00,0x00,0x00,0x00,0x00,0x00,0x00,0x00,
    0x00,0x00,0x00,0x00,0x00,0x00,0x00,0x00,0x00,0x00,0x00,0x00,0x00,0x00,0x00,0x00,0x00,0x00,0x00,0x00,0x00,0x00,0x00,0x00,
    0x00,0x00,0x00,0x00,0x00,0x00,0x00,0x00,0x00,0x00,0x00,0x00,0x00,0x00,0x00,0x00,0xFF,0x3F,0x3F,0x04,0x00,0x00,0x00,0x00,
    0xD5,0x5D,0x54,0x8E,0xEB,0x3A,0x2E,0xFF,0xAB,0x2B,0x26,0xFB,0x15,0x10,0x23,0xFF,0x1D,0x13,0x26,0xFF,0x10,0x08,0x1D,0xFF,
    0xB9,0xAC,0x8C,0xF9,0xFF,0xF3,0xBC,0xFF,0xF8,0xE5,0xB1,0xFF,0xFB,0xE8,0xB4,0xFF,0xFB,0xE8,0xB4,0xFF,0xFB,0xE8,0xB4,0xFF,
    0xFB,0xE8,0xB5,0xFF,0xF9,0xE6,0xB4,0xFF,0xFE,0xF1,0xBB,0xFF,0xCF,0xBF,0x99,0xFF,0x2F,0x24,0x2F,0xFD,0x23,0x19,0x29,0xFE,
    0x17,0x0D,0x21,0xFE,0x11,0x08,0x1E,0xFE,0x10,0x06,0x1C,0xFF,0x10,0x06,0x1C,0xFF,0x10,0x06,0x1C,0xFF,0x0E,0x04,0x1B,0xFF,
    0x0D,0x03,0x1A,0xFE,0x10,0x07,0x1D,0xFF,0x13,0x09,0x1F,0xFF,0x18,0x0E,0x23,0xFF,0x1C,0x12,0x26,0xFF,0x1F,0x15,0x29,0xFF,
    0x1F,0x14,0x27,0xFF,0x1B,0x11,0x24,0xFF,0x1B,0x11,0x24,0xFF,0x18,0x0E,0x21,0xFF,0x25,0x1D,0x2A,0xF8,0xEC,0xDE,0xB1,0xF0,
    0xFF,0xEE,0xBB,0xFF,0xF9,0xE7,0xB5,0xFE,0xFA,0xE8,0xB6,0xFF,0xFA,0xE7,0xB5,0xFF,0xFA,0xE7,0xB5,0xFF,0xFA,0xE7,0xB5,0xFF,
    0xFA,0xE7,0xB5,0xFF,0xFA,0xE8,0xB5,0xFF,0xFA,0xE8,0xB5,0xFF,0xFB,0xE8,0xB5,0xFF,0xFB,0xE8,0xB5,0xFF,0xFB,0xE8,0xB5,0xFF,
    0xF8,0xE4,0xB2,0xFF,0xFF,0xF9,0xC1,0xFC,0x83,0x75,0x67,0xF7,0x31,0x2A,0x32,0xF6,0xFC,0xEE,0xB9,0xF3,0xFB,0xE9,0xB5,0xFF,
    0xF8,0xE5,0xB4,0xFF,0xFA,0xE7,0xB4,0xFF,0xFA,0xE7,0xB5,0xFF,0xFA,0xE8,0xB5,0xFF,0xFA,0xE8,0xB5,0xFF,0xFA,0xE8,0xB5,0xFF,
    0xFA,0xE8,0xB5,0xFF,0xFA,0xE8,0xB5,0xFF,0xFA,0xE8,0xB5,0xFF,0xFA,0xE8,0xB5,0xFF,0xF8,0xE7,0xB5,0xFF,0xFF,0xF0,0xBC,0xFF,
    0xDA,0xCD,0xA3,0xF5,0x1A,0x12,0x25,0xFC,0x19,0x10,0x25,0xFF,0x1F,0x12,0x24,0xFF,0x57,0x1D,0x25,0xFF,0x16,0x11,0x25,0xFF,
    0x1D,0x14,0x26,0xFF,0x18,0x0E,0x22,0xFF,0x22,0x1A,0x28,0xFE,0xDB,0xCB,0x9E,0xF8,0xFF,0xEE,0xB6,0xFF,0xF8,0xE4,0xB0,0xFF,
    0xFA,0xE7,0xB3,0xFF,0xFB,0xE8,0xB3,0xFF,0xFB,0xE8,0xB4,0xFF,0xFA,0xE8,0xB3,0xFF,0xFB,0xE9,0xB4,0xFF,0xFF,0xF2,0xBC,0xF4,
    0x36,0x2E,0x37,0xF2,0x86,0x7A,0x6A,0xF7,0xFF,0xF9,0xC0,0xFE,0xF6,0xE4,0xB1,0xFF,0xFA,0xE7,0xB3,0xFF,0xFA,0xE7,0xB4,0xFF,
    0xFA,0xE7,0xB4,0xFF,0xFA,0xE7,0xB4,0xFF,0xF6,0xE4,0xB1,0xFF,0xFF,0xF7,0xBF,0xFF,0x88,0x7D,0x6E,0xFF,0x06,0x00,0x19,0xFF,
    0x2E,0x26,0x32,0xFB,0xEC,0xDC,0xAE,0xF4,0xFF,0xEC,0xB8,0xFF,0xF9,0xE6,0xB3,0xFF,0xFA,0xE8,0xB5,0xFF,0xFA,0xE8,0xB6,0xFF,
    0xFA,0xE8,0xB5,0xFF,0xFA,0xE7,0xB5,0xFF,0xFD,0xEA,0xB7,0xFF,0xF9,0xE9,0xB7,0xF5,0x2A,0x22,0x2F,0xFF,0x32,0x2B,0x33,0xF7,
    0xF7,0xE7,0xB2,0xF8,0xFC,0xEA,0xB4,0xFF,0xF8,0xE4,0xB1,0xFF,0xFA,0xE7,0xB3,0xFF,0xFA,0xE7,0xB3,0xFF,0xFA,0xE7,0xB3,0xFF,
    0xFA,0xE7,0xB4,0xFF,0xF7,0xE3,0xB0,0xFE,0xFF,0xF2,0xBA,0xFE,0xD2,0xC3,0x9B,0xF1,0x1E,0x14,0x28,0xFC,0x17,0x0E,0x25,0xFF,
    0x1F,0x13,0x27,0xFF,0x0B,0x0D,0x22,0xFF,0x9C,0x27,0x25,0xFF,0xBB,0x2C,0x29,0xFF,0x11,0x11,0x26,0xFF,0x21,0x17,0x2A,0xFF,
    0x0B,0x05,0x1C,0xFF,0x78,0x6D,0x61,0xF5,0xFF,0xF6,0xC0,0xFB,0xF8,0xE5,0xB2,0xFF,0xFA,0xE7,0xB4,0xFF,0xFA,0xE7,0xB4,0xFF,
    0xFA,0xE7,0xB4,0xFF,0xF7,0xE4,0xB2,0xFF,0xFF,0xF3,0xBC,0xFE,0xB3,0xA6,0x86,0xF7,0x87,0x7C,0x6A,0xEC,0xFF,0xF8,0xC1,0xFA,
    0xF8,0xE5,0xB3,0xFF,0xFB,0xE8,0xB5,0xFF,0xFB,0xE8,0xB5,0xFF,0xFB,0xE8,0xB4,0xFF,0xF7,0xE4,0xB1,0xFF,0xFF,0xF6,0xBE,0xFE,
    0xA8,0x9A,0x82,0xF6,0x0F,0x06,0x1E,0xFF,0x14,0x0A,0x20,0xFF,0x47,0x3D,0x40,0xFB,0xFD,0xED,0xBA,0xFB,0xFB,0xE7,0xB5,0xFF,
    0xFA,0xE8,0xB4,0xFF,0xFB,0xE8,0xB5,0xFF,0xFB,0xE8,0xB5,0xFF,0xFA,0xE8,0xB5,0xFF,0xFB,0xE8,0xB5,0xFF,0xF9,0xE6,0xB3,0xFF,
    0xFE,0xEE,0xB8,0xFF,0xD9,0xC9,0x9F,0xF8,0x0F,0x05,0x1B,0xFE,0x12,0x08,0x1D,0xFE,0x20,0x17,0x27,0xFF,0x24,0x1B,0x2A,0xFC,
    0x29,0x20,0x2D,0xFA,0x30,0x26,0x32,0xFB,0x34,0x2A,0x35,0xFD,0x35,0x2B,0x36,0xFD,0x33,0x29,0x34,0xFC,0x2B,0x21,0x2E,0xF8,
    0x24,0x1B,0x2A,0xFA,0x23,0x18,0x29,0xFF,0x18,0x0E,0x21,0xFE,0x0F,0x06,0x1B,0xFF,0x0E,0x04,0x1B,0xFF,0x14,0x09,0x1F,0xFF,
    0x1C,0x12,0x25,0xFF,0x1A,0x10,0x23,0xFF,0x19,0x10,0x23,0xFF,0x1B,0x11,0x25,0xFF,0x18,0x11,0x24,0xFF,0xAE,0x2D,0x28,0xFD,
    0xE4,0x36,0x29,0xFF,0xD5,0x47,0x3B,0xD1,0x00,0x05,0x05,0x00,0x00,0x00,0x00,0x00,0x00,0x00,0x00,0x00,0x00,0x00,0x00,0x00,
    0x00,0x00,0x00,0x00,0x00,0x00,0x00,0x00,0x00,0x00,0x00,0x00,0x00,0x00,0x00,0x00,0x00,0x00,0x00,0x00,0x00,0x00,0x00,0x00,
    0x00,0x00,0x00,0x00,0x00,0x00,0x00,0x00,0x00,0x00,0x00,0x00,0x00,0x00,0x00,0x00,0x00,0x00,0x00,0x00,0x00,0x00,0x00,0x00,
    0xFF,0x3F,0x3F,0x04,0xFF,0x55,0x55,0x03,0xCE,0x41,0x38,0x8D,0xEE,0x39,0x2D,0xFF,0x9A,0x28,0x26,0xFB,0x0F,0x10,0x23,0xFF,
    0x1D,0x13,0x25,0xFF,0x13,0x0D,0x1F,0xFD,0xC9,0xBB,0x96,0xED,0xFF,0xF2,0xBB,0xFF,0xF8,0xE5,0xB1,0xFF,0xFB,0xE8,0xB3,0xFF,
    0xFB,0xE8,0xB4,0xFF,0xFB,0xE8,0xB4,0xFF,0xFB,0xE8,0xB5,0xFF,0xFB,0xE8,0xB5,0xFF,0xFA,0xE7,0xB4,0xFF,0xFC,0xEA,0xB5,0xFF,
    0xF1,0xE1,0xAE,0xFA,0xDA,0xCB,0xA0,0xFE,0xC4,0xB7,0x93,0xF1,0xB5,0xA7,0x8A,0xF5,0xAF,0xA2,0x86,0xFF,0xA1,0x93,0x7B,0xF7,
    0x8C,0x7F,0x6E,0xEA,0x85,0x79,0x69,0xF2,0x7F,0x73,0x65,0xFF,0x66,0x5B,0x55,0xF6,0x4C,0x41,0x43,0xFC,0x33,0x29,0x33,0xFC,
    0x1E,0x14,0x27,0xFD,0x0E,0x04,0x1C,0xFF,0x10,0x06,0x1D,0xFF,0x1D,0x13,0x25,0xFF,0x1E,0x14,0x27,0xFE,0x13,0x09,0x1E,0xFF,
    0x3F,0x37,0x3C,0xF8,0xFF,0xEC,0xBB,0xF8,0xFC,0xEA,0xB7,0xFF,0xFA,0xE8,0xB6,0xFF,0xFA,0xE8,0xB6,0xFF,0xFA,0xE7,0xB5,0xFF,
    0xFA,0xE7,0xB5,0xFF,0xFA,0xE7,0xB5,0xFF,0xFA,0xE7,0xB5,0xFF,0xF9,0xE6,0xB4,0xFF,0xF9,0xE7,0xB5,0xFF,0xFB,0xE8,0xB5,0xFF,
    0xFA,0xE8,0xB4,0xFF,0xFB,0xE8,0xB4,0xFF,0xFA,0xE6,0xB3,0xFF,0xFC,0xEC,0xB7,0xFF,0xE8,0xD6,0xA8,0xF9,0xDE,0xCE,0xA4,0xF4,
    0xFF,0xEF,0xBA,0xFF,0xF8,0xE5,0xB3,0xFF,0xFA,0xE7,0xB4,0xFF,0xFA,0xE7,0xB5,0xFF,0xF9,0xE7,0xB5,0xFF,0xF9,0xE7,0xB4,0xFF,
    0xFA,0xE8,0xB5,0xFF,0xFA,0xE8,0xB5,0xFF,0xFA,0xE8,0xB5,0xFF,0xFA,0xE8,0xB5,0xFF,0xFA,0xE8,0xB5,0xFF,0xFA,0xE8,0xB5,0xFF,
    0xF7,0xE6,0xB4,0xFF,0xFF,0xF5,0xBE,0xFF,0xBB,0xAD,0x8F,0xF5,0x11,0x07,0x20,0xFF,0x1D,0x13,0x26,0xFF,0x1C,0x11,0x25,0xFF,
    0x15,0x10,0x25,0xFF,0x1B,0x12,0x25,0xFF,0x1D,0x13,0x26,0xFF,0x0E,0x07,0x1B,0xFD,0xB4,0xA6,0x87,0xF3,0xFF,0xF6,0xBB,0xFF,
    0xF6,0xE3,0xAE,0xFF,0xFA,0xE7,0xB2,0xFF,0xFB,0xE7,0xB3,0xFF,0xFB,0xE8,0xB3,0xFF,0xFB,0xE8,0xB4,0xFF,0xF8,0xE4,0xB1,0xFF,
    0xFF,0xF7,0xBC,0xFE,0xA0,0x93,0x7B,0xF9,0x00,0x00,0x11,0xFF,0x84,0x79,0x6A,0xFB,0xFF,0xF6,0xBF,0xFD,0xF7,0xE4,0xB1,0xFF,
    0xFA,0xE7,0xB3,0xFF,0xFA,0xE7,0xB4,0xFF,0xFA,0xE7,0xB4,0xFF,0xFA,0xE7,0xB4,0xFF,0xF6,0xE3,0xB1,0xFF,0xFF,0xF7,0xBF,0xFF,
    0x92,0x86,0x75,0xFC,0x02,0x00,0x16,0xFF,0x40,0x38,0x3E,0xF9,0xFA,0xE9,0xB7,0xFA,0xFC,0xE8,0xB6,0xFF,0xFA,0xE7,0xB5,0xFF,
    0xFA,0xE8,0xB5,0xFF,0xFA,0xE8,0xB6,0xFF,0xFA,0xE8,0xB5,0xFF,0xF9,0xE6,0xB4,0xFF,0xFF,0xEF,0xBA,0xFF,0xDF,0xCF,0xA3,0xF6,
    0x25,0x21,0x2B,0xF2,0xDC,0xCB,0xA1,0xED,0xFF,0xEF,0xB6,0xFE,0xF7,0xE3,0xAF,0xFE,0xFA,0xE7,0xB2,0xFF,0xFA,0xE7,0xB2,0xFF,
    0xFA,0xE7,0xB3,0xFF,0xFA,0xE7,0xB3,0xFF,0xF8,0xE5,0xB2,0xFF,0xFE,0xED,0xB7,0xFF,0xEB,0xDB,0xAA,0xFF,0x32,0x29,0x35,0xFE,
    0x12,0x09,0x22,0xFF,0x21,0x14,0x28,0xFF,0x0B,0x0E,0x24,0xFF,0x6A,0x1F,0x22,0xFF,0xE9,0x34,0x26,0xFF,0xE4,0x33,0x27,0xFF,
    0x4C,0x1C,0x27,0xFF,0x12,0x12,0x28,0xFF,0x1A,0x11,0x25,0xFF,0x1F,0x18,0x28,0xFA,0xE4,0xD4,0xA8,0xF0,0xFE,0xEE,0xBA,0xFF,
    0xF8,0xE6,0xB3,0xFF,0xFA,0xE7,0xB4,0xFF,0xFA,0xE7,0xB4,0xFF,0xFA,0xE7,0xB4,0xFF,0xFA,0xE6,0xB3,0xFF,0xFC,0xE9,0xB5,0xFD,
    0xFD,0xEB,0xB8,0xFC,0xFA,0xE7,0xB5,0xFF,0xFA,0xE7,0xB5,0xFF,0xFB,0xE8,0xB5,0xFF,0xFB,0xE8,0xB5,0xFF,0xF8,0xE6,0xB2,0xFF,
    0xFE,0xEE,0xB8,0xFF,0xDD,0xCC,0xA2,0xF8,0x20,0x17,0x2A,0xFE,0x1B,0x12,0x26,0xFF,0x0D,0x04,0x1C,0xFF,0x70,0x64,0x5C,0xF8,
    0xFF,0xF5,0xC0,0xFC,0xF8,0xE5,0xB3,0xFF,0xFB,0xE8,0xB5,0xFF,0xFB,0xE8,0xB5,0xFF,0xFB,0xE8,0xB6,0xFF,0xFB,0xE8,0xB6,0xFF,
    0xFB,0xE8,0xB5,0xFF,0xF9,0xE6,0xB3,0xFF,0xFD,0xEE,0xB8,0xFF,0xD3,0xC4,0x9A,0xFB,0xA4,0x97,0x7F,0xFC,0xC5,0xB6,0x93,0xF7,
    0xD8,0xC7,0x9F,0xFF,0xE4,0xD2,0xA6,0xF8,0xE8,0xD9,0xAB,0xF3,0xEE,0xDD,0xAF,0xF7,0xEF,0xE0,0xB1,0xF9,0xF0,0xE0,0xB1,0xFA,
    0xEF,0xE0,0xB0,0xF7,0xEB,0xDB,0xAE,0xED,0xE4,0xD6,0xAA,0xF3,0xDE,0xCE,0xA4,0xFF,0xC9,0xBA,0x96,0xF6,0xA8,0x9A,0x7F,0xFA,
    0x7E,0x71,0x62,0xF8,0x47,0x3C,0x3F,0xF8,0x15,0x0C,0x20,0xFD,0x10,0x06,0x1D,0xFF,0x1D,0x14,0x26,0xFF,0x18,0x10,0x25,0xFF,
    0x24,0x14,0x24,0xFF,0xC8,0x31,0x27,0xFC,0xE3,0x36,0x29,0xFF,0xD3,0x3F,0x33,0xB4,0x00,0x01,0x01,0x00,0xFF,0x7F,0x7F,0x02,
    0x00,0x00,0x00,0x00,0x00,0x00,0x00,0x00,0x00,0x00,0x00,0x00,0x00,0x00,0x00,0x00,0x00,0x00,0x00,0x00,0x00,0x00,0x00,0x00,
    0x00,0x00,0x00,0x00,0x00,0x00,0x00,0x00,0x00,0x00,0x00,0x00,0x00,0x00,0x00,0x00,0x00,0x00,0x00,0x00,0x00,0x00,0x00,0x00,
    0x00,0x00,0x00,0x00,0x00,0x00,0x00,0x00,0xFF,0x00,0x55,0x03,0x00,0x00,0x00,0x00,0xCF,0x40,0x37,0x86,0xEF,0x39,0x2D,0xFF,
    0x9A,0x28,0x27,0xFB,0x0F,0x0F,0x23,0xFF,0x1E,0x13,0x25,0xFF,0x10,0x0A,0x1E,0xFE,0xC3,0xB5,0x93,0xF7,0xFE,0xF2,0xBB,0xFF,
    0xF8,0xE5,0xB1,0xFF,0xFB,0xE8,0xB4,0xFF,0xFB,0xE8,0xB4,0xFF,0xFB,0xE8,0xB4,0xFF,0xFB,0xE8,0xB4,0xFF,0xFB,0xE8,0xB4,0xFF,
    0xFB,0xE8,0xB4,0xFF,0xFA,0xE6,0xB3,0xFF,0xFD,0xE9,0xB4,0xFF,0xFF,0xEE,0xB6,0xFF,0xFF,0xF1,0xB9,0xFF,0xFF,0xF4,0xBB,0xFF,
    0xFF,0xF5,0xBC,0xFF,0xFF,0xF5,0xBC,0xFE,0xFF,0xF6,0xBC,0xFC,0xFF,0xF7,0xBD,0xFD,0xFF,0xF8,0xBD,0xFF,0xFF,0xF5,0xBC,0xFA,
    0xFF,0xEE,0xB8,0xFC,0xF4,0xE3,0xB0,0xFA,0xDC,0xCC,0xA2,0xF3,0xAB,0x9D,0x83,0xEE,0x58,0x4D,0x4D,0xF4,0x14,0x0B,0x1F,0xFE,
    0x1D,0x13,0x26,0xFF,0x10,0x06,0x1C,0xFF,0x5B,0x51,0x4F,0xF6,0xFF,0xF5,0xC1,0xF7,0xF9,0xE7,0xB4,0xFF,0xFA,0xE7,0xB6,0xFF,
    0xFA,0xE8,0xB6,0xFF,0xFA,0xE8,0xB6,0xFF,0xFA,0xE8,0xB6,0xFF,0xFA,0xE7,0xB5,0xFF,0xF9,0xE7,0xB5,0xFF,0xFF,0xED,0xB9,0xFF,
    0xFB,0xE8,0xB5,0xFF,0xFA,0xE7,0xB3,0xFF,0xFA,0xE7,0xB3,0xFF,0xFA,0xE7,0xB3,0xFF,0xFA,0xE7,0xB3,0xFF,0xFA,0xE6,0xB2,0xFF,
    0xFE,0xEB,0xB5,0xFF,0xFF,0xED,0xB8,0xFF,0xF9,0xE6,0xB4,0xFF,0xFB,0xE8,0xB5,0xFF,0xFB,0xE8,0xB5,0xFF,0xFA,0xE7,0xB5,0xFF,
    0xFA,0xE8,0xB4,0xFF,0xFF,0xEC,0xB8,0xFE,0xF9,0xE7,0xB4,0xFF,0xFA,0xE8,0xB5,0xFF,0xFA,0xE8,0xB5,0xFF,0xFA,0xE7,0xB5,0xFF,
    0xFA,0xE8,0xB5,0xFF,0xFA,0xE8,0xB4,0xFF,0xF7,0xE5,0xB3,0xFF,0xFF,0xF6,0xBD,0xFE,0x97,0x8C,0x77,0xFA,0x0B,0x02,0x1B,0xFF,
    0x1E,0x14,0x27,0xFF,0x1B,0x11,0x25,0xFF,0x1C,0x11,0x24,0xFF,0x1E,0x15,0x26,0xFE,0x0A,0x02,0x18,0xFF,0x7D,0x72,0x64,0xEC,
    0xFF,0xF8,0xBF,0xF8,0xF8,0xE4,0xB0,0xFF,0xFA,0xE7,0xB2,0xFF,0xFB,0xE7,0xB2,0xFF,0xFB,0xE7,0xB2,0xFF,0xFB,0xE8,0xB3,0xFF,
    0xF9,0xE6,0xB2,0xFF,0xFE,0xEE,0xB8,0xFF,0xE8,0xD8,0xAA,0xF8,0x29,0x20,0x30,0xFC,0x0D,0x05,0x1C,0xFF,0x67,0x5E,0x57,0xEE,
    0xFF,0xF7,0xBE,0xF7,0xF9,0xE6,0xB3,0xFF,0xFA,0xE7,0xB3,0xFF,0xFA,0xE7,0xB4,0xFF,0xFA,0xE8,0xB4,0xFF,0xFA,0xE7,0xB3,0xFF,
    0xF7,0xE4,0xB2,0xFF,0xFF,0xF6,0xBE,0xFD,0x9A,0x8F,0x7B,0xE8,0x01,0x00,0x15,0xFF,0x5B,0x52,0x50,0xFA,0xFF,0xF2,0xBD,0xFA,
    0xF9,0xE6,0xB4,0xFF,0xFA,0xE7,0xB5,0xFF,0xFA,0xE7,0xB5,0xFF,0xFA,0xE7,0xB5,0xFF,0xFA,0xE8,0xB5,0xFF,0xFA,0xE7,0xB4,0xFF,
    0xFC,0xEA,0xB6,0xFF,0xEE,0xDC,0xAC,0xFF,0xDA,0xCA,0x9F,0xF4,0xFF,0xEE,0xB7,0xFC,0xF8,0xE5,0xB0,0xFF,0xFA,0xE6,0xB2,0xFF,
    0xFA,0xE7,0xB2,0xFF,0xFA,0xE7,0xB2,0xFF,0xFA,0xE7,0xB2,0xFF,0xF9,0xE6,0xB2,0xFF,0xFB,0xEA,0xB5,0xFF,0xFB,0xEE,0xB8,0xF7,
    0x52,0x45,0x47,0xFD,0x0D,0x05,0x1D,0xFF,0x21,0x16,0x27,0xFF,0x0D,0x0E,0x25,0xFF,0x45,0x1A,0x25,0xFF,0xDE,0x33,0x26,0xFF,
    0xD6,0x30,0x26,0xFF,0xE3,0x34,0x27,0xFF,0x9C,0x29,0x27,0xFF,0x0F,0x10,0x26,0xFF,0x1F,0x16,0x28,0xFF,0x09,0x03,0x1A,0xFF,
    0x79,0x70,0x64,0xF2,0xFF,0xF8,0xC0,0xFC,0xF7,0xE5,0xB3,0xFF,0xFA,0xE7,0xB5,0xFF,0xFA,0xE7,0xB5,0xFF,0xFA,0xE7,0xB5,0xFF,
    0xFA,0xE7,0xB4,0xFF,0xFA,0xE7,0xB4,0xFF,0xFA,0xE7,0xB4,0xFF,0xFA,0xE7,0xB5,0xFF,0xFA,0xE8,0xB5,0xFF,0xFB,0xE8,0xB5,0xFF,
    0xFA,0xE8,0xB5,0xFF,0xFA,0xE8,0xB4,0xFF,0xFB,0xEC,0xB6,0xFB,0x48,0x3E,0x41,0xFA,0x10,0x07,0x1F,0xFF,0x21,0x17,0x29,0xFF,
    0x0B,0x03,0x1A,0xFF,0x98,0x8D,0x77,0xF4,0xFF,0xF6,0xBE,0xFE,0xF7,0xE4,0xB3,0xFF,0xFA,0xE8,0xB5,0xFF,0xFB,0xE9,0xB5,0xFF,
    0xFB,0xE9,0xB5,0xFF,0xFB,0xE9,0xB5,0xFF,0xFB,0xE9,0xB5,0xFF,0xFB,0xE8,0xB4,0xFF,0xFA,0xE7,0xB3,0xFF,0xFF,0xEC,0xB6,0xFF,
    0xFF,0xF4,0xBA,0xFF,0xFF,0xEF,0xB6,0xFF,0xFF,0xEC,0xB5,0xFF,0xFF,0xEB,0xB5,0xFF,0xFF,0xEC,0xB6,0xFF,0xFE,0xEB,0xB6,0xFF,
    0xFD,0xEA,0xB7,0xFF,0xFD,0xEA,0xB6,0xFF,0xFE,0xEB,0xB6,0xFF,0xFF,0xEE,0xB9,0xFF,0xFF,0xEE,0xB9,0xFF,0xFF,0xED,0xB8,0xFF,
    0xFF,0xF1,0xBA,0xFF,0xFF,0xF4,0xBB,0xFE,0xFF,0xF6,0xBC,0xFC,0xFF,0xEE,0xB7,0xF7,0xC9,0xBB,0x95,0xF5,0x4E,0x43,0x45,0xFA,
    0x0E,0x05,0x1C,0xFF,0x1F,0x14,0x27,0xFF,0x12,0x10,0x24,0xFF,0x89,0x26,0x25,0xFE,0xE3,0x33,0x26,0xFD,0xD7,0x39,0x2B,0xF5,
    0xDF,0x68,0x62,0x31,0x00,0x00,0x00,0x00,0xAA,0x55,0x55,0x03,0x00,0x00,0x00,0x00,0x00,0x00,0x00,0x00,0x00,0x00,0x00,0x00,
    0x00,0x00,0x00,0x00,0x00,0x00,0x00,0x00,0x00,0x00,0x00,0x00,0x00,0x00,0x00,0x00,0x00,0x00,0x00,0x00,0x00,0x00,0x00,0x00,
    0x00,0x00,0x00,0x00,0x00,0x00,0x00,0x00,0x00,0x00,0x00,0x00,0x00,0x00,0x00,0x00,0xCC,0x66,0x66,0x0A,0xDB,0x7F,0x79,0x50,
    0xD5,0x55,0x4B,0xAA,0xE6,0x37,0x2A,0xFF,0xB0,0x2D,0x28,0xFC,0x16,0x10,0x23,0xFF,0x1E,0x14,0x26,0xFF,0x0D,0x05,0x1B,0xFF,
    0x89,0x7D,0x6C,0xF0,0xFF,0xFB,0xC3,0xF8,0xF6,0xE2,0xAF,0xFF,0xF8,0xE6,0xB2,0xFF,0xFA,0xE7,0xB3,0xFF,0xFA,0xE8,0xB4,0xFF,
    0xFB,0xE8,0xB4,0xFF,0xFB,0xE8,0xB4,0xFF,0xFA,0xE7,0xB4,0xFF,0xFA,0xE7,0xB4,0xFF,0xF9,0xE6,0xB3,0xFF,0xF9,0xE6,0xB2,0xFF,
    0xF8,0xE5,0xB1,0xFF,0xF8,0xE4,0xB1,0xFF,0xF7,0xE4,0xB1,0xFF,0xF7,0xE5,0xB2,0xFF,0xF8,0xE5,0xB2,0xFF,0xF7,0xE4,0xB2,0xFF,
    0xF6,0xE3,0xB1,0xFF,0xF8,0xE5,0xB2,0xFF,0xF9,0xE6,0xB2,0xFF,0xFC,0xE8,0xB4,0xFF,0xFF,0xED,0xB8,0xFF,0xFF,0xF4,0xBD,0xFD,
    0xFF,0xF8,0xC0,0xF6,0xA6,0x96,0x7C,0xE0,0x19,0x0F,0x21,0xF8,0x0E,0x04,0x1A,0xFF,0x73,0x6A,0x5F,0xED,0xFF,0xF7,0xC2,0xFB,
    0xF8,0xE6,0xB3,0xFF,0xFA,0xE8,0xB5,0xFF,0xFA,0xE8,0xB6,0xFF,0xFA,0xE8,0xB6,0xFF,0xFA,0xE8,0xB6,0xFF,0xFA,0xE7,0xB4,0xFF,
    0xFC,0xE9,0xB6,0xFE,0xBD,0xAE,0x8E,0xF5,0xF5,0xE4,0xB3,0xF6,0xFC,0xEA,0xB5,0xFF,0xFA,0xE7,0xB2,0xFF,0xFA,0xE7,0xB2,0xFF,
    0xFA,0xE7,0xB3,0xFF,0xFA,0xE7,0xB3,0xFF,0xF9,0xE6,0xB2,0xFF,0xF8,0xE6,0xB3,0xFF,0xFB,0xE8,0xB5,0xFF,0xFB,0xE8,0xB6,0xFF,
    0xFB,0xE8,0xB5,0xFF,0xFB,0xEA,0xB6,0xFF,0xF8,0xE7,0xB4,0xFA,0xC0,0xB3,0x8F,0xF5,0xFA,0xEA,0xB7,0xFD,0xFA,0xE7,0xB4,0xFF,
    0xFA,0xE7,0xB4,0xFF,0xFA,0xE8,0xB5,0xFF,0xFA,0xE8,0xB5,0xFF,0xFA,0xE8,0xB4,0xFF,0xF6,0xE4,0xB2,0xFF,0xFF,0xF7,0xBD,0xFE,
    0x78,0x6D,0x61,0xFC,0x0B,0x02,0x1C,0xFF,0x1F,0x14,0x27,0xFF,0x1B,0x11,0x25,0xFF,0x1F,0x14,0x26,0xFF,0x0E,0x05,0x1C,0xFF,
    0x4E,0x44,0x44,0xF6,0xFF,0xF2,0xBA,0xF5,0xFB,0xE9,0xB4,0xFF,0xFA,0xE6,0xB3,0xFF,0xFB,0xE8,0xB3,0xFF,0xFB,0xE8,0xB2,0xFF,
    0xFB,0xE7,0xB2,0xFF,0xFB,0xE7,0xB3,0xFF,0xF9,0xE7,0xB2,0xFF,0xFF,0xF7,0xBD,0xF8,0x66,0x59,0x56,0xF4,0x13,0x09,0x21,0xFF,
    0x12,0x09,0x20,0xFF,0x62,0x58,0x53,0xFE,0xFF,0xF5,0xBE,0xFF,0xF7,0xE5,0xB2,0xFF,0xFA,0xE7,0xB3,0xFF,0xFA,0xE7,0xB4,0xFF,
    0xFA,0xE7,0xB4,0xFF,0xFA,0xE7,0xB4,0xFF,0xF7,0xE5,0xB2,0xFF,0xFF,0xF4,0xBC,0xFE,0xAD,0xA2,0x87,0xEF,0x01,0x00,0x14,0xFF,
    0x70,0x66,0x5D,0xEF,0xFF,0xF6,0xC1,0xFB,0xF7,0xE5,0xB3,0xFF,0xFA,0xE7,0xB5,0xFF,0xFA,0xE8,0xB5,0xFF,0xFA,0xE8,0xB5,0xFF,
    0xFA,0xE8,0xB5,0xFF,0xFB,0xE8,0xB4,0xFF,0xFA,0xE7,0xB4,0xFF,0xFB,0xE8,0xB4,0xFF,0xFF,0xEE,0xB8,0xFF,0xF9,0xE5,0xB2,0xFF,
    0xFA,0xE6,0xB2,0xFF,0xFA,0xE7,0xB2,0xFF,0xFA,0xE7,0xB3,0xFF,0xFA,0xE7,0xB2,0xFF,0xF9,0xE7,0xB1,0xFF,0xF8,0xE6,0xB1,0xFF,
    0xFA,0xEC,0xB7,0xFF,0x70,0x63,0x5B,0xF7,0x0B,0x01,0x1A,0xFE,0x21,0x17,0x28,0xFF,0x15,0x10,0x25,0xFF,0x2D,0x16,0x25,0xFF,
    0xC9,0x33,0x29,0xFF,0xDD,0x32,0x28,0xFF,0xD5,0x31,0x27,0xFF,0xD6,0x32,0x26,0xFF,0xD8,0x34,0x28,0xFF,0x3C,0x19,0x26,0xFF,
    0x12,0x11,0x24,0xFF,0x19,0x10,0x23,0xFF,0x20,0x18,0x27,0xFB,0xE3,0xD2,0xA7,0xED,0xFE,0xEF,0xBB,0xFF,0xF8,0xE6,0xB4,0xFF,
    0xFA,0xE8,0xB5,0xFF,0xFA,0xE7,0xB5,0xFF,0xFA,0xE7,0xB5,0xFF,0xFA,0xE7,0xB5,0xFF,0xFA,0xE7,0xB5,0xFF,0xFA,0xE7,0xB5,0xFF,
    0xFB,0xE8,0xB5,0xFF,0xFB,0xE9,0xB6,0xFF,0xF8,0xE5,0xB3,0xFF,0xFF,0xF7,0xBD,0xFE,0x83,0x76,0x67,0xFC,0x0C,0x02,0x1C,0xFF,
    0x1F,0x15,0x28,0xFF,0x1B,0x12,0x25,0xFF,0x12,0x0B,0x1F,0xFE,0xC3,0xB5,0x94,0xF2,0xFF,0xF3,0xBD,0xFF,0xF8,0xE6,0xB3,0xFF,
    0xFB,0xE8,0xB4,0xFF,0xFB,0xE8,0xB5,0xFF,0xFB,0xE9,0xB5,0xFF,0xFB,0xE8,0xB5,0xFF,0xFB,0xE8,0xB5,0xFF,0xFA,0xE8,0xB5,0xFF,
    0xFA,0xE8,0xB4,0xFF,0xF9,0xE6,0xB2,0xFF,0xF7,0xE3,0xAF,0xFF,0xF7,0xE3,0xAF,0xFF,0xF8,0xE4,0xB0,0xFF,0xF8,0xE5,0xB1,0xFF,
    0xF9,0xE5,0xB1,0xFF,0xF9,0xE6,0xB3,0xFF,0xFA,0xE6,0xB4,0xFF,0xF9,0xE7,0xB4,0xFF,0xF9,0xE7,0xB3,0xFF,0xF9,0xE6,0xB4,0xFE,
    0xF9,0xE7,0xB4,0xFF,0xF9,0xE6,0xB3,0xFF,0xF8,0xE5,0xB2,0xFF,0xF7,0xE4,0xB0,0xFF,0xF7,0xE3,0xB0,0xFF,0xFA,0xE6,0xB1,0xFF,
    0xFF,0xF1,0xB9,0xFF,0xFF,0xF1,0xB8,0xF7,0x64,0x59,0x54,0xF2,0x11,0x08,0x1E,0xFF,0x18,0x13,0x26,0xFF,0x23,0x13,0x22,0xFF,
    0xC7,0x2E,0x25,0xFB,0xE3,0x35,0x26,0xFF,0xD0,0x45,0x3B,0xB0,0x00,0x02,0x02,0x00,0xAA,0x00,0x00,0x03,0x00,0x00,0x00,0x00,
    0x00,0x00,0x00,0x00,0x00,0x00,0x00,0x00,0x00,0x00,0x00,0x00,0x00,0x00,0x00,0x00,0x00,0x00,0x00,0x00,0x00,0x00,0x00,0x00,
    0x00,0x00,0x00,0x00,0x00,0x00,0x00,0x00,0x00,0x00,0x00,0x00,0x00,0x00,0x00,0x00,0xFF,0x55,0x55,0x03,0x00,0x00,0x00,0x00,
    0xD3,0x64,0x5D,0x47,0xE3,0x42,0x38,0xFF,0xD2,0x33,0x2A,0xFF,0xD2,0x32,0x28,0xFF,0xD2,0x32,0x28,0xFF,0x33,0x15,0x24,0xFF,
    0x13,0x10,0x24,0xFF,0x1B,0x11,0x23,0xFF,0x1E,0x16,0x26,0xF6,0xD0,0xC0,0x9B,0xEC,0xFF,0xFE,0xC1,0xFF,0xFF,0xEE,0xB6,0xFF,
    0xFC,0xEA,0xB5,0xFF,0xF9,0xE6,0xB4,0xFF,0xF8,0xE5,0xB3,0xFF,0xF8,0xE5,0xB2,0xFF,0xF9,0xE6,0xB2,0xFF,0xF9,0xE6,0xB2,0xFF,
    0xF9,0xE6,0xB4,0xFF,0xFA,0xE7,0xB4,0xFF,0xFA,0xE7,0xB4,0xFF,0xFA,0xE8,0xB5,0xFF,0xFA,0xE8,0xB5,0xFF,0xFA,0xE8,0xB5,0xFF,
    0xFA,0xE7,0xB5,0xFF,0xFA,0xE8,0xB4,0xFF,0xFA,0xE7,0xB4,0xFF,0xFA,0xE7,0xB3,0xFF,0xFA,0xE7,0xB3,0xFF,0xF9,0xE6,0xB2,0xFF,
    0xF8,0xE5,0xB1,0xFF,0xF6,0xE2,0xAF,0xFF,0xF8,0xE4,0xB1,0xFF,0xFF,0xFC,0xC3,0xF5,0x7B,0x6F,0x63,0xEB,0x02,0x00,0x10,0xFF,
    0x94,0x89,0x76,0xF4,0xFF,0xF5,0xBF,0xFD,0xF8,0xE5,0xB2,0xFF,0xFB,0xE8,0xB5,0xFF,0xFB,0xE8,0xB6,0xFF,0xFB,0xE8,0xB5,0xFF,
    0xFA,0xE7,0xB4,0xFF,0xFA,0xE7,0xB3,0xFF,0xFF,0xF2,0xBD,0xF9,0x44,0x3D,0x41,0xF2,0xB8,0xAA,0x8A,0xF2,0xFF,0xF4,0xBC,0xFE,
    0xF7,0xE4,0xB0,0xFF,0xFA,0xE7,0xB2,0xFF,0xFA,0xE7,0xB3,0xFF,0xFA,0xE7,0xB3,0xFF,0xFA,0xE7,0xB3,0xFF,0xFA,0xE8,0xB5,0xFF,
    0xFB,0xE8,0xB5,0xFF,0xFB,0xE9,0xB6,0xFF,0xF9,0xE6,0xB3,0xFF,0xFF,0xFD,0xC3,0xFB,0x8F,0x84,0x72,0xF3,0x6B,0x62,0x57,0xE9,
    0xFF,0xF8,0xC0,0xFA,0xF8,0xE5,0xB3,0xFF,0xFA,0xE7,0xB4,0xFF,0xFA,0xE8,0xB4,0xFF,0xFA,0xE8,0xB5,0xFF,0xFA,0xE7,0xB4,0xFF,
    0xF8,0xE6,0xB3,0xFF,0xFF,0xF1,0xBB,0xFE,0x57,0x4C,0x4D,0xFD,0x0E,0x05,0x1D,0xFF,0x1D,0x13,0x26,0xFF,0x1C,0x13,0x25,0xFF,
    0x17,0x0C,0x21,0xFF,0x25,0x1D,0x2B,0xF6,0xE8,0xD8,0xAA,0xF0,0xFF,0xF0,0xB6,0xFF,0xF8,0xE5,0xB1,0xFE,0xFB,0xE8,0xB3,0xFF,
    0xFB,0xE8,0xB3,0xFF,0xFB,0xE7,0xB2,0xFF,0xFB,0xE7,0xB2,0xFF,0xF8,0xE4,0xB0,0xFF,0xFF,0xF6,0xBC,0xFE,0xB1,0xA4,0x88,0xF0,
    0x10,0x07,0x1F,0xFD,0x22,0x18,0x2A,0xFF,0x11,0x09,0x20,0xFF,0x52,0x49,0x4A,0xFD,0xFF,0xF0,0xBB,0xFC,0xF9,0xE6,0xB2,0xFF,
    0xFA,0xE7,0xB3,0xFF,0xFA,0xE7,0xB4,0xFF,0xFA,0xE7,0xB4,0xFF,0xFA,0xE8,0xB4,0xFF,0xF8,0xE5,0xB2,0xFF,0xFF,0xF4,0xBC,0xFF,
    0xBE,0xB0,0x91,0xFF,0x00,0x00,0x13,0xFF,0x8D,0x82,0x71,0xF1,0xFF,0xF7,0xC0,0xFA,0xF7,0xE5,0xB3,0xFF,0xFA,0xE7,0xB5,0xFF,
    0xFA,0xE8,0xB5,0xFF,0xFB,0xE8,0xB6,0xFF,0xFB,0xE8,0xB6,0xFF,0xFB,0xE8,0xB6,0xFF,0xFA,0xE8,0xB4,0xFF,0xFF,0xEC,0xB6,0xFF,
    0xF9,0xE6,0xB3,0xFF,0xFA,0xE7,0xB4,0xFF,0xFA,0xE7,0xB4,0xFF,0xFA,0xE7,0xB4,0xFF,0xFA,0xE7,0xB3,0xFF,0xFA,0xE7,0xB3,0xFF,
    0xF9,0xE6,0xB1,0xFF,0xFE,0xEB,0xB5,0xFF,0xEA,0xD8,0xA8,0xF8,0x21,0x18,0x29,0xFC,0x1A,0x0F,0x24,0xFF,0x1E,0x13,0x26,0xFF,
    0x16,0x11,0x25,0xFF,0xB1,0x2E,0x27,0xFF,0xE6,0x35,0x28,0xFF,0xD3,0x33,0x28,0xFF,0xD8,0x32,0x27,0xFF,0xD8,0x32,0x27,0xFF,
    0xE2,0x35,0x28,0xFF,0x97,0x29,0x28,0xFF,0x0D,0x0F,0x25,0xFF,0x1F,0x14,0x27,0xFE,0x0D,0x05,0x1C,0xFF,0x69,0x60,0x59,0xE7,
    0xFF,0xF8,0xC2,0xF5,0xFA,0xE6,0xB4,0xFF,0xFA,0xE7,0xB5,0xFF,0xFA,0xE7,0xB5,0xFF,0xFB,0xE8,0xB5,0xFF,0xFA,0xE7,0xB5,0xFF,
    0xFB,0xE7,0xB5,0xFF,0xFB,0xE7,0xB5,0xFF,0xFB,0xE8,0xB5,0xFF,0xF8,0xE5,0xB4,0xFF,0xFF,0xF6,0xBF,0xFF,0xBB,0xAC,0x8C,0xF0,
    0x11,0x07,0x1E,0xFE,0x1D,0x13,0x27,0xFF,0x1C,0x12,0x26,0xFF,0x18,0x0F,0x23,0xFF,0x20,0x18,0x27,0xFB,0xE4,0xD6,0xAA,0xF3,
    0xFF,0xEF,0xBB,0xFF,0xF9,0xE7,0xB4,0xFF,0xFB,0xE8,0xB4,0xFF,0xFB,0xE8,0xB4,0xFF,0xFB,0xE9,0xB5,0xFF,0xFB,0xE9,0xB5,0xFF,
    0xFB,0xE9,0xB5,0xFF,0xFA,0xE8,0xB4,0xFF,0xFA,0xE7,0xB4,0xFF,0xF9,0xE6,0xB2,0xFF,0xF8,0xE5,0xB1,0xFF,0xF7,0xE4,0xB0,0xFF,
    0xF6,0xE3,0xB0,0xFF,0xF6,0xE3,0xB0,0xFF,0xF7,0xE3,0xB0,0xFF,0xF8,0xE4,0xB1,0xFF,0xF8,0xE5,0xB1,0xFF,0xF8,0xE5,0xB2,0xFF,
    0xF9,0xE7,0xB4,0xFF,0xFA,0xE8,0xB4,0xFF,0xFA,0xE8,0xB4,0xFF,0xFB,0xE8,0xB5,0xFF,0xFA,0xE8,0xB4,0xFF,0xFA,0xE7,0xB3,0xFF,
    0xFA,0xE7,0xB3,0xFF,0xFA,0xE7,0xB2,0xFF,0xF6,0xE2,0xAF,0xFF,0xFE,0xEB,0xB5,0xFF,0xF7,0xE4,0xB2,0xF2,0x2F,0x26,0x32,0xF6,
    0x19,0x0E,0x22,0xFF,0x0D,0x11,0x25,0xFF,0x79,0x22,0x26,0xFE,0xE1,0x32,0x22,0xFD,0xCF,0x36,0x2A,0xFA,0xD5,0x7C,0x75,0x25,
    0x00,0x00,0x00,0x00,0xFF,0x7F,0x7F,0x02,0x00,0x00,0x00,0x00,0x00,0x00,0x00,0x00,0x00,0x00,0x00,0x00,0x00,0x00,0x00,0x00,
    0x00,0x00,0x00,0x00,0x00,0x00,0x00,0x00,0x00,0x00,0x00,0x00,0x00,0x00,0x00,0x00,0x00,0x00,0x00,0x00,0x00,0x00,0x00,0x00,
    0xBF,0x3F,0x3F,0x04,0x00,0x00,0x00,0x00,0xD4,0x51,0x48,0x77,0xE0,0x35,0x2A,0xFC,0xD3,0x30,0x25,0xFA,0xD3,0x31,0x28,0xFF,
    0xE0,0x34,0x29,0xFF,0x8E,0x24,0x24,0xFF,0x11,0x0F,0x23,0xFF,0x1E,0x12,0x26,0xFF,0x17,0x0E,0x23,0xFF,0x24,0x1B,0x2B,0xFF,
    0x8D,0x83,0x6F,0xFE,0xDA,0xCC,0xA0,0xF9,0xFF,0xED,0xB7,0xF5,0xFF,0xF8,0xC2,0xFA,0xFF,0xF8,0xC4,0xFC,0xFF,0xF4,0xBE,0xFF,
    0xFF,0xF0,0xB9,0xFF,0xFF,0xED,0xB7,0xFF,0xFC,0xE9,0xB5,0xFF,0xFC,0xE9,0xB5,0xFF,0xFB,0xE8,0xB5,0xFF,0xF8,0xE5,0xB3,0xFF,
    0xF8,0xE6,0xB3,0xFF,0xF8,0xE6,0xB4,0xFF,0xF7,0xE4,0xB3,0xFF,0xF9,0xE6,0xB4,0xFF,0xFA,0xE8,0xB4,0xFF,0xFA,0xE7,0xB3,0xFF,
    0xFB,0xE7,0xB4,0xFF,0xFB,0xE7,0xB3,0xFF,0xFA,0xE7,0xB3,0xFF,0xFB,0xE7,0xB3,0xFF,0xF7,0xE3,0xB1,0xFF,0xFE,0xF2,0xBD,0xFF,
    0xC6,0xB7,0x96,0xF0,0x09,0x02,0x15,0xFD,0xB4,0xA7,0x8A,0xF2,0xFF,0xF4,0xBE,0xFF,0xF7,0xE5,0xB1,0xFF,0xFB,0xE8,0xB5,0xFF,
    0xFB,0xE8,0xB5,0xFF,0xFA,0xE8,0xB5,0xFF,0xFA,0xE7,0xB4,0xFF,0xFB,0xE8,0xB5,0xFF,0xFB,0xEB,0xB8,0xFB,0x2F,0x26,0x34,0xFE,
    0x50,0x48,0x47,0xFD,0xFF,0xF4,0xBC,0xFD,0xF8,0xE4,0xB0,0xFF,0xFA,0xE7,0xB2,0xFF,0xFA,0xE7,0xB2,0xFF,0xFA,0xE7,0xB3,0xFF,
    0xFA,0xE7,0xB4,0xFF,0xFB,0xE8,0xB5,0xFF,0xFB,0xE8,0xB6,0xFF,0xF8,0xE6,0xB4,0xFF,0xFF,0xF3,0xBB,0xFF,0xDB,0xCC,0xA2,0xF5,
    0x0B,0x08,0x17,0xFC,0x99,0x8D,0x78,0xF8,0xFF,0xF7,0xC1,0xFD,0xF7,0xE5,0xB3,0xFF,0xFA,0xE7,0xB4,0xFF,0xFA,0xE7,0xB4,0xFF,
    0xFA,0xE8,0xB5,0xFF,0xF9,0xE7,0xB4,0xFF,0xFB,0xE8,0xB5,0xFF,0xF7,0xE7,0xB4,0xFA,0x3B,0x30,0x3A,0xFC,0x12,0x09,0x1F,0xFF,
    0x1C,0x12,0x25,0xFF,0x1B,0x11,0x25,0xFF,0x14,0x0B,0x1E,0xFE,0xC0,0xB2,0x90,0xED,0xFF,0xF4,0xBC,0xFD,0xF8,0xE4,0xB0,0xFF,
    0xFB,0xE8,0xB2,0xFF,0xFB,0xE7,0xB2,0xFF,0xFB,0xE8,0xB3,0xFF,0xFB,0xE7,0xB2,0xFF,0xF9,0xE6,0xB1,0xFF,0xFE,0xEC,0xB5,0xFF,
    0xED,0xDD,0xAC,0xF5,0x2B,0x23,0x30,0xFB,0x16,0x0D,0x22,0xFF,0x1E,0x15,0x28,0xFF,0x13,0x0A,0x20,0xFF,0x42,0x38,0x3D,0xFB,
    0xFB,0xEA,0xB5,0xFA,0xFA,0xE8,0xB4,0xFF,0xFA,0xE7,0xB3,0xFF,0xFA,0xE7,0xB4,0xFF,0xFA,0xE8,0xB4,0xFF,0xFA,0xE8,0xB4,0xFF,
    0xF8,0xE5,0xB3,0xFF,0xFF,0xF3,0xBB,0xFF,0xC8,0xB9,0x96,0xFD,0x01,0x00,0x13,0xFF,0xA8,0x9C,0x83,0xE8,0xFF,0xF6,0xBF,0xFF,
    0xF7,0xE5,0xB2,0xFF,0xFA,0xE8,0xB5,0xFF,0xFB,0xE8,0xB6,0xFF,0xFB,0xE9,0xB6,0xFF,0xFB,0xE8,0xB6,0xFF,0xFA,0xE8,0xB6,0xFF,
    0xFB,0xEA,0xB5,0xFF,0xB5,0xA8,0x87,0xF7,0xF8,0xE6,0xB4,0xFA,0xFC,0xE8,0xB5,0xFF,0xFA,0xE7,0xB4,0xFF,0xFA,0xE7,0xB4,0xFF,
    0xFA,0xE7,0xB4,0xFF,0xFA,0xE7,0xB3,0xFF,0xFA,0xE7,0xB2,0xFF,0xF8,0xE5,0xB0,0xFF,0xFF,0xF5,0xBC,0xFB,0xA0,0x92,0x7B,0xEA,
    0x0E,0x04,0x1C,0xFE,0x21,0x15,0x27,0xFF,0x13,0x11,0x26,0xFF,0x76,0x23,0x26,0xFF,0xE4,0x38,0x28,0xFF,0xDC,0x35,0x28,0xFF,
    0xC1,0x31,0x27,0xFF,0xAD,0x2B,0x25,0xFF,0xE0,0x34,0x29,0xFF,0xD8,0x33,0x28,0xFF,0x3B,0x16,0x25,0xFF,0x12,0x10,0x25,0xFF,
    0x1C,0x11,0x26,0xFF,0x1C,0x15,0x26,0xFD,0xDB,0xCB,0xA2,0xF9,0xFF,0xF0,0xBC,0xFF,0xF8,0xE6,0xB4,0xFF,0xFA,0xE8,0xB5,0xFF,
    0xFA,0xE7,0xB6,0xFF,0xFB,0xE8,0xB6,0xFF,0xFA,0xE7,0xB5,0xFF,0xFA,0xE7,0xB5,0xFF,0xF9,0xE6,0xB4,0xFF,0xFE,0xEE,0xBA,0xFF,
    0xED,0xDD,0xAF,0xF5,0x2D,0x23,0x30,0xFB,0x16,0x0C,0x22,0xFF,0x1D,0x13,0x26,0xFF,0x1C,0x12,0x26,0xFF,0x15,0x0B,0x21,0xFF,
    0x32,0x2A,0x33,0xF6,0xF8,0xE8,0xB5,0xED,0xFE,0xED,0xB9,0xFF,0xF9,0xE7,0xB4,0xFE,0xFB,0xE8,0xB5,0xFF,0xFB,0xE8,0xB4,0xFF,
    0xFB,0xE8,0xB5,0xFF,0xFB,0xE8,0xB6,0xFF,0xFB,0xE9,0xB5,0xFF,0xFA,0xE8,0xB4,0xFF,0xF8,0xE6,0xB3,0xFF,0xFE,0xEA,0xB6,0xFF,
    0xFF,0xEE,0xB8,0xFF,0xFF,0xF0,0xBA,0xFF,0xFF,0xF1,0xBB,0xFF,0xFF,0xF2,0xBC,0xFF,0xFF,0xF3,0xBC,0xFF,0xFF,0xF3,0xBC,0xFF,
    0xFF,0xF3,0xBC,0xFF,0xFF,0xF0,0xBA,0xFF,0xFB,0xE8,0xB5,0xFF,0xF9,0xE6,0xB4,0xFF,0xFA,0xE8,0xB5,0xFF,0xFA,0xE7,0xB5,0xFF,
    0xFA,0xE8,0xB4,0xFF,0xFA,0xE7,0xB4,0xFF,0xFA,0xE7,0xB4,0xFF,0xFA,0xE8,0xB4,0xFF,0xFA,0xE7,0xB3,0xFF,0xF6,0xE2,0xB0,0xFF,
    0xFF,0xF6,0xBF,0xFC,0x87,0x7A,0x6C,0xF7,0x0D,0x04,0x1B,0xFF,0x17,0x14,0x28,0xFF,0x34,0x17,0x25,0xFF,0xD2,0x2E,0x24,0xFB,
    0xDE,0x30,0x24,0xFF,0xD3,0x52,0x47,0x76,0x00,0x00,0x00,0x00,0xBF,0x3F,0x3F,0x04,0x00,0x00,0x00,0x00,0x00,0x00,0x00,0x00,
    0x00,0x00,0x00,0x00,0x00,0x00,0x00,0x00,0x00,0x00,0x00,0x00,0x00,0x00,0x00,0x00,0x00,0x00,0x00,0x00,0x00,0x00,0x00,0x00,
    0x00,0x00,0x00,0x00,0x00,0x00,0x00,0x00,0xFF,0x55,0x00,0x03,0x00,0x01,0x01,0x00,0xD1,0x4B,0x42,0xA9,0xE5,0x36,0x29,0xFF,
    0xC0,0x2E,0x25,0xFB,0x3F,0x17,0x24,0xFF,0x3D,0x18,0x26,0xFF,0x41,0x19,0x24,0xFF,0x1D,0x11,0x25,0xFF,0x19,0x10,0x25,0xFF,
    0x1D,0x12,0x26,0xFF,0x18,0x0E,0x24,0xFF,0x0D,0x03,0x1C,0xFF,0x1C,0x13,0x26,0xFC,0x40,0x37,0x3C,0xF8,0x6C,0x60,0x59,0xF5,
    0x99,0x8C,0x78,0xF5,0xBB,0xAD,0x8F,0xF4,0xD4,0xC4,0x9D,0xFF,0xE4,0xD5,0xA7,0xFA,0xF4,0xE3,0xB1,0xFF,0xFB,0xEA,0xB5,0xF8,
    0xFF,0xF0,0xBB,0xF8,0xFF,0xF6,0xBF,0xFF,0xFF,0xF6,0xBF,0xFC,0xFF,0xF7,0xBF,0xF9,0xFF,0xF8,0xC0,0xFE,0xFF,0xED,0xB8,0xFF,
    0xFA,0xE6,0xB3,0xFF,0xFA,0xE7,0xB3,0xFF,0xFB,0xE7,0xB4,0xFF,0xFB,0xE8,0xB4,0xFF,0xFB,0xE8,0xB5,0xFF,0xFB,0xE8,0xB5,0xFF,
    0xF8,0xE6,0xB3,0xFF,0xFF,0xF2,0xBB,0xFF,0xCD,0xBE,0x9A,0xEC,0x19,0x10,0x22,0xFC,0xD2,0xC3,0x9F,0xFA,0xFF,0xEF,0xBB,0xFF,
    0xF8,0xE6,0xB3,0xFF,0xFB,0xE8,0xB5,0xFF,0xFB,0xE8,0xB5,0xFF,0xFA,0xE8,0xB5,0xFF,0xF9,0xE7,0xB4,0xFF,0xFF,0xEC,0xB8,0xFF,
    0xED,0xDC,0xAD,0xF9,0x28,0x20,0x2F,0xFC,0x0C,0x06,0x1C,0xFF,0xC3,0xB5,0x91,0xFF,0xFF,0xF2,0xB9,0xFF,0xF7,0xE4,0xB0,0xFF,
    0xFA,0xE7,0xB3,0xFF,0xFA,0xE7,0xB3,0xFF,0xFA,0xE7,0xB4,0xFF,0xFA,0xE8,0xB4,0xFF,0xF9,0xE7,0xB5,0xFF,0xFB,0xEA,0xB7,0xFF,
    0xF5,0xE8,0xB5,0xFD,0x42,0x38,0x3F,0xFD,0x04,0x01,0x11,0xFF,0xB3,0xA6,0x89,0xE7,0xFF,0xF5,0xBF,0xFF,0xF7,0xE5,0xB2,0xFF,
    0xFA,0xE8,0xB4,0xFF,0xFA,0xE7,0xB4,0xFF,0xFA,0xE7,0xB4,0xFF,0xF9,0xE6,0xB3,0xFF,0xFF,0xEC,0xB7,0xFF,0xE8,0xD7,0xAC,0xFA,
    0x26,0x1D,0x2C,0xFC,0x15,0x0D,0x20,0xFF,0x1D,0x14,0x25,0xFE,0x08,0x00,0x16,0xFE,0x87,0x7B,0x6A,0xE5,0xFF,0xF8,0xBD,0xFB,
    0xF8,0xE5,0xB1,0xFF,0xFA,0xE7,0xB3,0xFF,0xFA,0xE7,0xB2,0xFF,0xFA,0xE7,0xB2,0xFF,0xFB,0xE7,0xB3,0xFF,0xFA,0xE7,0xB3,0xFF,
    0xF9,0xE4,0xB0,0xFF,0xFF,0xF0,0xB8,0xFC,0x74,0x69,0x60,0xF6,0x10,0x07,0x1E,0xFF,0x1F,0x17,0x28,0xFF,0x1E,0x15,0x27,0xFF,
    0x18,0x10,0x23,0xFF,0x3E,0x36,0x3A,0xFF,0xF6,0xE5,0xB2,0xFF,0xFB,0xE8,0xB5,0xFF,0xFA,0xE7,0xB4,0xFF,0xFA,0xE7,0xB4,0xFF,
    0xFA,0xE8,0xB4,0xFF,0xFB,0xE8,0xB4,0xFF,0xF8,0xE6,0xB3,0xFF,0xFF,0xF2,0xBB,0xFF,0xD0,0xC2,0x9A,0xEF,0x0C,0x08,0x1A,0xFC,
    0xC5,0xB8,0x98,0xF1,0xFF,0xF2,0xBC,0xFF,0xF8,0xE6,0xB3,0xFF,0xFA,0xE8,0xB5,0xFF,0xFB,0xE8,0xB6,0xFF,0xFB,0xE9,0xB6,0xFF,
    0xFB,0xE8,0xB6,0xFF,0xF9,0xE7,0xB4,0xFF,0xFF,0xF1,0xB9,0xFF,0x46,0x3F,0x42,0xFE,0xB2,0xA7,0x89,0xF7,0xFF,0xF6,0xBC,0xFF,
    0xF7,0xE4,0xB2,0xFF,0xFA,0xE7,0xB3,0xFF,0xFA,0xE6,0xB3,0xFF,0xFA,0xE7,0xB3,0xFF,0xFA,0xE7,0xB3,0xFF,0xFA,0xE7,0xB3,0xFF,
    0xFA,0xE7,0xB3,0xFF,0xFF,0xF4,0xBB,0xF8,0x5A,0x4F,0x4E,0xF5,0x10,0x06,0x1D,0xFF,0x1F,0x15,0x28,0xFF,0x10,0x10,0x23,0xFF,
    0xA2,0x2E,0x28,0xFF,0xE7,0x39,0x2A,0xFF,0xD4,0x35,0x29,0xFF,0x87,0x24,0x1F,0xFF,0xCC,0x30,0x29,0xFF,0xE5,0x33,0x28,0xFF,
    0x92,0x25,0x24,0xFF,0x0E,0x0F,0x24,0xFF,0x21,0x16,0x29,0xFF,0x0D,0x05,0x1E,0xFF,0x77,0x6E,0x62,0xFD,0xFF,0xF5,0xBF,0xFD,
    0xF7,0xE5,0xB3,0xFF,0xFA,0xE8,0xB5,0xFF,0xFA,0xE8,0xB6,0xFF,0xFA,0xE8,0xB6,0xFF,0xFA,0xE7,0xB5,0xFF,0xFA,0xE7,0xB4,0xFF,
    0xFA,0xE6,0xB3,0xFF,0xFF,0xF0,0xBB,0xF9,0x60,0x53,0x53,0xF3,0x0E,0x04,0x1D,0xFF,0x1F,0x15,0x28,0xFF,0x1B,0x11,0x25,0xFF,
    0x1D,0x13,0x26,0xFF,0x11,0x07,0x1D,0xFF,0x44,0x3C,0x3E,0xF5,0xFF,0xF1,0xBC,0xF9,0xFC,0xEA,0xB6,0xFF,0xFA,0xE8,0xB5,0xFF,
    0xFA,0xE8,0xB5,0xFF,0xFA,0xE8,0xB4,0xFF,0xFB,0xE8,0xB4,0xFF,0xFB,0xE9,0xB5,0xFF,0xFB,0xE8,0xB5,0xFF,0xFA,0xE9,0xB4,0xFF,
    0xFF,0xEF,0xBA,0xFF,0xEB,0xDC,0xAC,0xFA,0xD4,0xC4,0x9E,0xFD,0xC3,0xB4,0x92,0xFE,0xB7,0xAA,0x8B,0xFB,0xB1,0xA4,0x87,0xFA,
    0xAD,0x9F,0x83,0xF6,0xAD,0xA0,0x84,0xEF,0xB8,0xAC,0x8B,0xF3,0xD0,0xC1,0x9A,0xFF,0xF3,0xE2,0xB0,0xFE,0xFD,0xEB,0xB7,0xFF,
    0xF9,0xE7,0xB4,0xFF,0xFA,0xE7,0xB4,0xFF,0xFA,0xE7,0xB4,0xFF,0xFB,0xE8,0xB5,0xFF,0xFA,0xE8,0xB5,0xFF,0xF9,0xE8,0xB4,0xFF,
    0xFA,0xE7,0xB4,0xFF,0xF7,0xE4,0xB2,0xFF,0xFE,0xF3,0xBB,0xFF,0xB3,0xA5,0x89,0xFA,0x0E,0x06,0x1E,0xFF,0x1D,0x14,0x26,0xFF,
    0x17,0x12,0x22,0xFF,0xB2,0x29,0x22,0xFD,0xE1,0x2D,0x21,0xFF,0xBA,0x37,0x31,0xCD,0x55,0xFF,0xFF,0x03,0x7F,0x00,0x00,0x02,
    0x00,0x00,0x00,0x00,0x00,0x00,0x00,0x00,0x00,0x00,0x00,0x00,0x00,0x00,0x00,0x00,0x00,0x00,0x00,0x00,0x00,0x00,0x00,0x00,
    0x00,0x00,0x00,0x00,0x00,0x00,0x00,0x00,0x00,0x00,0x00,0x00,0x00,0x00,0x00,0x00,0x00,0x00,0x00,0x00,0x01,0x06,0x06,0x00,
    0xD2,0x43,0x38,0xD5,0xE5,0x34,0x26,0xFF,0xA2,0x28,0x24,0xFD,0x0C,0x0E,0x25,0xFF,0x15,0x11,0x25,0xFF,0x14,0x11,0x27,0xFE,
    0x1D,0x14,0x28,0xFF,0x1E,0x14,0x27,0xFF,0x1E,0x14,0x27,0xFE,0x1F,0x15,0x28,0xFF,0x22,0x18,0x2A,0xFF,0x1D,0x13,0x28,0xFF,
    0x15,0x0B,0x23,0xFF,0x10,0x06,0x1E,0xFF,0x0F,0x06,0x1D,0xFF,0x13,0x0A,0x21,0xFF,0x1D,0x13,0x27,0xFF,0x26,0x1D,0x2E,0xFE,
    0x37,0x2C,0x39,0xFF,0x3E,0x35,0x3E,0xF9,0x4D,0x43,0x48,0xF9,0x61,0x56,0x55,0xFF,0x69,0x5F,0x5B,0xF8,0x74,0x68,0x62,0xF1,
    0x8E,0x83,0x70,0xFD,0xE2,0xD2,0xA7,0xF7,0xFD,0xEB,0xB8,0xFF,0xF9,0xE6,0xB3,0xFF,0xFB,0xE7,0xB5,0xFF,0xFB,0xE8,0xB5,0xFF,
    0xFB,0xE8,0xB5,0xFF,0xFB,0xE8,0xB5,0xFF,0xF9,0xE6,0xB4,0xFF,0xFF,0xF4,0xBE,0xFF,0xCA,0xBA,0x99,0xEC,0x25,0x1E,0x2B,0xFB,
    0xE7,0xD8,0xAC,0xF9,0xFE,0xEC,0xB8,0xFF,0xF9,0xE6,0xB3,0xFF,0xFB,0xE8,0xB4,0xFF,0xFB,0xE8,0xB5,0xFF,0xFB,0xE8,0xB5,0xFF,
    0xF9,0xE7,0xB4,0xFF,0xFF,0xEF,0xBA,0xFF,0xDA,0xCC,0xA1,0xFB,0x1E,0x15,0x27,0xFF,0x0C,0x04,0x1B,0xFF,0x4F,0x47,0x47,0xFB,
    0xFF,0xF0,0xBB,0xF8,0xFA,0xE7,0xB2,0xFF,0xFA,0xE7,0xB3,0xFF,0xFA,0xE7,0xB3,0xFF,0xFA,0xE8,0xB3,0xFF,0xFA,0xE7,0xB4,0xFF,
    0xF8,0xE5,0xB3,0xFF,0xFF,0xF4,0xBC,0xFB,0x6C,0x60,0x59,0xF9,0x0C,0x03,0x1A,0xFF,0x19,0x11,0x21,0xFE,0xD1,0xC1,0x9C,0xF4,
    0xFF,0xF1,0xBC,0xFF,0xF9,0xE6,0xB3,0xFF,0xFB,0xE8,0xB4,0xFF,0xFA,0xE7,0xB4,0xFF,0xFA,0xE7,0xB4,0xFF,0xF8,0xE5,0xB2,0xFF,
    0xFF,0xF0,0xBA,0xFF,0xCF,0xBF,0x9C,0xF5,0x17,0x0E,0x21,0xFE,0x1D,0x13,0x25,0xFF,0x0C,0x04,0x1A,0xFF,0x5C,0x51,0x4C,0xF1,
    0xFF,0xF3,0xBB,0xF2,0xFA,0xE8,0xB3,0xFF,0xFA,0xE7,0xB2,0xFF,0xFB,0xE8,0xB3,0xFF,0xFA,0xE7,0xB3,0xFF,0xFA,0xE7,0xB3,0xFF,
    0xFA,0xE7,0xB3,0xFF,0xFA,0xE7,0xB2,0xFF,0xFB,0xE7,0xB1,0xFF,0xF9,0xE4,0xB0,0xFF,0xDB,0xCA,0x9F,0xFF,0xDD,0xCB,0xA0,0xFF,
    0xD9,0xC7,0x9F,0xFF,0xD9,0xC8,0xA0,0xFF,0xDC,0xCB,0xA1,0xFF,0xE1,0xD0,0xA4,0xFF,0xF9,0xE6,0xB3,0xFF,0xFA,0xE8,0xB4,0xFF,
    0xFA,0xE7,0xB4,0xFF,0xFA,0xE7,0xB4,0xFF,0xFA,0xE7,0xB4,0xFF,0xFA,0xE8,0xB4,0xFF,0xF9,0xE6,0xB3,0xFF,0xFF,0xEF,0xB9,0xFF,
    0xDA,0xCB,0xA2,0xF7,0x1A,0x16,0x22,0xF8,0xDA,0xCA,0xA4,0xEC,0xFF,0xF1,0xBB,0xFF,0xF8,0xE6,0xB3,0xFE,0xFA,0xE8,0xB4,0xFF,
    0xFB,0xE8,0xB5,0xFF,0xFB,0xE8,0xB6,0xFF,0xFA,0xE8,0xB6,0xFF,0xFC,0xE9,0xB6,0xFF,0xF8,0xE7,0xB3,0xFF,0x34,0x2A,0x34,0xFF,
    0x36,0x2F,0x39,0xF6,0xFA,0xEC,0xB7,0xF2,0xFB,0xE8,0xB3,0xFF,0xF9,0xE6,0xB2,0xFF,0xFA,0xE6,0xB2,0xFF,0xFA,0xE7,0xB2,0xFF,
    0xFA,0xE7,0xB3,0xFF,0xFA,0xE7,0xB3,0xFF,0xF8,0xE5,0xB1,0xFF,0xFE,0xEE,0xB7,0xFF,0xE6,0xD5,0xA7,0xF2,0x22,0x19,0x28,0xF9,
    0x1A,0x0F,0x22,0xFF,0x16,0x12,0x24,0xFF,0x2B,0x15,0x24,0xFF,0xCE,0x36,0x2A,0xFF,0xE3,0x37,0x29,0xFF,0xBB,0x2C,0x23,0xFF,
    0xAC,0x28,0x23,0xFF,0xDD,0x32,0x28,0xFF,0xD1,0x2F,0x24,0xFF,0x35,0x15,0x25,0xFF,0x18,0x15,0x29,0xFF,0x10,0x07,0x1F,0xFF,
    0x68,0x60,0x59,0xFC,0xFF,0xF4,0xBE,0xFD,0xF8,0xE5,0xB3,0xFF,0xFA,0xE7,0xB5,0xFF,0xFA,0xE8,0xB6,0xFF,0xFA,0xE8,0xB5,0xFF,
    0xFB,0xE7,0xB4,0xFF,0xF9,0xE5,0xB2,0xFF,0xFF,0xF0,0xB9,0xFF,0xCD,0xBA,0x97,0xFB,0x14,0x0A,0x20,0xFF,0x1D,0x13,0x25,0xFF,
    0x1B,0x11,0x25,0xFF,0x1B,0x11,0x25,0xFF,0x1D,0x13,0x26,0xFE,0x10,0x07,0x1C,0xFF,0x52,0x4B,0x47,0xE7,0xFF,0xF7,0xC0,0xEF,
    0xFC,0xEB,0xB6,0xFF,0xFA,0xE8,0xB5,0xFE,0xFB,0xE8,0xB4,0xFF,0xFA,0xE8,0xB4,0xFF,0xFB,0xE8,0xB4,0xFF,0xFB,0xE8,0xB4,0xFF,
    0xF9,0xE7,0xB4,0xFF,0xFF,0xF4,0xBC,0xFC,0xA6,0x98,0x7F,0xF4,0x23,0x1A,0x29,0xFD,0x1C,0x13,0x25,0xFE,0x14,0x0A,0x1F,0xFF,
    0x10,0x07,0x1D,0xFF,0x0F,0x06,0x1C,0xFF,0x0E,0x05,0x1C,0xFF,0x0F,0x06,0x1D,0xFF,0x13,0x0A,0x20,0xFF,0x13,0x0A,0x1F,0xFF,
    0x52,0x48,0x46,0xF7,0xFA,0xEA,0xB7,0xF3,0xFB,0xE9,0xB6,0xFF,0xF9,0xE6,0xB4,0xFF,0xFA,0xE7,0xB4,0xFF,0xFB,0xE8,0xB5,0xFF,
    0xFB,0xE8,0xB5,0xFF,0xFA,0xE8,0xB5,0xFF,0xFA,0xE8,0xB5,0xFF,0xF7,0xE5,0xB2,0xFF,0xFF,0xF3,0xBC,0xFF,0xC0,0xB2,0x92,0xE7,
    0x12,0x09,0x20,0xFE,0x1E,0x13,0x26,0xFF,0x0F,0x10,0x22,0xFF,0x98,0x24,0x22,0xFF,0xE1,0x2C,0x1F,0xFE,0xA8,0x30,0x2B,0xFD,
    0x36,0x61,0x73,0x2A,0x00,0x00,0x00,0x00,0x7F,0x7F,0x7F,0x02,0x00,0x00,0x00,0x00,0x00,0x00,0x00,0x00,0x00,0x00,0x00,0x00,
    0x00,0x00,0x00,0x00,0x00,0x00,0x00,0x00,0x00,0x00,0x00,0x00,0x00,0x00,0x00,0x00,0x00,0x00,0x00,0x00,0xFF,0x7F,0x7F,0x02,
    0x00,0x00,0x00,0x00,0xD9,0x8D,0x84,0x1B,0xD2,0x3A,0x30,0xF6,0xE4,0x32,0x24,0xFF,0x7F,0x23,0x25,0xFE,0x0F,0x0F,0x25,0xFF,
    0x21,0x15,0x26,0xFF,0x17,0x0D,0x22,0xFF,0x0A,0x01,0x19,0xFF,0x0B,0x03,0x1A,0xFF,0x0E,0x05,0x1D,0xFF,0x0C,0x03,0x1B,0xFF,
    0x0C,0x02,0x1B,0xFF,0x0F,0x05,0x1E,0xFF,0x15,0x0A,0x21,0xFF,0x15,0x0B,0x22,0xFF,0x16,0x0C,0x23,0xFF,0x17,0x0D,0x23,0xFF,
    0x15,0x0A,0x22,0xFF,0x12,0x07,0x20,0xFF,0x0D,0x04,0x1E,0xFF,0x0C,0x03,0x1D,0xFF,0x08,0x00,0x1B,0xFF,0x04,0x00,0x18,0xFF,
    0x01,0x00,0x17,0xFF,0x00,0x00,0x16,0xFF,0x00,0x00,0x0C,0xFF,0xBB,0xAE,0x8F,0xF4,0xFF,0xF3,0xBD,0xFF,0xF8,0xE5,0xB3,0xFF,
    0xFB,0xE8,0xB5,0xFF,0xFB,0xE8,0xB5,0xFF,0xFB,0xE8,0xB4,0xFF,0xFB,0xE8,0xB5,0xFF,0xF8,0xE5,0xB5,0xFF,0xFF,0xF5,0xC1,0xFE,
    0xB1,0xA3,0x8A,0xF6,0x2F,0x28,0x31,0xF7,0xFB,0xEA,0xB8,0xF6,0xFC,0xE9,0xB7,0xFF,0xF9,0xE7,0xB4,0xFF,0xFB,0xE8,0xB4,0xFF,
    0xFB,0xE8,0xB5,0xFF,0xFB,0xE9,0xB5,0xFF,0xF8,0xE6,0xB4,0xFF,0xFF,0xF4,0xBD,0xFF,0xC1,0xB3,0x91,0xFB,0x0E,0x06,0x1C,0xFE,
    0x1D,0x13,0x26,0xFF,0x0D,0x05,0x1B,0xFD,0xB7,0xAA,0x8C,0xF3,0xFF,0xF4,0xBD,0xFF,0xF7,0xE5,0xB1,0xFF,0xFB,0xE8,0xB4,0xFF,
    0xFB,0xE8,0xB4,0xFF,0xF7,0xE4,0xB2,0xFF,0xFF,0xF7,0xBE,0xFF,0xA0,0x92,0x7A,0xFA,0x0A,0x02,0x1A,0xFF,0x1B,0x11,0x24,0xFF,
    0x24,0x1D,0x2A,0xFB,0xE7,0xD7,0xAE,0xF3,0xFF,0xEE,0xBA,0xFF,0xF9,0xE7,0xB4,0xFE,0xFB,0xE8,0xB4,0xFF,0xFB,0xE8,0xB4,0xFF,
    0xFA,0xE8,0xB4,0xFF,0xF8,0xE5,0xB2,0xFF,0xFF,0xF3,0xBD,0xFF,0xB5,0xA7,0x8C,0xF8,0x11,0x08,0x1E,0xFE,0x15,0x0C,0x1F,0xFF,
    0x33,0x2B,0x33,0xF6,0xF4,0xE4,0xB1,0xF7,0xFE,0xEC,0xB6,0xFF,0xF9,0xE6,0xB2,0xFF,0xFB,0xE8,0xB3,0xFF,0xFB,0xE8,0xB3,0xFF,
    0xFB,0xE8,0xB3,0xFF,0xFB,0xE8,0xB3,0xFF,0xFA,0xE7,0xB2,0xFF,0xFA,0xE7,0xB1,0xFF,0xFA,0xE7,0xB1,0xFF,0xFB,0xE7,0xB1,0xFF,
    0xFF,0xEE,0xB5,0xFF,0xFF,0xED,0xB5,0xFF,0xFF,0xED,0xB6,0xFF,0xFF,0xED,0xB7,0xFF,0xFF,0xEE,0xB7,0xFF,0xFF,0xED,0xB7,0xFF,
    0xFB,0xE7,0xB4,0xFF,0xFA,0xE7,0xB4,0xFF,0xFA,0xE7,0xB4,0xFF,0xFA,0xE7,0xB4,0xFF,0xFA,0xE7,0xB4,0xFF,0xFA,0xE7,0xB4,0xFF,
    0xF9,0xE7,0xB3,0xFF,0xFF,0xED,0xB7,0xFF,0xE4,0xD3,0xA8,0xFF,0x34,0x2E,0x35,0xFE,0xE9,0xD7,0xAD,0xF7,0xFE,0xEB,0xB7,0xFF,
    0xF9,0xE6,0xB3,0xFF,0xFA,0xE7,0xB4,0xFF,0xFB,0xE8,0xB5,0xFF,0xFB,0xE8,0xB5,0xFF,0xFA,0xE7,0xB4,0xFF,0xFF,0xED,0xB9,0xFF,
    0xE4,0xD4,0xA7,0xFE,0x2B,0x20,0x2F,0xFF,0x09,0x01,0x19,0xFF,0x99,0x8D,0x77,0xF3,0xFF,0xF4,0xBC,0xFE,0xF6,0xE2,0xAF,0xFF,
    0xFA,0xE7,0xB1,0xFF,0xFA,0xE7,0xB2,0xFF,0xFA,0xE7,0xB2,0xFF,0xFA,0xE7,0xB3,0xFF,0xFA,0xE7,0xB3,0xFF,0xF7,0xE4,0xB0,0xFF,
    0xFF,0xF5,0xBD,0xFC,0xA5,0x96,0x7D,0xE8,0x0D,0x05,0x1A,0xFE,0x21,0x15,0x26,0xFF,0x0C,0x0F,0x24,0xFF,0x59,0x1E,0x25,0xFF,
    0xE2,0x35,0x27,0xFF,0xD5,0x31,0x26,0xFF,0xCD,0x2E,0x25,0xFF,0xD9,0x31,0x27,0xFF,0xD1,0x31,0x26,0xFF,0x32,0x15,0x27,0xFF,
    0x19,0x15,0x29,0xFF,0x0D,0x05,0x1D,0xFF,0x82,0x78,0x6A,0xFD,0xFF,0xF6,0xBF,0xFF,0xF7,0xE4,0xB2,0xFF,0xFA,0xE7,0xB4,0xFF,
    0xFA,0xE8,0xB5,0xFF,0xFA,0xE8,0xB5,0xFF,0xFB,0xE8,0xB4,0xFF,0xF8,0xE5,0xB2,0xFF,0xFF,0xF4,0xBC,0xFF,0xAE,0x9E,0x83,0xF8,
    0x0F,0x06,0x1D,0xFF,0x1E,0x14,0x26,0xFF,0x18,0x11,0x24,0xFF,0x1D,0x11,0x24,0xFF,0x1E,0x14,0x26,0xFF,0x0A,0x01,0x18,0xFF,
    0x73,0x6A,0x5F,0xFB,0xFF,0xF9,0xC2,0xFC,0xF9,0xE7,0xB3,0xFF,0xFB,0xE9,0xB4,0xFF,0xFB,0xE8,0xB4,0xFF,0xFB,0xE8,0xB4,0xFF,
    0xFB,0xE8,0xB4,0xFF,0xFB,0xE8,0xB4,0xFF,0xF8,0xE6,0xB3,0xFF,0xFF,0xF7,0xBE,0xFD,0x59,0x4F,0x4E,0xFB,0x0B,0x02,0x1C,0xFF,
    0x21,0x16,0x29,0xFF,0x1F,0x14,0x28,0xFF,0x1E,0x14,0x28,0xFF,0x1F,0x15,0x28,0xFF,0x1F,0x15,0x29,0xFF,0x20,0x15,0x29,0xFF,
    0x21,0x16,0x2A,0xFF,0x1D,0x11,0x27,0xFF,0x25,0x1B,0x28,0xFA,0xEB,0xDA,0xAC,0xF6,0xFF,0xEB,0xB8,0xFF,0xF9,0xE6,0xB3,0xFF,
    0xFA,0xE7,0xB4,0xFF,0xFA,0xE7,0xB5,0xFF,0xFB,0xE8,0xB5,0xFF,0xFB,0xE9,0xB6,0xFF,0xFB,0xE8,0xB5,0xFF,0xF8,0xE6,0xB3,0xFF,
    0xFF,0xF4,0xBD,0xFF,0xBD,0xAE,0x90,0xF5,0x10,0x08,0x1F,0xFE,0x1F,0x14,0x27,0xFF,0x0E,0x0F,0x23,0xFF,0x8D,0x23,0x22,0xFF,
    0xE0,0x2D,0x20,0xFC,0xBC,0x2F,0x28,0xFF,0x56,0x3E,0x4B,0x5E,0x00,0x00,0x00,0x00,0x7F,0x3F,0x3F,0x04,0x00,0x00,0x00,0x00,
    0x00,0x00,0x00,0x00,0x00,0x00,0x00,0x00,0x00,0x00,0x00,0x00,0x00,0x00,0x00,0x00,0x00,0x00,0x00,0x00,0x00,0x00,0x00,0x00,
    0x00,0x00,0x00,0x00,0xAA,0x55,0x55,0x03,0x00,0x00,0x00,0x00,0xD6,0x67,0x60,0x45,0xDE,0x3A,0x2F,0xFF,0xE3,0x33,0x26,0xFC,
    0x5F,0x1E,0x26,0xFF,0x11,0x12,0x26,0xFF,0x17,0x0C,0x20,0xFF,0x5B,0x52,0x51,0xEF,0x9C,0x94,0x7D,0xFE,0x8B,0x80,0x6E,0xF8,
    0x79,0x6D,0x62,0xE9,0x74,0x69,0x5E,0xFA,0x6D,0x63,0x5B,0xFF,0x61,0x56,0x51,0xF9,0x49,0x3E,0x42,0xF0,0x46,0x3D,0x41,0xFD,
    0x3F,0x36,0x3D,0xFF,0x3C,0x33,0x3B,0xFF,0x3B,0x32,0x3A,0xFF,0x39,0x30,0x39,0xFF,0x3C,0x33,0x3B,0xFF,0x40,0x37,0x3E,0xFF,
    0x44,0x3B,0x41,0xFF,0x48,0x3F,0x43,0xFA,0x5D,0x53,0x50,0xF8,0x77,0x6B,0x61,0xFD,0xAB,0x9F,0x84,0xFB,0xF8,0xE7,0xB5,0xFC,
    0xFB,0xE9,0xB6,0xFF,0xFA,0xE7,0xB4,0xFF,0xFB,0xE8,0xB5,0xFF,0xFB,0xE8,0xB5,0xFF,0xFB,0xE8,0xB5,0xFF,0xFB,0xE8,0xB4,0xFF,
    0xF7,0xE5,0xB4,0xFF,0xFF,0xF8,0xC3,0xFD,0x82,0x77,0x6C,0xF5,0x43,0x3B,0x3F,0xF8,0xFF,0xF4,0xC0,0xF5,0xFA,0xE7,0xB6,0xFF,
    0xF9,0xE7,0xB4,0xFF,0xFA,0xE8,0xB4,0xFF,0xFB,0xE8,0xB5,0xFF,0xFB,0xE8,0xB5,0xFF,0xF8,0xE5,0xB4,0xFF,0xFF,0xF6,0xBE,0xFE,
    0xA8,0x9D,0x81,0xFA,0x0B,0x02,0x1A,0xFF,0x1E,0x15,0x26,0xFF,0x10,0x07,0x1D,0xFF,0x43,0x3B,0x3F,0xF9,0xFC,0xEF,0xBA,0xF8,
    0xFB,0xE9,0xB4,0xFF,0xFA,0xE8,0xB3,0xFF,0xF8,0xE5,0xB1,0xFF,0xFF,0xF0,0xB9,0xFE,0xD7,0xC9,0x9E,0xF6,0x1D,0x14,0x25,0xFF,
    0x1A,0x11,0x24,0xFF,0x14,0x0B,0x1F,0xFF,0x38,0x30,0x37,0xFC,0xF8,0xE7,0xB8,0xFC,0xFC,0xE9,0xB6,0xFF,0xFA,0xE8,0xB5,0xFF,
    0xFB,0xE8,0xB5,0xFF,0xFA,0xE8,0xB4,0xFF,0xFA,0xE7,0xB4,0xFF,0xF7,0xE4,0xB2,0xFF,0xFF,0xF5,0xBF,0xFD,0x98,0x8A,0x77,0xF1,
    0x0C,0x05,0x1A,0xFF,0x1A,0x13,0x22,0xFC,0xD0,0xC1,0x9B,0xEF,0xFF,0xF0,0xBA,0xFE,0xF8,0xE5,0xB2,0xFF,0xFB,0xE8,0xB4,0xFF,
    0xFB,0xE8,0xB4,0xFF,0xFB,0xE8,0xB3,0xFF,0xFB,0xE7,0xB2,0xFF,0xFA,0xE7,0xB2,0xFF,0xFA,0xE7,0xB1,0xFF,0xFA,0xE7,0xB1,0xFF,
    0xFA,0xE7,0xB1,0xFF,0xFB,0xE7,0xB1,0xFF,0xF9,0xE6,0xB1,0xFF,0xF9,0xE5,0xB0,0xFF,0xF9,0xE5,0xB1,0xFF,0xF9,0xE5,0xB2,0xFF,
    0xF9,0xE5,0xB2,0xFF,0xF9,0xE6,0xB3,0xFF,0xFA,0xE7,0xB5,0xFF,0xFA,0xE7,0xB4,0xFF,0xFA,0xE7,0xB4,0xFF,0xFA,0xE7,0xB4,0xFF,
    0xFA,0xE7,0xB5,0xFF,0xFA,0xE8,0xB4,0xFF,0xF9,0xE6,0xB3,0xFF,0xFF,0xEE,0xB8,0xFF,0xE6,0xD4,0xA8,0xF6,0x4A,0x46,0x43,0xF4,
    0xF4,0xE3,0xB4,0xFB,0xFC,0xE8,0xB5,0xFF,0xF9,0xE6,0xB3,0xFF,0xFA,0xE7,0xB4,0xFF,0xFB,0xE8,0xB5,0xFF,0xFB,0xE8,0xB5,0xFF,
    0xF8,0xE6,0xB4,0xFF,0xFF,0xF1,0xBB,0xFF,0xCE,0xBF,0x9B,0xF8,0x18,0x0F,0x24,0xFE,0x17,0x0E,0x22,0xFF,0x2E,0x27,0x31,0xFF,
    0xEC,0xDB,0xAA,0xFF,0xFB,0xE8,0xB3,0xFF,0xF8,0xE5,0xB1,0xFF,0xFA,0xE7,0xB2,0xFF,0xFA,0xE7,0xB3,0xFF,0xFA,0xE7,0xB3,0xFF,
    0xFA,0xE7,0xB3,0xFF,0xFA,0xE6,0xB2,0xFF,0xF8,0xE5,0xB2,0xFF,0xFF,0xF4,0xBD,0xF7,0x60,0x56,0x52,0xF3,0x0E,0x06,0x1C,0xFF,
    0x20,0x15,0x26,0xFE,0x0C,0x0F,0x22,0xFF,0x93,0x25,0x25,0xFF,0xE6,0x32,0x26,0xFF,0xD6,0x30,0x27,0xFF,0xDF,0x32,0x27,0xFF,
    0xC6,0x2F,0x26,0xFF,0x22,0x13,0x26,0xFF,0x1D,0x15,0x29,0xFF,0x0D,0x05,0x1D,0xFF,0x90,0x85,0x72,0xF4,0xFF,0xF5,0xC0,0xFD,
    0xF7,0xE4,0xB2,0xFF,0xFA,0xE7,0xB4,0xFF,0xFA,0xE7,0xB5,0xFF,0xFA,0xE7,0xB5,0xFF,0xFA,0xE8,0xB5,0xFF,0xF7,0xE4,0xB2,0xFF,
    0xFF,0xF7,0xBE,0xFF,0x9D,0x90,0x79,0xFF,0x0C,0x02,0x1B,0xFF,0x17,0x14,0x27,0xFF,0x37,0x16,0x24,0xFF,0x55,0x19,0x27,0xFF,
    0x15,0x13,0x26,0xFF,0x0B,0x00,0x16,0xFF,0x7C,0x71,0x64,0xFF,0xFF,0xFA,0xC2,0xFF,0xF8,0xE6,0xB2,0xFF,0xFB,0xE8,0xB4,0xFF,
    0xFB,0xE8,0xB4,0xFF,0xFA,0xE8,0xB3,0xFF,0xFB,0xE8,0xB4,0xFF,0xFB,0xE8,0xB4,0xFF,0xF8,0xE5,0xB2,0xFF,0xFF,0xF6,0xBE,0xFF,
    0x57,0x4D,0x4D,0xFF,0x00,0x00,0x11,0xFF,0x12,0x09,0x1F,0xFF,0x0F,0x05,0x1D,0xFF,0x10,0x06,0x1D,0xFF,0x10,0x07,0x1E,0xFF,
    0x10,0x06,0x1E,0xFF,0x0F,0x05,0x1D,0xFF,0x10,0x06,0x1E,0xFF,0x03,0x00,0x15,0xFF,0x3A,0x32,0x38,0xF8,0xFA,0xEA,0xB7,0xF7,
    0xFB,0xE8,0xB4,0xFF,0xF9,0xE7,0xB3,0xFF,0xFA,0xE7,0xB4,0xFF,0xFA,0xE8,0xB5,0xFF,0xFB,0xE8,0xB5,0xFF,0xFB,0xE8,0xB5,0xFF,
    0xFB,0xE8,0xB4,0xFF,0xF8,0xE5,0xB2,0xFF,0xFF,0xF5,0xBD,0xFE,0xAB,0x9B,0x84,0xFC,0x0D,0x05,0x1D,0xFF,0x1F,0x15,0x27,0xFF,
    0x0F,0x10,0x24,0xFF,0x93,0x26,0x23,0xFF,0xDE,0x2F,0x22,0xFB,0xD0,0x2F,0x27,0xFF,0x99,0x41,0x47,0x80,0x00,0x00,0x00,0x00,
    0x7F,0x3F,0x3F,0x04,0x00,0x00,0x00,0x00,0x00,0x00,0x00,0x00,0x00,0x00,0x00,0x00,0x00,0x00,0x00,0x00,0x00,0x00,0x00,0x00,
    0x00,0x00,0x00,0x00,0x00,0x00,0x00,0x00,0x00,0x00,0x00,0x00,0xFF,0x3F,0x3F,0x04,0x00,0x00,0x00,0x00,0xD7,0x58,0x4F,0x73,
    0xE6,0x3A,0x2D,0xFF,0xDD,0x33,0x27,0xFB,0x42,0x19,0x26,0xFF,0x15,0x13,0x26,0xFF,0x11,0x08,0x1C,0xFF,0xB3,0xA4,0x8A,0xE8,
    0xFF,0xFF,0xC8,0xFD,0xFF,0xF3,0xBC,0xFD,0xFF,0xF6,0xBE,0xF9,0xFF,0xF4,0xBD,0xFE,0xFF,0xF6,0xC0,0xFF,0xFF,0xF3,0xBE,0xFA,
    0xFF,0xEF,0xBB,0xF3,0xFC,0xEA,0xB7,0xFE,0xF9,0xE8,0xB5,0xFF,0xF7,0xE7,0xB5,0xFF,0xF7,0xE6,0xB5,0xFF,0xF5,0xE5,0xB4,0xFF,
    0xF6,0xE6,0xB5,0xFF,0xF8,0xE8,0xB7,0xFF,0xFB,0xEA,0xB7,0xFF,0xFD,0xEC,0xB7,0xFB,0xFF,0xF1,0xBA,0xFA,0xFF,0xF5,0xBC,0xFF,
    0xFF,0xF3,0xBB,0xFF,0xFB,0xE8,0xB4,0xFF,0xFA,0xE7,0xB4,0xFF,0xFB,0xE8,0xB5,0xFF,0xFB,0xE8,0xB5,0xFF,0xFB,0xE8,0xB5,0xFF,
    0xFB,0xE8,0xB5,0xFF,0xFB,0xE7,0xB4,0xFF,0xFA,0xE7,0xB4,0xFF,0xFF,0xF5,0xC0,0xF8,0x47,0x3E,0x45,0xF8,0x62,0x58,0x55,0xFC,
    0xFF,0xF7,0xC0,0xFE,0xF7,0xE4,0xB3,0xFF,0xFA,0xE7,0xB5,0xFF,0xFA,0xE7,0xB4,0xFF,0xFA,0xE8,0xB5,0xFF,0xFB,0xE9,0xB5,0xFF,
    0xF7,0xE5,0xB3,0xFF,0xFF,0xF8,0xBF,0xFF,0x8F,0x83,0x70,0xFC,0x09,0x00,0x1A,0xFF,0x1D,0x14,0x25,0xFF,0x1C,0x13,0x25,0xFF,
    0x0C,0x05,0x1A,0xFE,0xAB,0x9D,0x83,0xEF,0xFF,0xF6,0xBE,0xFE,0xF8,0xE5,0xB1,0xFF,0xFC,0xEA,0xB4,0xFF,0xF9,0xEB,0xB5,0xFC,
    0x42,0x38,0x3E,0xF9,0x12,0x07,0x1E,0xFF,0x1F,0x16,0x27,0xFF,0x10,0x07,0x1C,0xFF,0x4C,0x44,0x44,0xFA,0xFD,0xEF,0xBC,0xF9,
    0xFA,0xE7,0xB4,0xFF,0xFA,0xE8,0xB4,0xFF,0xFA,0xE8,0xB5,0xFF,0xFA,0xE8,0xB4,0xFF,0xFA,0xE8,0xB4,0xFF,0xF7,0xE5,0xB2,0xFF,
    0xFF,0xF6,0xBF,0xFD,0x82,0x76,0x68,0xFA,0x00,0x00,0x0E,0xFF,0xA1,0x94,0x7C,0xEF,0xFF,0xF5,0xBF,0xFD,0xF7,0xE3,0xB2,0xFF,
    0xFA,0xE7,0xB4,0xFF,0xFB,0xE8,0xB5,0xFF,0xFB,0xE8,0xB4,0xFF,0xFB,0xE8,0xB4,0xFF,0xFB,0xE7,0xB2,0xFF,0xFA,0xE7,0xB1,0xFF,
    0xFA,0xE7,0xB2,0xFF,0xF9,0xE7,0xB1,0xFF,0xFA,0xE7,0xB1,0xFF,0xFA,0xE7,0xB1,0xFF,0xFA,0xE7,0xB2,0xFF,0xFA,0xE7,0xB2,0xFF,
    0xFA,0xE7,0xB3,0xFF,0xFA,0xE7,0xB2,0xFF,0xFA,0xE7,0xB3,0xFF,0xFA,0xE7,0xB3,0xFF,0xFA,0xE7,0xB4,0xFF,0xFA,0xE7,0xB4,0xFF,
    0xFA,0xE7,0xB3,0xFF,0xFA,0xE7,0xB4,0xFF,0xFA,0xE7,0xB4,0xFF,0xFA,0xE8,0xB4,0xFF,0xF9,0xE6,0xB3,0xFF,0xFF,0xEC,0xB7,0xFF,
    0xEC,0xDA,0xAB,0xF5,0x76,0x6F,0x61,0xF4,0xFC,0xE9,0xB9,0xFC,0xFA,0xE6,0xB3,0xFF,0xFA,0xE6,0xB3,0xFF,0xFA,0xE7,0xB3,0xFF,
    0xFB,0xE8,0xB4,0xFF,0xFB,0xE8,0xB5,0xFF,0xF8,0xE5,0xB3,0xFF,0xFF,0xF3,0xBD,0xFE,0xB7,0xA7,0x8C,0xF8,0x0F,0x07,0x1E,0xFF,
    0x20,0x18,0x29,0xFF,0x0A,0x03,0x1B,0xFF,0x7D,0x72,0x62,0xFF,0xFF,0xF6,0xBB,0xFF,0xF7,0xE3,0xAF,0xFF,0xFA,0xE7,0xB3,0xFF,
    0xFA,0xE7,0xB3,0xFF,0xFA,0xE7,0xB4,0xFF,0xFA,0xE7,0xB4,0xFF,0xFA,0xE7,0xB3,0xFF,0xF8,0xE5,0xB1,0xFE,0xFE,0xEE,0xB8,0xFF,
    0xEC,0xDA,0xAC,0xEF,0x24,0x1B,0x29,0xF5,0x18,0x0E,0x21,0xFF,0x19,0x12,0x25,0xFF,0x22,0x11,0x23,0xFF,0xC8,0x2E,0x26,0xFF,
    0xDF,0x32,0x26,0xFF,0xE0,0x34,0x28,0xFF,0xBB,0x2D,0x26,0xFF,0x1A,0x11,0x26,0xFF,0x1E,0x15,0x28,0xFF,0x0D,0x06,0x1D,0xFF,
    0xAB,0x9E,0x83,0xFF,0xFF,0xF4,0xBE,0xFF,0xF7,0xE4,0xB2,0xFF,0xFA,0xE7,0xB4,0xFF,0xFA,0xE7,0xB4,0xFF,0xFA,0xE7,0xB4,0xFF,
    0xFA,0xE8,0xB4,0xFF,0xF7,0xE5,0xB1,0xFF,0xFF,0xF8,0xBF,0xFD,0x84,0x7A,0x69,0xFA,0x0E,0x02,0x1C,0xFF,0x0F,0x13,0x25,0xFF,
    0x5D,0x1B,0x25,0xFF,0x73,0x1D,0x29,0xFF,0x0E,0x12,0x25,0xFF,0x0A,0x00,0x15,0xFF,0x7D,0x73,0x65,0xFE,0xFF,0xFA,0xC1,0xFF,
    0xF7,0xE6,0xB2,0xFF,0xFB,0xE8,0xB4,0xFF,0xFA,0xE8,0xB3,0xFF,0xFA,0xE8,0xB3,0xFF,0xFA,0xE8,0xB3,0xFF,0xFA,0xE8,0xB3,0xFF,
    0xF9,0xE6,0xB2,0xFF,0xFD,0xEE,0xB7,0xFF,0xC9,0xBA,0x96,0xFC,0x6D,0x62,0x5A,0xFB,0x59,0x4D,0x4C,0xF6,0x50,0x44,0x47,0xFF,
    0x47,0x3E,0x41,0xFF,0x45,0x3C,0x40,0xFF,0x46,0x3C,0x40,0xFF,0x4B,0x41,0x43,0xFF,0x54,0x4A,0x49,0xF7,0x75,0x6C,0x5E,0xF7,
    0xD2,0xC3,0x9E,0xF5,0xFF,0xED,0xB9,0xFE,0xF9,0xE6,0xB3,0xFF,0xFA,0xE8,0xB3,0xFF,0xFA,0xE8,0xB4,0xFF,0xFA,0xE8,0xB4,0xFF,
    0xFA,0xE8,0xB4,0xFF,0xFB,0xE7,0xB4,0xFF,0xFA,0xE7,0xB3,0xFF,0xF7,0xE4,0xB1,0xFF,0xFF,0xF6,0xBE,0xFD,0x81,0x73,0x69,0xF5,
    0x0B,0x03,0x1B,0xFF,0x1F,0x16,0x27,0xFF,0x15,0x11,0x23,0xFF,0xA5,0x2A,0x24,0xFF,0xE5,0x31,0x22,0xFB,0xB6,0x2A,0x24,0xFF,
    0x6E,0x43,0x4F,0xA9,0x00,0x00,0x00,0x00,0x3F,0x00,0x00,0x04,0x00,0x00,0x00,0x00,0x00,0x00,0x00,0x00,0x00,0x00,0x00,0x00,
    0x00,0x00,0x00,0x00,0x00,0x00,0x00,0x00,0x00,0x00,0x00,0x00,0x00,0x00,0x00,0x00,0x00,0x00,0x00,0x00,0xFF,0x55,0x55,0x03,
    0x00,0x01,0x01,0x00,0xD1,0x4F,0x45,0xA4,0xE8,0x38,0x2B,0xFF,0xCD,0x31,0x27,0xFB,0x28,0x13,0x26,0xFF,0x18,0x13,0x26,0xFF,
    0x16,0x0E,0x20,0xFD,0xCA,0xBA,0x99,0xF1,0xFB,0xED,0xB8,0xFF,0xF4,0xE2,0xAF,0xFF,0xF8,0xE5,0xB3,0xFF,0xF8,0xE4,0xB2,0xFF,
    0xF7,0xE4,0xB2,0xFF,0xF9,0xE5,0xB3,0xFF,0xFB,0xE8,0xB5,0xFF,0xF9,0xE6,0xB4,0xFF,0xFA,0xE6,0xB4,0xFF,0xFB,0xE7,0xB5,0xFF,
    0xFB,0xE8,0xB5,0xFF,0xFB,0xE7,0xB5,0xFF,0xFB,0xE7,0xB5,0xFF,0xFA,0xE7,0xB5,0xFF,0xFA,0xE6,0xB4,0xFF,0xF9,0xE6,0xB3,0xFF,
    0xF8,0xE5,0xB2,0xFF,0xF6,0xE2,0xB0,0xFF,0xF7,0xE4,0xB1,0xFF,0xFA,0xE7,0xB4,0xFF,0xFA,0xE7,0xB4,0xFF,0xFA,0xE7,0xB4,0xFF,
    0xFB,0xE8,0xB4,0xFF,0xFB,0xE8,0xB4,0xFF,0xFB,0xE8,0xB4,0xFF,0xF8,0xE6,0xB2,0xFF,0xFE,0xEF,0xB8,0xFF,0xDC,0xCD,0xA3,0xF5,
    0x0B,0x07,0x1B,0xFD,0x87,0x7D,0x6E,0xFA,0xFF,0xF7,0xC1,0xFC,0xF7,0xE4,0xB2,0xFF,0xFA,0xE7,0xB4,0xFF,0xFA,0xE7,0xB4,0xFF,
    0xFB,0xE7,0xB4,0xFF,0xFA,0xE8,0xB5,0xFF,0xF7,0xE5,0xB2,0xFF,0xFF,0xF6,0xBD,0xFE,0x70,0x66,0x5C,0xFE,0x0B,0x02,0x1B,0xFF,
    0x1D,0x14,0x26,0xFF,0x1B,0x12,0x24,0xFF,0x15,0x0C,0x20,0xFF,0x33,0x2A,0x34,0xF0,0xFA,0xEA,0xB8,0xEA,0xFA,0xEB,0xB6,0xFF,
    0xFF,0xF7,0xBF,0xF9,0x73,0x67,0x60,0xF9,0x0C,0x03,0x1D,0xFF,0x1E,0x15,0x27,0xFF,0x1D,0x14,0x27,0xFE,0x0E,0x04,0x1B,0xFF,
    0x60,0x57,0x53,0xF2,0xFF,0xF5,0xC1,0xFA,0xF8,0xE5,0xB2,0xFF,0xFA,0xE7,0xB4,0xFF,0xFB,0xE7,0xB4,0xFF,0xFB,0xE7,0xB4,0xFF,
    0xFA,0xE8,0xB4,0xFF,0xF8,0xE5,0xB2,0xFF,0xFF,0xF8,0xC0,0xFC,0x4F,0x46,0x44,0xFB,0x5D,0x53,0x4F,0xF7,0xFF,0xF7,0xBE,0xFB,
    0xF7,0xE4,0xB1,0xFF,0xFA,0xE6,0xB3,0xFF,0xFA,0xE7,0xB4,0xFF,0xFA,0xE7,0xB4,0xFF,0xFB,0xE7,0xB4,0xFF,0xFB,0xE7,0xB3,0xFF,
    0xFA,0xE7,0xB3,0xFF,0xF9,0xE6,0xB2,0xFF,0xFA,0xE7,0xB2,0xFF,0xFB,0xE8,0xB2,0xFF,0xFB,0xE8,0xB2,0xFF,0xFB,0xE8,0xB3,0xFF,
    0xFC,0xE9,0xB2,0xFF,0xFB,0xE8,0xB3,0xFF,0xFB,0xE8,0xB3,0xFF,0xFC,0xE8,0xB3,0xFF,0xFC,0xE8,0xB4,0xFF,0xFC,0xE8,0xB3,0xFF,
    0xFA,0xE7,0xB3,0xFF,0xFA,0xE7,0xB3,0xFF,0xFA,0xE7,0xB3,0xFF,0xFA,0xE7,0xB4,0xFF,0xFA,0xE7,0xB4,0xFF,0xFA,0xE7,0xB3,0xFF,
    0xFA,0xE6,0xB3,0xFF,0xFC,0xE8,0xB4,0xFF,0xF3,0xE0,0xAE,0xFF,0xA5,0x99,0x7D,0xF4,0xFD,0xEB,0xB7,0xFA,0xFA,0xE6,0xB2,0xFF,
    0xFA,0xE7,0xB3,0xFF,0xFA,0xE7,0xB3,0xFF,0xFB,0xE7,0xB4,0xFF,0xFB,0xE8,0xB4,0xFF,0xF8,0xE5,0xB2,0xFF,0xFF,0xF7,0xBF,0xFF,
    0x99,0x8B,0x77,0xF3,0x0B,0x03,0x1C,0xFF,0x1E,0x15,0x27,0xFF,0x1A,0x11,0x25,0xFF,0x19,0x11,0x23,0xFE,0xD5,0xC5,0x9D,0xF0,
    0xFE,0xEF,0xB8,0xFF,0xF8,0xE5,0xB2,0xFF,0xFA,0xE7,0xB4,0xFF,0xFA,0xE7,0xB4,0xFF,0xFA,0xE7,0xB4,0xFF,0xFA,0xE7,0xB3,0xFF,
    0xFA,0xE7,0xB3,0xFF,0xF8,0xE4,0xB1,0xFF,0xFF,0xF5,0xBD,0xFC,0xB5,0xA7,0x88,0xED,0x11,0x08,0x1E,0xFD,0x1F,0x13,0x26,0xFF,
    0x0F,0x0F,0x25,0xFF,0x48,0x1B,0x26,0xFF,0xDE,0x36,0x29,0xFF,0xE6,0x36,0x27,0xFF,0xA9,0x2B,0x27,0xFF,0x13,0x10,0x26,0xFF,
    0x1F,0x14,0x27,0xFF,0x10,0x09,0x1E,0xFE,0xBB,0xAE,0x8E,0xF5,0xFF,0xF3,0xBC,0xFF,0xF7,0xE4,0xB2,0xFF,0xFA,0xE7,0xB4,0xFF,
    0xFB,0xE7,0xB4,0xFF,0xFA,0xE7,0xB4,0xFF,0xFA,0xE8,0xB4,0xFF,0xF7,0xE5,0xB1,0xFF,0xFF,0xF7,0xBE,0xFF,0x70,0x65,0x5C,0xFE,
    0x0E,0x02,0x1B,0xFF,0x0C,0x12,0x25,0xFF,0x73,0x1E,0x24,0xFF,0x80,0x1F,0x27,0xFF,0x0B,0x13,0x25,0xFF,0x0A,0x00,0x17,0xFF,
    0x7B,0x71,0x65,0xFE,0xFE,0xF9,0xC0,0xFF,0xF7,0xE5,0xB1,0xFF,0xFB,0xE8,0xB3,0xFF,0xFB,0xE8,0xB3,0xFF,0xFA,0xE8,0xB3,0xFF,
    0xFA,0xE7,0xB3,0xFF,0xFA,0xE8,0xB3,0xFF,0xFA,0xE8,0xB3,0xFF,0xF9,0xE6,0xB1,0xFF,0xFF,0xED,0xB6,0xFF,0xFF,0xF4,0xBB,0xFD,
    0xFF,0xF0,0xB8,0xF9,0xFF,0xED,0xB6,0xFF,0xFF,0xEB,0xB6,0xFF,0xFE,0xEB,0xB5,0xFF,0xFE,0xEB,0xB4,0xFF,0xFF,0xED,0xB7,0xFF,
    0xFF,0xF0,0xB8,0xFB,0xFF,0xF6,0xBD,0xFC,0xFF,0xEF,0xB9,0xFF,0xFA,0xE6,0xB4,0xFF,0xFA,0xE7,0xB4,0xFF,0xFA,0xE8,0xB4,0xFF,
    0xFA,0xE8,0xB4,0xFF,0xFA,0xE7,0xB4,0xFF,0xFA,0xE7,0xB4,0xFF,0xFB,0xE7,0xB4,0xFF,0xFA,0xE7,0xB2,0xFF,0xFB,0xE8,0xB3,0xFF,
    0xFD,0xEB,0xB6,0xEF,0x3B,0x32,0x3C,0xF4,0x14,0x0B,0x21,0xFF,0x18,0x13,0x27,0xFF,0x2C,0x15,0x24,0xFF,0xCA,0x2E,0x24,0xFF,
    0xE4,0x2F,0x21,0xFB,0x92,0x23,0x24,0xFF,0x18,0x1E,0x30,0xA7,0x02,0x00,0x00,0x00,0x00,0x00,0x00,0x04,0x00,0x00,0x00,0x00,
    0x00,0x00,0x00,0x00,0x00,0x00,0x00,0x00,0x00,0x00,0x00,0x00,0x00,0x00,0x00,0x00,0x00,0x00,0x00,0x00,0x00,0x00,0x00,0x00,
    0x00,0x00,0x00,0x00,0xFF,0x00,0x00,0x01,0xFF,0xFF,0xFF,0x01,0xD1,0x47,0x3D,0xCE,0xE8,0x38,0x29,0xFF,0xB4,0x2D,0x28,0xFC,
    0x16,0x11,0x27,0xFF,0x19,0x0F,0x23,0xFF,0x25,0x1D,0x2A,0xFC,0xE6,0xD7,0xAD,0xF4,0xFF,0xEC,0xB8,0xFF,0xF9,0xE6,0xB3,0xFF,
    0xFA,0xE7,0xB4,0xFF,0xFA,0xE7,0xB4,0xFF,0xFA,0xE7,0xB4,0xFF,0xFA,0xE7,0xB4,0xFF,0xFA,0xE6,0xB3,0xFF,0xFA,0xE6,0xB4,0xFF,
    0xFA,0xE7,0xB4,0xFF,0xFA,0xE7,0xB4,0xFF,0xFA,0xE7,0xB5,0xFF,0xFA,0xE6,0xB4,0xFF,0xFA,0xE7,0xB4,0xFF,0xFA,0xE7,0xB4,0xFF,
    0xFA,0xE6,0xB4,0xFF,0xF9,0xE6,0xB3,0xFF,0xFA,0xE6,0xB3,0xFF,0xFA,0xE6,0xB3,0xFF,0xFA,0xE7,0xB3,0xFF,0xFA,0xE7,0xB3,0xFF,
    0xFA,0xE7,0xB3,0xFF,0xFA,0xE7,0xB3,0xFF,0xFA,0xE7,0xB4,0xFF,0xFB,0xE8,0xB4,0xFF,0xF9,0xE6,0xB3,0xFF,0xF8,0xE5,0xB2,0xFF,
    0xFF,0xF9,0xBE,0xFD,0x68,0x5E,0x58,0xFC,0x00,0x00,0x12,0xFF,0x9F,0x93,0x7C,0xE6,0xFF,0xF5,0xBE,0xFE,0xF7,0xE4,0xB2,0xFF,
    0xFA,0xE7,0xB4,0xFF,0xFA,0xE7,0xB4,0xFF,0xFB,0xE8,0xB4,0xFF,0xFA,0xE7,0xB3,0xFF,0xF8,0xE6,0xB2,0xFF,0xFF,0xF0,0xB8,0xFF,
    0x56,0x4B,0x4B,0xFF,0x0F,0x06,0x1E,0xFF,0x1D,0x14,0x26,0xFF,0x1B,0x11,0x24,0xFF,0x1E,0x14,0x27,0xFF,0x0C,0x04,0x1B,0xFF,
    0x9E,0x93,0x79,0xF6,0xFF,0xFF,0xC9,0xFD,0xA1,0x94,0x7D,0xED,0x0C,0x03,0x1C,0xFD,0x1E,0x14,0x27,0xFF,0x1B,0x11,0x25,0xFF,
    0x1D,0x14,0x27,0xFF,0x0D,0x03,0x1B,0xFF,0x7E,0x74,0x67,0xF2,0xFF,0xF6,0xBF,0xFA,0xF9,0xE5,0xB2,0xFF,0xFA,0xE7,0xB3,0xFF,
    0xFB,0xE8,0xB4,0xFF,0xFA,0xE7,0xB3,0xFF,0xFA,0xE7,0xB3,0xFF,0xFC,0xE9,0xB4,0xFF,0xF6,0xE5,0xB2,0xFE,0x76,0x6B,0x5E,0xF7,
    0xEE,0xDC,0xAD,0xF6,0xFC,0xEB,0xB4,0xFF,0xF9,0xE5,0xB2,0xFF,0xFA,0xE6,0xB3,0xFF,0xFA,0xE7,0xB4,0xFF,0xFB,0xE7,0xB4,0xFF,
    0xFB,0xE7,0xB4,0xFF,0xFB,0xE8,0xB3,0xFF,0xFA,0xE6,0xB2,0xFF,0xFC,0xEA,0xB5,0xFF,0xFC,0xE9,0xB3,0xFF,0xF7,0xE5,0xB0,0xFF,
    0xF8,0xE6,0xB1,0xFF,0xF7,0xE6,0xB1,0xFF,0xF8,0xE6,0xB0,0xFF,0xF8,0xE6,0xB0,0xFF,0xF8,0xE6,0xB0,0xFF,0xF7,0xE5,0xAF,0xFF,
    0xF7,0xE5,0xB0,0xFF,0xF8,0xE7,0xB1,0xFF,0xFB,0xE9,0xB2,0xFF,0xFA,0xE7,0xB3,0xFF,0xFA,0xE7,0xB3,0xFF,0xFA,0xE7,0xB3,0xFF,
    0xFA,0xE7,0xB3,0xFF,0xFA,0xE6,0xB3,0xFF,0xFA,0xE6,0xB2,0xFF,0xFB,0xE8,0xB3,0xFF,0xF5,0xE3,0xAF,0xFF,0xD7,0xC6,0x9B,0xFF,
    0xFC,0xE9,0xB4,0xFF,0xF9,0xE6,0xB1,0xFF,0xFA,0xE7,0xB3,0xFF,0xFA,0xE7,0xB4,0xFF,0xFB,0xE7,0xB3,0xFF,0xFB,0xE8,0xB3,0xFF,
    0xF8,0xE5,0xB2,0xFF,0xFF,0xF7,0xBF,0xFA,0x7B,0x6F,0x66,0xF5,0x0C,0x03,0x1C,0xFF,0x1D,0x14,0x27,0xFF,0x1D,0x14,0x27,0xFF,
    0x0D,0x05,0x1C,0xFF,0x59,0x51,0x4E,0xF5,0xFF,0xF3,0xBC,0xFC,0xF8,0xE5,0xB2,0xFF,0xFA,0xE7,0xB4,0xFF,0xFA,0xE7,0xB4,0xFF,
    0xFA,0xE7,0xB4,0xFF,0xFA,0xE8,0xB3,0xFF,0xFA,0xE7,0xB4,0xFF,0xFA,0xE7,0xB3,0xFF,0xF8,0xE5,0xB2,0xFF,0xFF,0xF9,0xBD,0xFB,
    0x7A,0x6E,0x62,0xF3,0x0B,0x02,0x1B,0xFF,0x22,0x16,0x28,0xFF,0x09,0x0E,0x24,0xFF,0x77,0x24,0x28,0xFF,0xFC,0x3B,0x29,0xFF,
    0x94,0x27,0x28,0xFF,0x0F,0x10,0x26,0xFF,0x1E,0x13,0x25,0xFF,0x15,0x0F,0x21,0xFE,0xCA,0xBC,0x96,0xF1,0xFF,0xF0,0xBA,0xFF,
    0xF8,0xE4,0xB1,0xFF,0xFA,0xE7,0xB3,0xFF,0xFA,0xE7,0xB3,0xFF,0xFA,0xE8,0xB3,0xFF,0xFA,0xE8,0xB3,0xFF,0xF8,0xE6,0xB2,0xFF,
    0xFF,0xF3,0xBA,0xFD,0x56,0x4E,0x4D,0xFE,0x12,0x05,0x1E,0xFF,0x0B,0x11,0x24,0xFF,0x8E,0x25,0x26,0xFF,0x9F,0x26,0x28,0xFF,
    0x0B,0x12,0x24,0xFF,0x0F,0x05,0x1B,0xFF,0x5A,0x52,0x4E,0xF5,0xFF,0xF6,0xBE,0xF8,0xF9,0xE7,0xB3,0xFF,0xFA,0xE8,0xB3,0xFF,
    0xFA,0xE7,0xB3,0xFF,0xFA,0xE8,0xB3,0xFF,0xFA,0xE7,0xB2,0xFF,0xFA,0xE7,0xB3,0xFF,0xFA,0xE7,0xB3,0xFF,0xFA,0xE7,0xB2,0xFF,
    0xF8,0xE4,0xAF,0xFF,0xF7,0xE2,0xAE,0xFF,0xF9,0xE4,0xAF,0xFF,0xF8,0xE4,0xB0,0xFF,0xF9,0xE4,0xB1,0xFF,0xF9,0xE5,0xB2,0xFF,
    0xF9,0xE5,0xB1,0xFF,0xF9,0xE5,0xB1,0xFF,0xFA,0xE5,0xB2,0xFF,0xF7,0xE3,0xB1,0xFF,0xF8,0xE5,0xB3,0xFF,0xFA,0xE7,0xB4,0xFF,
    0xFB,0xE8,0xB4,0xFF,0xFB,0xE8,0xB4,0xFF,0xFA,0xE7,0xB4,0xFF,0xFA,0xE7,0xB4,0xFF,0xFA,0xE7,0xB4,0xFF,0xFA,0xE8,0xB4,0xFF,
    0xF6,0xE2,0xAF,0xFF,0xFF,0xF9,0xBD,0xFF,0xB1,0xA4,0x85,0xF5,0x0C,0x04,0x1C,0xFE,0x1F,0x14,0x26,0xFF,0x0C,0x0F,0x25,0xFF,
    0x66,0x20,0x25,0xFF,0xE0,0x30,0x25,0xFF,0xE0,0x2D,0x22,0xFB,0x88,0x20,0x22,0xFF,0x04,0x13,0x23,0xA7,0x02,0x00,0x00,0x00,
    0x00,0x00,0x00,0x04,0x00,0x00,0x00,0x00,0x00,0x00,0x00,0x00,0x00,0x00,0x00,0x00,0x00,0x00,0x00,0x00,0x00,0x00,0x00,0x00,
    0x00,0x00,0x00,0x00,0x00,0x00,0x00,0x00,0xFF,0xFF,0xFF,0x01,0x00,0x00,0x00,0x00,0xD4,0xAA,0xAA,0x12,0xD1,0x41,0x37,0xEF,
    0xE4,0x36,0x29,0xFF,0x91,0x28,0x28,0xFE,0x0F,0x10,0x26,0xFF,0x16,0x0B,0x1F,0xFF,0x3D,0x33,0x38,0xF7,0xFB,0xEB,0xB9,0xF6,
    0xFC,0xE9,0xB6,0xFF,0xF9,0xE7,0xB4,0xFF,0xFA,0xE7,0xB5,0xFF,0xFA,0xE7,0xB4,0xFF,0xFA,0xE7,0xB5,0xFF,0xFA,0xE7,0xB5,0xFF,
    0xFA,0xE7,0xB4,0xFF,0xFA,0xE7,0xB4,0xFF,0xFA,0xE7,0xB4,0xFF,0xFA,0xE7,0xB5,0xFF,0xFA,0xE7,0xB4,0xFF,0xFA,0xE7,0xB4,0xFF,
    0xFA,0xE7,0xB4,0xFF,0xFA,0xE7,0xB3,0xFF,0xFA,0xE7,0xB4,0xFF,0xF9,0xE7,0xB3,0xFF,0xFA,0xE7,0xB3,0xFF,0xFA,0xE7,0xB3,0xFF,
    0xFA,0xE7,0xB3,0xFF,0xFA,0xE8,0xB3,0xFF,0xFA,0xE7,0xB3,0xFF,0xF8,0xE6,0xB1,0xFF,0xF7,0xE4,0xAF,0xFF,0xF7,0xE4,0xB0,0xFF,
    0xFF,0xEE,0xB6,0xFF,0xFF,0xFB,0xC0,0xFB,0x92,0x85,0x71,0xF9,0x12,0x09,0x20,0xFF,0x12,0x0A,0x1E,0xFE,0xBC,0xAF,0x8F,0xF2,
    0xFF,0xF2,0xBC,0xFF,0xF7,0xE5,0xB2,0xFF,0xFA,0xE7,0xB4,0xFF,0xFA,0xE8,0xB4,0xFF,0xFA,0xE8,0xB4,0xFF,0xFA,0xE7,0xB3,0xFF,
    0xFB,0xE8,0xB3,0xFF,0xF9,0xE8,0xB2,0xFE,0x3E,0x35,0x3D,0xFE,0x14,0x0B,0x21,0xFF,0x1D,0x13,0x27,0xFF,0x18,0x11,0x25,0xFF,
    0x1D,0x13,0x26,0xFF,0x13,0x0A,0x20,0xFF,0x41,0x38,0x3D,0xF9,0xD4,0xC7,0x9F,0xE2,0x22,0x19,0x2A,0xFC,0x18,0x0F,0x23,0xFF,
    0x1D,0x13,0x27,0xFF,0x1B,0x11,0x26,0xFF,0x1E,0x14,0x27,0xFF,0x0C,0x03,0x1B,0xFF,0xA4,0x98,0x7E,0xFE,0xFF,0xF5,0xBE,0xFF,
    0xF7,0xE4,0xB1,0xFF,0xFA,0xE8,0xB4,0xFF,0xFB,0xE8,0xB4,0xFF,0xFB,0xE8,0xB3,0xFF,0xFA,0xE7,0xB3,0xFF,0xFC,0xE9,0xB4,0xFF,
    0xF3,0xE0,0xAC,0xFE,0xEF,0xDD,0xAB,0xFC,0xFE,0xEB,0xB4,0xFF,0xF9,0xE5,0xB1,0xFF,0xFA,0xE7,0xB3,0xFF,0xFB,0xE8,0xB3,0xFF,
    0xFB,0xE8,0xB3,0xFF,0xFB,0xE8,0xB3,0xFF,0xFB,0xE8,0xB3,0xFF,0xFA,0xE7,0xB3,0xFF,0xFC,0xEB,0xB5,0xFF,0xF2,0xE1,0xAF,0xFB,
    0x4E,0x46,0x47,0xFD,0x37,0x2E,0x37,0xFF,0x3A,0x32,0x39,0xFF,0x38,0x30,0x39,0xFF,0x38,0x30,0x38,0xFF,0x38,0x31,0x39,0xFF,
    0x39,0x30,0x38,0xFF,0x38,0x2F,0x37,0xFF,0x3A,0x32,0x39,0xFE,0x2E,0x28,0x31,0xFF,0x8C,0x82,0x6F,0xF1,0xFF,0xF3,0xBC,0xFB,
    0xF9,0xE5,0xB1,0xFF,0xFA,0xE8,0xB3,0xFF,0xFB,0xE7,0xB3,0xFF,0xFA,0xE7,0xB2,0xFF,0xFA,0xE7,0xB2,0xFF,0xFA,0xE7,0xB2,0xFF,
    0xFA,0xE7,0xB2,0xFF,0xF8,0xE4,0xAF,0xFF,0xFA,0xE7,0xB1,0xFF,0xFA,0xE7,0xB2,0xFF,0xFA,0xE7,0xB2,0xFF,0xFB,0xE7,0xB2,0xFF,
    0xFB,0xE8,0xB2,0xFF,0xFA,0xE7,0xB2,0xFF,0xFA,0xE7,0xB3,0xFF,0xFF,0xF5,0xBD,0xF7,0x5A,0x4E,0x4F,0xEC,0x10,0x07,0x1F,0xFF,
    0x1D,0x14,0x27,0xFE,0x1B,0x11,0x25,0xFF,0x1C,0x13,0x26,0xFF,0x11,0x0A,0x1F,0xFF,0xBF,0xB0,0x8F,0xF0,0xFF,0xF3,0xBB,0xFF,
    0xF7,0xE5,0xB1,0xFF,0xFA,0xE7,0xB3,0xFF,0xFA,0xE7,0xB3,0xFF,0xFA,0xE8,0xB3,0xFF,0xFB,0xE8,0xB4,0xFF,0xFB,0xE8,0xB3,0xFF,
    0xFA,0xE7,0xB1,0xFF,0xFC,0xEB,0xB4,0xFF,0xF9,0xEA,0xB4,0xF4,0x3B,0x31,0x38,0xF3,0x11,0x08,0x1D,0xFF,0x1E,0x14,0x27,0xFE,
    0x10,0x0F,0x23,0xFF,0xBE,0x2F,0x2A,0xFF,0x91,0x25,0x28,0xFF,0x0B,0x10,0x25,0xFF,0x1D,0x11,0x24,0xFF,0x1F,0x18,0x27,0xFF,
    0xDE,0xCF,0xA2,0xFF,0xFF,0xED,0xB7,0xFF,0xF8,0xE5,0xB1,0xFF,0xFA,0xE7,0xB2,0xFF,0xFB,0xE7,0xB3,0xFF,0xFA,0xE8,0xB3,0xFF,
    0xFA,0xE8,0xB3,0xFF,0xFA,0xE8,0xB3,0xFF,0xFF,0xED,0xB6,0xFD,0x46,0x3D,0x43,0xFD,0x15,0x09,0x21,0xFF,0x10,0x11,0x25,0xFF,
    0x9D,0x29,0x29,0xFF,0xC6,0x30,0x2B,0xFF,0x17,0x13,0x25,0xFF,0x16,0x0E,0x21,0xFF,0x25,0x1F,0x2D,0xFB,0xF0,0xDF,0xB0,0xF6,
    0xFE,0xED,0xB7,0xFF,0xF7,0xE4,0xB0,0xFF,0xFA,0xE7,0xB3,0xFF,0xFA,0xE7,0xB3,0xFF,0xFA,0xE7,0xB3,0xFF,0xFA,0xE7,0xB3,0xFF,
    0xFA,0xE7,0xB3,0xFF,0xFA,0xE7,0xB3,0xFF,0xFA,0xE7,0xB2,0xFF,0xFA,0xE7,0xB3,0xFF,0xFA,0xE6,0xB2,0xFF,0xFA,0xE7,0xB3,0xFF,
    0xFA,0xE7,0xB3,0xFF,0xFA,0xE6,0xB3,0xFF,0xFA,0xE7,0xB3,0xFF,0xFA,0xE7,0xB3,0xFF,0xFA,0xE7,0xB4,0xFF,0xFA,0xE7,0xB4,0xFF,
    0xFA,0xE7,0xB5,0xFF,0xFB,0xE8,0xB4,0xFF,0xFB,0xE8,0xB4,0xFF,0xFB,0xE8,0xB3,0xFF,0xFA,0xE8,0xB3,0xFF,0xFA,0xE8,0xB4,0xFF,
    0xF9,0xE6,0xB2,0xFF,0xF5,0xE2,0xAE,0xFF,0xFF,0xF2,0xB8,0xFE,0xE9,0xDB,0xAB,0xF1,0x30,0x27,0x33,0xFC,0x16,0x0C,0x21,0xFF,
    0x1B,0x12,0x24,0xFF,0x17,0x12,0x22,0xFF,0xB9,0x2D,0x27,0xFF,0xE1,0x30,0x26,0xFF,0xCF,0x2C,0x22,0xFB,0xA9,0x21,0x25,0xFF,
    0x52,0x16,0x20,0xA7,0x00,0x00,0x00,0x00,0x7F,0x3F,0x3F,0x04,0x00,0x00,0x00,0x00,0x00,0x00,0x00,0x00,0x00,0x00,0x00,0x00,
    0x00,0x00,0x00,0x00,0x00,0x00,0x00,0x00,0x00,0x00,0x00,0x00,0x00,0x00,0x00,0x00,0xFF,0x7F,0x7F,0x02,0x00,0x00,0x00,0x00,
    0xDB,0x70,0x6B,0x32,0xD5,0x3B,0x32,0xFD,0xDF,0x35,0x28,0xFD,0x6D,0x20,0x27,0xFF,0x0F,0x11,0x27,0xFE,0x13,0x08,0x1D,0xFF,
    0x58,0x4F,0x4D,0xEE,0xFF,0xF1,0xBE,0xF5,0xF7,0xE5,0xB4,0xFF,0xF7,0xE5,0xB3,0xFE,0xF7,0xE5,0xB3,0xFF,0xF7,0xE5,0xB3,0xFF,
    0xF8,0xE6,0xB4,0xFF,0xF8,0xE6,0xB4,0xFF,0xF8,0xE5,0xB3,0xFF,0xF8,0xE5,0xB4,0xFF,0xF8,0xE5,0xB3,0xFF,0xF8,0xE6,0xB3,0xFF,
    0xF9,0xE6,0xB3,0xFF,0xF9,0xE6,0xB3,0xFF,0xF9,0xE6,0xB2,0xFF,0xF8,0xE5,0xB2,0xFF,0xF8,0xE5,0xB2,0xFF,0xF7,0xE5,0xB2,0xFF,
    0xF7,0xE5,0xB1,0xFF,0xF7,0xE4,0xB1,0xFF,0xF7,0xE5,0xB1,0xFF,0xF8,0xE6,0xB2,0xFF,0xFC,0xE9,0xB4,0xFF,0xFF,0xEE,0xB7,0xFF,
    0xFF,0xF4,0xBC,0xFF,0xFF,0xF4,0xBC,0xFF,0xDE,0xD1,0xA5,0xFF,0x69,0x5E,0x58,0xFD,0x10,0x07,0x20,0xFF,0x1C,0x11,0x26,0xFF,
    0x1A,0x13,0x24,0xFC,0xD5,0xC6,0x9E,0xEF,0xFB,0xED,0xB7,0xFF,0xF4,0xE2,0xB0,0xFE,0xF6,0xE4,0xB2,0xFF,0xF6,0xE4,0xB2,0xFF,
    0xF6,0xE4,0xB1,0xFF,0xF6,0xE3,0xB0,0xFF,0xFA,0xE7,0xB2,0xFF,0xE8,0xD9,0xA8,0xFE,0x2C,0x23,0x31,0xFF,0x17,0x0F,0x23,0xFF,
    0x20,0x15,0x27,0xFF,0x3B,0x17,0x26,0xFF,0x18,0x11,0x24,0xFF,0x1D,0x12,0x25,0xFF,0x1D,0x15,0x27,0xFE,0x24,0x1B,0x2B,0xF5,
    0x18,0x0F,0x23,0xFF,0x1E,0x14,0x26,0xFF,0x18,0x10,0x25,0xFF,0x1A,0x11,0x25,0xFF,0x1D,0x13,0x27,0xFF,0x12,0x0A,0x20,0xFF,
    0xBD,0xB0,0x8F,0xFD,0xFC,0xEF,0xB9,0xFF,0xF5,0xE3,0xB0,0xFF,0xF7,0xE5,0xB1,0xFF,0xF8,0xE5,0xB2,0xFF,0xF7,0xE5,0xB1,0xFF,
    0xF7,0xE5,0xB0,0xFF,0xF6,0xE4,0xAF,0xFF,0xF8,0xE6,0xB1,0xFF,0xF9,0xE6,0xB1,0xFF,0xF6,0xE3,0xB0,0xFF,0xF8,0xE5,0xB1,0xFF,
    0xF8,0xE5,0xB2,0xFF,0xF8,0xE5,0xB2,0xFF,0xF8,0xE5,0xB2,0xFF,0xF8,0xE5,0xB2,0xFF,0xF8,0xE6,0xB1,0xFF,0xF6,0xE3,0xB0,0xFF,
    0xFF,0xF6,0xBC,0xFD,0x82,0x75,0x67,0xFB,0x07,0x00,0x1B,0xFF,0x18,0x0E,0x25,0xFF,0x15,0x0A,0x21,0xFF,0x15,0x0A,0x21,0xFF,
    0x16,0x0A,0x21,0xFF,0x15,0x0B,0x21,0xFF,0x16,0x0A,0x21,0xFF,0x15,0x0A,0x21,0xFF,0x17,0x0D,0x24,0xFF,0x04,0x00,0x15,0xFF,
    0x62,0x59,0x53,0xFC,0xFC,0xF2,0xBB,0xFE,0xF4,0xE1,0xAE,0xFF,0xF7,0xE4,0xB0,0xFF,0xF7,0xE4,0xB0,0xFF,0xF7,0xE4,0xB0,0xFF,
    0xF7,0xE4,0xB0,0xFF,0xF7,0xE4,0xAF,0xFF,0xF7,0xE4,0xAF,0xFF,0xF7,0xE4,0xAF,0xFF,0xF7,0xE4,0xB0,0xFF,0xF7,0xE4,0xB0,0xFF,
    0xF7,0xE5,0xB0,0xFF,0xF7,0xE5,0xB0,0xFF,0xF7,0xE4,0xB0,0xFF,0xF6,0xE4,0xB0,0xFF,0xF6,0xE4,0xB1,0xFF,0xFC,0xEF,0xB9,0xFA,
    0x4F,0x45,0x47,0xFD,0x10,0x07,0x1F,0xFF,0x1D,0x14,0x27,0xFF,0x17,0x10,0x25,0xFF,0x1D,0x13,0x27,0xFF,0x12,0x0A,0x20,0xFF,
    0x40,0x39,0x3D,0xF5,0xFC,0xEE,0xB8,0xF3,0xF8,0xE6,0xB2,0xFF,0xF6,0xE4,0xB0,0xFF,0xF7,0xE5,0xB1,0xFF,0xF7,0xE4,0xB1,0xFF,
    0xF7,0xE5,0xB2,0xFF,0xF7,0xE5,0xB1,0xFF,0xF8,0xE5,0xB0,0xFF,0xF4,0xE2,0xAE,0xFE,0xFB,0xED,0xB7,0xFF,0xD4,0xC4,0x9D,0xE8,
    0x1B,0x13,0x23,0xFC,0x17,0x0D,0x21,0xFF,0x12,0x12,0x25,0xFF,0x3B,0x18,0x23,0xFF,0x67,0x1E,0x28,0xFF,0x12,0x11,0x27,0xFF,
    0x1C,0x11,0x24,0xFF,0x24,0x1C,0x2A,0xF7,0xE6,0xD5,0xA7,0xEC,0xFC,0xEA,0xB5,0xFF,0xF5,0xE3,0xB0,0xFE,0xF7,0xE4,0xB0,0xFF,
    0xF7,0xE4,0xB0,0xFF,0xF7,0xE5,0xB0,0xFF,0xF6,0xE4,0xB0,0xFF,0xF9,0xE7,0xB1,0xFF,0xF1,0xE1,0xAD,0xFF,0x36,0x2D,0x3A,0xFF,
    0x17,0x0D,0x24,0xFF,0x18,0x13,0x24,0xFF,0xAA,0x2E,0x29,0xFF,0xE9,0x38,0x2B,0xFF,0x48,0x1B,0x26,0xFF,0x11,0x12,0x26,0xFF,
    0x11,0x07,0x1E,0xFF,0x6F,0x65,0x5E,0xF4,0xFF,0xF9,0xC0,0xF7,0xFF,0xEE,0xB8,0xFF,0xF7,0xE4,0xB1,0xFF,0xF7,0xE4,0xB0,0xFF,
    0xF8,0xE5,0xB1,0xFF,0xF8,0xE7,0xB3,0xFF,0xF9,0xE7,0xB3,0xFE,0xF9,0xE7,0xB3,0xFE,0xFA,0xE7,0xB4,0xFF,0xFA,0xE7,0xB3,0xFF,
    0xFA,0xE7,0xB3,0xFF,0xFA,0xE7,0xB3,0xFF,0xFA,0xE7,0xB3,0xFF,0xFA,0xE8,0xB3,0xFF,0xFA,0xE7,0xB3,0xFF,0xFA,0xE8,0xB4,0xFF,
    0xFA,0xE8,0xB4,0xFF,0xFA,0xE8,0xB5,0xFF,0xFA,0xE8,0xB5,0xFF,0xFA,0xE7,0xB4,0xFF,0xFA,0xE7,0xB4,0xFF,0xF9,0xE6,0xB2,0xFF,
    0xF7,0xE5,0xB2,0xFF,0xF7,0xE4,0xB1,0xFF,0xFC,0xE8,0xB4,0xFF,0xFF,0xF7,0xBC,0xFE,0xE0,0xD2,0xA4,0xFB,0x3D,0x31,0x3B,0xF7,
    0x13,0x08,0x1F,0xFF,0x22,0x14,0x26,0xFF,0x0B,0x0D,0x21,0xFF,0x7C,0x23,0x22,0xFF,0xDF,0x32,0x27,0xFF,0xE1,0x32,0x26,0xFF,
    0x80,0x20,0x22,0xFB,0x2F,0x13,0x23,0xFF,0x90,0x23,0x29,0xA6,0x00,0x00,0x00,0x00,0x7F,0x3F,0x3F,0x04,0x00,0x00,0x00,0x00,
    0x00,0x00,0x00,0x00,0x00,0x00,0x00,0x00,0x00,0x00,0x00,0x00,0x00,0x00,0x00,0x00,0x00,0x00,0x00,0x00,0x00,0x00,0x00,0x00,
    0xBF,0x3F,0x3F,0x04,0x00,0x00,0x00,0x00,0xD7,0x57,0x52,0x5A,0xDC,0x38,0x2E,0xFF,0xD8,0x32,0x26,0xFB,0x49,0x1A,0x26,0xFF,
    0x14,0x14,0x28,0xFE,0x0F,0x05,0x1C,0xFF,0x92,0x88,0x76,0xEE,0xFF,0xFF,0xCE,0xFC,0xFF,0xF4,0xBE,0xFF,0xFF,0xF6,0xBE,0xFF,
    0xFF,0xF4,0xBD,0xFF,0xFF,0xF3,0xBC,0xFF,0xFF,0xF2,0xBC,0xFF,0xFF,0xF2,0xBC,0xFF,0xFF,0xF1,0xBB,0xFF,0xFF,0xF0,0xBA,0xFF,
    0xFF,0xEE,0xB9,0xFF,0xFF,0xED,0xB7,0xFF,0xFF,0xEC,0xB7,0xFF,0xFF,0xED,0xB6,0xFF,0xFF,0xEE,0xB7,0xFF,0xFF,0xF0,0xB8,0xFF,
    0xFF,0xF1,0xB9,0xFF,0xFF,0xF3,0xBB,0xFF,0xFF,0xF6,0xBD,0xFF,0xFF,0xF9,0xBE,0xFF,0xFF,0xF7,0xBD,0xFE,0xFF,0xF2,0xBB,0xFD,
    0xF6,0xE5,0xB4,0xFD,0xDB,0xCB,0xA1,0xFF,0xA8,0x9C,0x83,0xFF,0x64,0x5A,0x55,0xFE,0x21,0x17,0x28,0xFF,0x0E,0x04,0x1E,0xFF,
    0x1E,0x15,0x29,0xFF,0x17,0x0E,0x23,0xFF,0x2D,0x24,0x31,0xF9,0xFF,0xEF,0xBC,0xF3,0xFF,0xFD,0xC3,0xFF,0xFF,0xF7,0xBE,0xFF,
    0xFF,0xF7,0xBF,0xFF,0xFF,0xF8,0xBE,0xFF,0xFF,0xF8,0xBE,0xFF,0xFF,0xF5,0xBC,0xFF,0xFF,0xFF,0xC2,0xFF,0xDD,0xD0,0xA3,0xFA,
    0x1A,0x10,0x25,0xFE,0x1C,0x12,0x26,0xFF,0x1D,0x13,0x24,0xFF,0xA1,0x25,0x29,0xFF,0x2C,0x14,0x25,0xFF,0x18,0x11,0x26,0xFF,
    0x1C,0x12,0x25,0xFF,0x18,0x10,0x23,0xFF,0x1F,0x13,0x26,0xFF,0x14,0x10,0x24,0xFF,0x2A,0x14,0x23,0xFF,0x22,0x13,0x27,0xFF,
    0x19,0x11,0x26,0xFF,0x1E,0x16,0x28,0xFE,0xE6,0xD8,0xA9,0xF8,0xFF,0xFE,0xC2,0xFF,0xFF,0xF4,0xBB,0xFF,0xFF,0xF6,0xBC,0xFF,
    0xFF,0xF6,0xBC,0xFF,0xFF,0xF6,0xBC,0xFF,0xFF,0xF6,0xBB,0xFF,0xFF,0xF5,0xBB,0xFF,0xFF,0xF5,0xBB,0xFF,0xFF,0xF5,0xBB,0xFF,
    0xFF,0xF6,0xBD,0xFF,0xFF,0xF6,0xBD,0xFF,0xFF,0xF6,0xBE,0xFF,0xFF,0xF6,0xBE,0xFF,0xFF,0xF6,0xBD,0xFF,0xFF,0xF7,0xBD,0xFF,
    0xFF,0xF5,0xBB,0xFF,0xFF,0xFF,0xC3,0xFF,0xD3,0xC3,0x9B,0xEF,0x16,0x0D,0x23,0xFC,0x1E,0x14,0x28,0xFF,0x1D,0x14,0x28,0xFF,
    0x10,0x10,0x25,0xFF,0x10,0x10,0x24,0xFF,0x11,0x10,0x26,0xFF,0x11,0x10,0x26,0xFF,0x0F,0x10,0x26,0xFF,0x14,0x11,0x26,0xFF,
    0x20,0x16,0x29,0xFF,0x12,0x09,0x1F,0xFF,0x51,0x49,0x49,0xF6,0xFF,0xFF,0xC6,0xF7,0xFF,0xF7,0xBC,0xFF,0xFF,0xF6,0xBC,0xFF,
    0xFF,0xF7,0xBC,0xFF,0xFF,0xF7,0xBC,0xFF,0xFF,0xF6,0xBC,0xFF,0xFF,0xF7,0xBC,0xFF,0xFF,0xF7,0xBC,0xFF,0xFF,0xF7,0xBC,0xFF,
    0xFF,0xF6,0xBC,0xFF,0xFF,0xF7,0xBC,0xFF,0xFF,0xF7,0xBC,0xFF,0xFF,0xF7,0xBC,0xFF,0xFF,0xF7,0xBC,0xFF,0xFF,0xF6,0xBB,0xFE,
    0xFF,0xFB,0xC1,0xFF,0xFF,0xF7,0xC0,0xF1,0x34,0x2A,0x36,0xF5,0x15,0x0C,0x22,0xFF,0x1F,0x13,0x25,0xFF,0x30,0x15,0x25,0xFF,
    0x16,0x11,0x26,0xFF,0x20,0x16,0x28,0xFF,0x0D,0x06,0x1C,0xFF,0x9D,0x92,0x7B,0xEF,0xFF,0xFF,0xC7,0xFD,0xFF,0xF6,0xBC,0xFF,
    0xFF,0xF8,0xBE,0xFF,0xFF,0xF7,0xBE,0xFF,0xFF,0xF8,0xBF,0xFF,0xFF,0xF8,0xC0,0xFF,0xFF,0xF8,0xC0,0xFF,0xFF,0xF7,0xBE,0xFF,
    0xFF,0xF3,0xBA,0xFF,0xFF,0xFF,0xC7,0xFF,0xCA,0xBA,0x95,0xE7,0x1D,0x13,0x23,0xF5,0x1E,0x13,0x25,0xFF,0x1A,0x13,0x25,0xFF,
    0x1C,0x13,0x27,0xFF,0x1D,0x14,0x28,0xFF,0x15,0x0C,0x21,0xFF,0x3C,0x33,0x3B,0xFA,0xFF,0xF7,0xC0,0xF4,0xFF,0xFA,0xBF,0xFF,
    0xFF,0xF7,0xBD,0xFF,0xFF,0xF7,0xBD,0xFF,0xFF,0xF7,0xBD,0xFF,0xFF,0xF8,0xBD,0xFF,0xFF,0xF7,0xBC,0xFF,0xFF,0xFF,0xC0,0xFF,
    0xEF,0xE1,0xAC,0xFE,0x24,0x1C,0x2E,0xFE,0x18,0x10,0x26,0xFF,0x20,0x14,0x25,0xFF,0xBF,0x30,0x28,0xFF,0xEA,0x36,0x28,0xFF,
    0xAC,0x2B,0x26,0xFF,0x0F,0x0F,0x22,0xFF,0x1D,0x14,0x26,0xFF,0x11,0x08,0x1F,0xFE,0x64,0x59,0x56,0xF8,0xDD,0xCE,0xA3,0xFE,
    0xFF,0xF4,0xBB,0xFF,0xFF,0xF7,0xBC,0xFF,0xFF,0xF3,0xBA,0xFF,0xFF,0xED,0xB7,0xFF,0xFF,0xEE,0xB8,0xFF,0xFE,0xEB,0xB7,0xFF,
    0xF9,0xE6,0xB3,0xFF,0xFA,0xE7,0xB3,0xFF,0xF9,0xE6,0xB3,0xFF,0xF9,0xE6,0xB2,0xFF,0xF8,0xE5,0xB1,0xFF,0xF8,0xE5,0xB1,0xFF,
    0xF8,0xE5,0xB0,0xFF,0xF8,0xE6,0xB2,0xFF,0xF9,0xE6,0xB2,0xFF,0xF9,0xE6,0xB3,0xFF,0xFB,0xE8,0xB5,0xFF,0xFF,0xEC,0xB8,0xFF,
    0xFF,0xEE,0xB9,0xFF,0xFF,0xF3,0xBD,0xFF,0xFF,0xF6,0xBF,0xFF,0xFF,0xF5,0xBD,0xFE,0xEE,0xE0,0xAF,0xFF,0x99,0x8E,0x78,0xFE,
    0x27,0x1D,0x2E,0xFE,0x14,0x0B,0x22,0xFF,0x22,0x15,0x28,0xFF,0x0C,0x0F,0x23,0xFF,0x6B,0x20,0x24,0xFF,0xDF,0x31,0x25,0xFF,
    0xD7,0x31,0x26,0xFF,0xDD,0x32,0x27,0xFF,0x2F,0x11,0x1E,0xFB,0x04,0x0B,0x1C,0xFF,0x3D,0x2D,0x37,0xAA,0x00,0x00,0x00,0x00,
    0x00,0x00,0x00,0x04,0x00,0x00,0x00,0x00,0x00,0x00,0x00,0x00,0x00,0x00,0x00,0x00,0x00,0x00,0x00,0x00,0x00,0x00,0x00,0x00,
    0x00,0x00,0x00,0x00,0x00,0x00,0x00,0x00,0xFF,0x3F,0x3F,0x04,0x00,0x00,0x00,0x00,0xD2,0x4C,0x44,0x89,0xE0,0x35,0x2A,0xFF,
    0xCA,0x30,0x26,0xFB,0x30,0x16,0x26,0xFF,0x18,0x14,0x27,0xFF,0x17,0x0D,0x23,0xFF,0x63,0x59,0x56,0xF7,0x9F,0x98,0x81,0xFD,
    0xA5,0x99,0x81,0xF9,0xB4,0xA7,0x8A,0xFE,0xBC,0xAF,0x8E,0xFF,0xC7,0xB9,0x94,0xFF,0xCD,0xC0,0x97,0xFB,0xCF,0xC2,0x9A,0xF3,
    0xD2,0xC3,0x9B,0xF2,0xD6,0xC8,0x9E,0xF3,0xDA,0xCA,0xA0,0xF9,0xDE,0xCF,0xA2,0xFF,0xE2,0xD3,0xA6,0xFF,0xE3,0xD4,0xA6,0xFF,
    0xDF,0xD0,0xA4,0xFF,0xD3,0xC5,0x9B,0xFB,0xCE,0xBF,0x97,0xFA,0xC6,0xB7,0x91,0xFF,0xAE,0xA1,0x84,0xFE,0x99,0x8D,0x77,0xFE,
    0x7C,0x70,0x65,0xFC,0x5C,0x50,0x4F,0xFC,0x3A,0x31,0x3A,0xFD,0x20,0x17,0x28,0xFF,0x0F,0x06,0x1C,0xFF,0x0C,0x04,0x1B,0xFF,
    0x12,0x0E,0x23,0xFF,0x19,0x13,0x28,0xFF,0x1D,0x13,0x27,0xFF,0x19,0x10,0x25,0xFF,0x24,0x1B,0x2B,0xF7,0x7C,0x73,0x68,0xEF,
    0x8A,0x80,0x70,0xFF,0x88,0x7D,0x6E,0xFE,0x89,0x7E,0x6D,0xFF,0x8B,0x7F,0x6E,0xFF,0x8C,0x80,0x6F,0xFF,0x8C,0x80,0x6F,0xFF,
    0x90,0x87,0x74,0xFF,0x6B,0x62,0x5B,0xFE,0x17,0x0D,0x23,0xFF,0x1A,0x12,0x26,0xFF,0x20,0x13,0x24,0xFF,0xD9,0x2F,0x26,0xFF,
    0x7A,0x20,0x26,0xFF,0x0C,0x0F,0x25,0xFF,0x1E,0x12,0x25,0xFF,0x1E,0x12,0x25,0xFF,0x10,0x0E,0x24,0xFF,0x3B,0x17,0x22,0xFF,
    0x9F,0x24,0x26,0xFF,0x1B,0x13,0x29,0xFF,0x19,0x11,0x26,0xFF,0x25,0x1D,0x2D,0xFE,0xA0,0x95,0x7D,0xF7,0xB1,0xA5,0x88,0xFF,
    0xAF,0xA2,0x85,0xFF,0xB1,0xA4,0x86,0xFF,0xB1,0xA4,0x85,0xFF,0xAF,0xA3,0x85,0xFF,0xAF,0xA3,0x85,0xFF,0xB0,0xA4,0x86,0xFF,
    0xAF,0xA3,0x84,0xFF,0xAD,0xA1,0x83,0xFD,0xAD,0xA1,0x84,0xFB,0xB0,0xA3,0x86,0xFD,0xAF,0xA3,0x86,0xFD,0xAE,0xA2,0x85,0xFB,
    0xAF,0xA2,0x85,0xFD,0xAD,0xA2,0x83,0xFE,0xAA,0x9E,0x81,0xFE,0xAE,0xA7,0x88,0xFE,0x4A,0x42,0x45,0xFD,0x10,0x08,0x20,0xFF,
    0x1C,0x13,0x28,0xFF,0x23,0x13,0x25,0xFF,0x59,0x1B,0x23,0xFF,0x5A,0x1C,0x24,0xFF,0x5C,0x1C,0x24,0xFF,0x5B,0x1C,0x25,0xFF,
    0x5E,0x1E,0x24,0xFF,0x45,0x19,0x25,0xFF,0x19,0x13,0x28,0xFF,0x17,0x0E,0x24,0xFF,0x2E,0x27,0x32,0xF8,0x9D,0x92,0x7C,0xF8,
    0x9E,0x94,0x7B,0xFD,0x9F,0x93,0x7B,0xFD,0x9F,0x94,0x7B,0xFF,0x9E,0x93,0x7B,0xFF,0x9D,0x92,0x7A,0xFF,0x9E,0x93,0x7A,0xFF,
    0x9F,0x94,0x7A,0xFF,0x9F,0x94,0x7A,0xFE,0x9F,0x93,0x7A,0xF9,0xA1,0x94,0x7C,0xFA,0xA0,0x95,0x7B,0xFB,0xA0,0x94,0x7C,0xFC,
    0xA0,0x94,0x7B,0xFE,0x9E,0x92,0x79,0xFF,0x9E,0x93,0x7A,0xFE,0x94,0x8A,0x77,0xF9,0x24,0x1C,0x2D,0xFE,0x18,0x0F,0x23,0xFF,
    0x19,0x11,0x23,0xFF,0xA5,0x2A,0x28,0xFF,0x34,0x16,0x26,0xFF,0x15,0x12,0x27,0xFF,0x18,0x0F,0x23,0xFF,0x2D,0x26,0x32,0xFE,
    0x9A,0x8F,0x78,0xFE,0x9C,0x90,0x79,0xFF,0x9B,0x8F,0x78,0xFF,0x9C,0x8F,0x79,0xFF,0x9C,0x8F,0x78,0xFF,0x9C,0x90,0x79,0xFF,
    0x9C,0x90,0x79,0xFF,0x9A,0x8E,0x78,0xFF,0x9A,0x8E,0x76,0xFF,0x98,0x8B,0x75,0xFF,0xA0,0x94,0x7B,0xF7,0x4C,0x42,0x45,0xEC,
    0x17,0x0D,0x22,0xFF,0x1E,0x14,0x26,0xFF,0x1B,0x12,0x25,0xFF,0x1C,0x13,0x27,0xFF,0x16,0x0D,0x22,0xFF,0x2F,0x27,0x33,0xFC,
    0x8F,0x84,0x74,0xFC,0x90,0x84,0x72,0xFF,0x90,0x84,0x73,0xFF,0x90,0x84,0x72,0xFF,0x91,0x84,0x72,0xFF,0x90,0x84,0x71,0xFF,
    0x90,0x84,0x70,0xFF,0x92,0x88,0x73,0xFF,0x7A,0x70,0x62,0xFF,0x1B,0x12,0x27,0xFF,0x16,0x11,0x26,0xFF,0x2C,0x16,0x24,0xFF,
    0xD1,0x31,0x26,0xFF,0xD9,0x31,0x26,0xFF,0xE5,0x33,0x25,0xFF,0x7A,0x20,0x22,0xFF,0x08,0x0E,0x23,0xFF,0x1D,0x14,0x29,0xFF,
    0x12,0x07,0x1F,0xFF,0x1F,0x16,0x28,0xFF,0x5E,0x55,0x51,0xFF,0x99,0x8D,0x78,0xFA,0xC6,0xB8,0x94,0xF8,0xE4,0xD3,0xA5,0xFB,
    0xF2,0xE1,0xAF,0xEE,0xFC,0xEA,0xB6,0xEF,0xFF,0xF2,0xBC,0xFD,0xFF,0xF3,0xBC,0xF7,0xFF,0xF4,0xBD,0xF9,0xFF,0xF5,0xBE,0xFA,
    0xFF,0xF6,0xBE,0xFC,0xFF,0xF5,0xBD,0xFE,0xFF,0xF5,0xBC,0xFE,0xFF,0xF5,0xBC,0xFB,0xFF,0xF5,0xBD,0xFA,0xFF,0xF3,0xBB,0xFF,
    0xFF,0xED,0xB8,0xFC,0xF5,0xE4,0xB1,0xF5,0xE5,0xD6,0xA7,0xFE,0xC9,0xBC,0x97,0xFD,0xA2,0x96,0x80,0xFC,0x6C,0x63,0x5D,0xFD,
    0x2F,0x28,0x33,0xFF,0x0D,0x04,0x1B,0xFF,0x1A,0x0E,0x23,0xFF,0x19,0x13,0x27,0xFF,0x0E,0x0F,0x23,0xFF,0x74,0x22,0x24,0xFF,
    0xE0,0x32,0x26,0xFF,0xDA,0x2F,0x25,0xFF,0xD8,0x33,0x27,0xFF,0x88,0x22,0x28,0xFF,0x88,0x16,0x23,0xFB,0x23,0x11,0x20,0xFE,
    0x27,0x31,0x3F,0x80,0x00,0x00,0x00,0x00,0x00,0x00,0x3F,0x04,0x00,0x00,0x00,0x00,0x00,0x00,0x00,0x00,0x00,0x00,0x00,0x00,
    0x00,0x00,0x00,0x00,0x00,0x00,0x00,0x00,0x00,0x00,0x00,0x00,0x00,0x00,0x00,0x00,0xAA,0x00,0x00,0x03,0xFF,0xFF,0xFF,0x01,
    0xD0,0x44,0x3C,0xBB,0xE1,0x32,0x26,0xFF,0xB8,0x2E,0x27,0xFC,0x22,0x14,0x26,0xFF,0x1F,0x13,0x27,0xFF,0x21,0x15,0x28,0xFF,
    0x16,0x0B,0x21,0xFF,0x0D,0x03,0x1B,0xFF,0x10,0x05,0x1D,0xFF,0x10,0x07,0x1E,0xFF,0x10,0x08,0x1E,0xFF,0x13,0x0B,0x20,0xFF,
    0x16,0x0D,0x20,0xFE,0x17,0x0E,0x21,0xFD,0x18,0x10,0x22,0xFD,0x1B,0x12,0x24,0xFD,0x1D,0x14,0x26,0xFE,0x21,0x17,0x28,0xFF,
    0x23,0x1A,0x2A,0xFF,0x24,0x1B,0x2A,0xFF,0x21,0x18,0x28,0xFF,0x1B,0x11,0x24,0xFE,0x18,0x0F,0x22,0xFE,0x15,0x0B,0x21,0xFF,
    0x10,0x06,0x1D,0xFF,0x0E,0x04,0x1C,0xFF,0x0E,0x04,0x1C,0xFF,0x0F,0x07,0x1F,0xFF,0x0F,0x0B,0x21,0xFF,0x0E,0x0F,0x24,0xFF,
    0x0E,0x12,0x25,0xFF,0x15,0x13,0x25,0xFF,0x37,0x17,0x25,0xFF,0x33,0x15,0x25,0xFF,0x19,0x11,0x26,0xFF,0x1E,0x12,0x26,0xFF,
    0x1C,0x10,0x25,0xFF,0x0E,0x04,0x1C,0xFF,0x0B,0x02,0x1A,0xFF,0x0C,0x02,0x1B,0xFF,0x0B,0x02,0x1B,0xFF,0x0B,0x02,0x1B,0xFF,
    0x0C,0x02,0x1B,0xFF,0x0D,0x03,0x1C,0xFF,0x0C,0x01,0x1B,0xFF,0x10,0x06,0x1E,0xFF,0x1D,0x13,0x26,0xFF,0x16,0x11,0x26,0xFF,
    0x34,0x16,0x24,0xFF,0xD8,0x31,0x26,0xFF,0xC6,0x30,0x28,0xFF,0x23,0x14,0x26,0xFF,0x1B,0x11,0x24,0xFF,0x13,0x0F,0x24,0xFF,
    0x2B,0x14,0x22,0xFF,0xD2,0x32,0x25,0xFF,0xAC,0x2A,0x28,0xFF,0x11,0x13,0x28,0xFF,0x20,0x15,0x29,0xFF,0x1C,0x14,0x28,0xFF,
    0x11,0x08,0x1F,0xFF,0x0F,0x06,0x1E,0xFF,0x0F,0x06,0x1F,0xFF,0x0E,0x06,0x1E,0xFF,0x0E,0x05,0x1D,0xFF,0x0D,0x05,0x1D,0xFF,
    0x0D,0x05,0x1D,0xFF,0x0D,0x05,0x1C,0xFF,0x0D,0x05,0x1C,0xFF,0x0E,0x05,0x1C,0xFF,0x0E,0x05,0x1D,0xFF,0x0E,0x06,0x1D,0xFF,
    0x0F,0x06,0x1D,0xFF,0x0F,0x06,0x1D,0xFF,0x0F,0x06,0x1D,0xFF,0x0E,0x06,0x1C,0xFF,0x0F,0x06,0x1C,0xFF,0x0E,0x04,0x1C,0xFF,
    0x14,0x0C,0x21,0xFF,0x1F,0x13,0x26,0xFF,0x0C,0x0F,0x24,0xFF,0x6C,0x20,0x25,0xFF,0xF2,0x35,0x28,0xFF,0xE3,0x33,0x27,0xFF,
    0xE4,0x33,0x26,0xFF,0xE3,0x33,0x25,0xFF,0xF3,0x37,0x26,0xFF,0xA7,0x2A,0x27,0xFF,0x12,0x10,0x28,0xFF,0x20,0x13,0x27,0xFF,
    0x19,0x10,0x24,0xFF,0x0C,0x03,0x1B,0xFF,0x0C,0x03,0x1B,0xFF,0x0C,0x03,0x1B,0xFF,0x0C,0x03,0x1C,0xFF,0x0D,0x03,0x1C,0xFF,
    0x0C,0x03,0x1B,0xFF,0x0C,0x03,0x1B,0xFF,0x0C,0x03,0x1B,0xFF,0x0C,0x02,0x1B,0xFF,0x0D,0x03,0x1C,0xFF,0x0D,0x03,0x1C,0xFF,
    0x0D,0x04,0x1D,0xFF,0x0D,0x04,0x1D,0xFF,0x0D,0x03,0x1B,0xFF,0x0C,0x03,0x1B,0xFF,0x0C,0x02,0x1A,0xFF,0x0D,0x03,0x1B,0xFF,
    0x1B,0x10,0x23,0xFF,0x1C,0x12,0x25,0xFF,0x1C,0x11,0x23,0xFF,0xCF,0x32,0x28,0xFF,0xA8,0x2B,0x28,0xFF,0x0E,0x10,0x25,0xFF,
    0x1F,0x13,0x27,0xFF,0x1B,0x10,0x24,0xFF,0x0D,0x03,0x1A,0xFF,0x0E,0x04,0x1B,0xFF,0x0E,0x04,0x1B,0xFF,0x0D,0x04,0x1B,0xFF,
    0x0D,0x03,0x1B,0xFF,0x0C,0x03,0x1B,0xFF,0x0D,0x03,0x1A,0xFF,0x0D,0x03,0x1B,0xFF,0x0D,0x03,0x1B,0xFF,0x0D,0x02,0x1B,0xFF,
    0x0B,0x01,0x19,0xFF,0x19,0x0E,0x22,0xFF,0x1E,0x12,0x26,0xFF,0x1D,0x12,0x25,0xFF,0x1E,0x12,0x25,0xFF,0x1C,0x11,0x25,0xFF,
    0x1D,0x12,0x25,0xFF,0x19,0x0F,0x22,0xFF,0x0C,0x02,0x1A,0xFF,0x0D,0x03,0x1B,0xFF,0x0C,0x03,0x1B,0xFF,0x0C,0x03,0x1B,0xFF,
    0x0C,0x03,0x1B,0xFF,0x0C,0x02,0x1B,0xFF,0x0C,0x02,0x1B,0xFF,0x0C,0x01,0x1B,0xFF,0x0E,0x05,0x1D,0xFF,0x1E,0x13,0x26,0xFF,
    0x15,0x11,0x26,0xFF,0x3C,0x17,0x25,0xFF,0xD9,0x2F,0x24,0xFF,0xD9,0x2F,0x25,0xFF,0xDB,0x2E,0x24,0xFF,0xDC,0x2E,0x23,0xFF,
    0x7D,0x1E,0x21,0xFF,0x16,0x11,0x25,0xFF,0x11,0x13,0x29,0xFF,0x17,0x12,0x27,0xFF,0x11,0x07,0x1F,0xFF,0x10,0x04,0x1E,0xFF,
    0x17,0x0C,0x22,0xFE,0x26,0x1B,0x2C,0xFE,0x29,0x20,0x2E,0xF5,0x3C,0x31,0x3B,0xF6,0x51,0x47,0x48,0xFC,0x57,0x4C,0x4C,0xF1,
    0x61,0x56,0x52,0xF5,0x68,0x5D,0x58,0xF6,0x6F,0x64,0x5C,0xFB,0x72,0x66,0x5D,0xFE,0x6F,0x63,0x5B,0xFD,0x66,0x5B,0x56,0xF9,
    0x5E,0x53,0x51,0xF7,0x58,0x4D,0x4B,0xFF,0x47,0x3C,0x41,0xFD,0x33,0x28,0x34,0xF9,0x25,0x1C,0x2A,0xFF,0x16,0x0C,0x21,0xFF,
    0x0F,0x04,0x1C,0xFF,0x10,0x04,0x1C,0xFF,0x18,0x0D,0x22,0xFF,0x18,0x14,0x27,0xFF,0x0D,0x0F,0x24,0xFF,0x25,0x13,0x22,0xFF,
    0x95,0x27,0x25,0xFF,0xDF,0x32,0x27,0xFF,0xD5,0x2F,0x26,0xFF,0xDD,0x2F,0x23,0xFF,0x62,0x1C,0x21,0xFF,0x03,0x0E,0x20,0xFF,
    0x58,0x10,0x1F,0xFD,0x94,0x1D,0x2C,0xFF,0x5D,0x4C,0x59,0x3F,0x00,0x00,0x00,0x00,0x55,0x55,0x55,0x03,0x00,0x00,0x00,0x00,
    0x00,0x00,0x00,0x00,0x00,0x00,0x00,0x00,0x00,0x00,0x00,0x00,0x00,0x00,0x00,0x00,0x00,0x00,0x00,0x00,0xFF,0x00,0x00,0x01,
    0x00,0x00,0x00,0x00,0xFF,0xFF,0xFF,0x08,0xCE,0x3C,0x33,0xE3,0xE2,0x31,0x24,0xFF,0x93,0x26,0x25,0xFE,0x04,0x0E,0x23,0xFF,
    0x12,0x10,0x26,0xFF,0x0F,0x10,0x26,0xFF,0x11,0x12,0x27,0xFF,0x13,0x13,0x27,0xFF,0x13,0x12,0x26,0xFF,0x14,0x12,0x26,0xFF,
    0x14,0x11,0x26,0xFF,0x15,0x10,0x25,0xFF,0x16,0x10,0x24,0xFF,0x16,0x10,0x25,0xFF,0x16,0x10,0x24,0xFF,0x16,0x0F,0x24,0xFF,
    0x16,0x0F,0x23,0xFF,0x15,0x0E,0x23,0xFF,0x14,0x0D,0x22,0xFF,0x14,0x0D,0x22,0xFF,0x14,0x0E,0x22,0xFF,0x15,0x10,0x24,0xFF,
    0x14,0x11,0x25,0xFF,0x12,0x11,0x26,0xFF,0x11,0x12,0x26,0xFF,0x12,0x12,0x26,0xFF,0x16,0x13,0x26,0xFF,0x21,0x15,0x26,0xFF,
    0x39,0x18,0x25,0xFF,0x5A,0x1D,0x25,0xFF,0x82,0x25,0x25,0xFF,0xAC,0x2C,0x27,0xFF,0xE1,0x35,0x2A,0xFF,0x5C,0x1D,0x26,0xFF,
    0x07,0x0D,0x24,0xFF,0x17,0x10,0x25,0xFF,0x14,0x10,0x25,0xFF,0x16,0x13,0x26,0xFE,0x17,0x13,0x26,0xFF,0x16,0x13,0x26,0xFF,
    0x17,0x13,0x27,0xFF,0x17,0x13,0x27,0xFF,0x17,0x13,0x27,0xFF,0x17,0x13,0x28,0xFF,0x17,0x14,0x28,0xFF,0x16,0x12,0x27,0xFF,
    0x15,0x10,0x25,0xFF,0x0A,0x0F,0x24,0xFF,0x48,0x1A,0x24,0xFF,0xDB,0x34,0x28,0xFF,0xE1,0x37,0x29,0xFF,0x80,0x25,0x27,0xFF,
    0x03,0x0E,0x22,0xFF,0x2D,0x14,0x21,0xFF,0xC3,0x30,0x26,0xFF,0xF2,0x37,0x27,0xFF,0x89,0x25,0x28,0xFF,0x09,0x11,0x28,0xFF,
    0x1B,0x13,0x29,0xFF,0x17,0x12,0x27,0xFF,0x18,0x13,0x27,0xFF,0x19,0x14,0x27,0xFF,0x19,0x14,0x27,0xFF,0x18,0x13,0x27,0xFF,
    0x18,0x13,0x26,0xFF,0x18,0x13,0x26,0xFF,0x18,0x13,0x26,0xFF,0x18,0x13,0x26,0xFF,0x18,0x13,0x26,0xFF,0x18,0x13,0x26,0xFF,
    0x18,0x13,0x26,0xFF,0x18,0x13,0x26,0xFF,0x19,0x13,0x27,0xFF,0x19,0x14,0x27,0xFF,0x19,0x14,0x26,0xFF,0x19,0x13,0x26,0xFF,
    0x19,0x14,0x26,0xFF,0x19,0x14,0x27,0xFF,0x17,0x12,0x26,0xFF,0x11,0x0F,0x25,0xFF,0x21,0x12,0x23,0xFF,0xC6,0x2E,0x25,0xFF,
    0xDA,0x31,0x26,0xFF,0xD6,0x32,0x26,0xFF,0xDA,0x36,0x27,0xFF,0xD7,0x33,0x26,0xFF,0xE0,0x33,0x26,0xFF,0xA8,0x29,0x26,0xFF,
    0x0C,0x0F,0x26,0xFF,0x13,0x10,0x25,0xFF,0x12,0x10,0x25,0xFF,0x15,0x13,0x27,0xFF,0x14,0x13,0x26,0xFF,0x15,0x12,0x26,0xFF,
    0x15,0x13,0x26,0xFF,0x14,0x13,0x27,0xFF,0x15,0x13,0x27,0xFF,0x15,0x12,0x26,0xFF,0x14,0x12,0x26,0xFF,0x14,0x12,0x26,0xFF,
    0x14,0x12,0x26,0xFF,0x15,0x12,0x26,0xFF,0x14,0x12,0x27,0xFF,0x15,0x12,0x28,0xFF,0x14,0x12,0x27,0xFF,0x14,0x12,0x26,0xFF,
    0x14,0x12,0x26,0xFF,0x14,0x12,0x26,0xFF,0x13,0x10,0x24,0xFF,0x0C,0x0E,0x24,0xFF,0x28,0x14,0x24,0xFF,0xD0,0x33,0x28,0xFF,
    0xE8,0x37,0x27,0xFF,0x67,0x1E,0x24,0xFF,0x06,0x0D,0x23,0xFF,0x14,0x11,0x25,0xFF,0x14,0x13,0x26,0xFF,0x14,0x13,0x27,0xFF,
    0x15,0x13,0x27,0xFF,0x14,0x13,0x26,0xFF,0x14,0x12,0x26,0xFF,0x14,0x12,0x26,0xFF,0x14,0x12,0x26,0xFF,0x15,0x12,0x26,0xFF,
    0x15,0x13,0x27,0xFF,0x15,0x12,0x27,0xFF,0x14,0x12,0x26,0xFF,0x12,0x0F,0x24,0xFE,0x11,0x0F,0x24,0xFF,0x11,0x0F,0x24,0xFF,
    0x10,0x0F,0x24,0xFF,0x10,0x0F,0x23,0xFF,0x11,0x0F,0x23,0xFF,0x12,0x10,0x24,0xFF,0x15,0x13,0x26,0xFF,0x15,0x13,0x27,0xFF,
    0x15,0x13,0x27,0xFF,0x14,0x13,0x27,0xFF,0x14,0x13,0x27,0xFF,0x14,0x13,0x27,0xFF,0x14,0x13,0x27,0xFF,0x14,0x13,0x27,0xFF,
    0x14,0x12,0x27,0xFF,0x13,0x10,0x25,0xFF,0x05,0x0F,0x24,0xFF,0x4B,0x1A,0x23,0xFF,0xE4,0x2F,0x24,0xFF,0xCE,0x2D,0x25,0xFF,
    0xB5,0x27,0x20,0xFF,0xD9,0x2C,0x22,0xFF,0xDD,0x2D,0x23,0xFF,0xB6,0x2A,0x25,0xFF,0x5D,0x1C,0x25,0xFF,0x24,0x14,0x26,0xFF,
    0x13,0x13,0x27,0xFF,0x12,0x13,0x28,0xFF,0x12,0x11,0x27,0xFF,0x12,0x0E,0x24,0xFF,0x13,0x0D,0x23,0xFF,0x11,0x0A,0x21,0xFF,
    0x0F,0x06,0x1D,0xFF,0x11,0x06,0x1E,0xFF,0x10,0x05,0x1D,0xFF,0x10,0x05,0x1C,0xFF,0x0F,0x04,0x1B,0xFF,0x0F,0x04,0x1C,0xFF,
    0x0F,0x04,0x1B,0xFF,0x10,0x05,0x1D,0xFF,0x11,0x06,0x1D,0xFF,0x0F,0x06,0x1D,0xFF,0x10,0x08,0x1E,0xFF,0x12,0x0B,0x21,0xFF,
    0x12,0x0D,0x22,0xFF,0x12,0x11,0x25,0xFF,0x12,0x12,0x26,0xFF,0x12,0x12,0x26,0xFF,0x17,0x11,0x25,0xFF,0x37,0x15,0x23,0xFF,
    0x7C,0x22,0x23,0xFF,0xC9,0x31,0x26,0xFF,0xDE,0x33,0x27,0xFF,0xDE,0x33,0x27,0xFF,0xCF,0x31,0x25,0xFF,0xBB,0x25,0x24,0xFF,
    0x5E,0x15,0x21,0xFF,0x0F,0x0E,0x1E,0xFD,0x09,0x0B,0x18,0xFE,0x50,0x1C,0x29,0xDD,0xFF,0xD0,0xD0,0x0B,0x00,0x00,0x00,0x01,
    0xFF,0x00,0x00,0x01,0x00,0x00,0x00,0x00,0x00,0x00,0x00,0x00,0x00,0x00,0x00,0x00,0x00,0x00,0x00,0x00,0x00,0x00,0x00,0x00,
    0x00,0x00,0x00,0x00,0xFF,0x7F,0x7F,0x02,0x00,0x00,0x00,0x00,0xE2,0x7F,0x78,0x24,0xD4,0x3A,0x30,0xF6,0xD8,0x31,0x25,0xFD,
    0xA7,0x2B,0x27,0xFF,0x70,0x21,0x26,0xFF,0x76,0x22,0x27,0xFF,0x70,0x21,0x27,0xFF,0x67,0x1F,0x27,0xFF,0x58,0x1C,0x26,0xFF,
    0x4A,0x19,0x25,0xFF,0x42,0x18,0x25,0xFF,0x3C,0x16,0x24,0xFF,0x35,0x16,0x23,0xFF,0x30,0x15,0x23,0xFF,0x2F,0x14,0x24,0xFF,
    0x2D,0x14,0x24,0xFF,0x2A,0x13,0x23,0xFF,0x28,0x13,0x23,0xFF,0x29,0x13,0x23,0xFF,0x29,0x13,0x23,0xFF,0x29,0x13,0x23,0xFF,
    0x2F,0x15,0x23,0xFF,0x39,0x17,0x24,0xFF,0x43,0x18,0x24,0xFF,0x51,0x1B,0x24,0xFF,0x66,0x1F,0x25,0xFF,0x80,0x23,0x25,0xFF,
    0x9F,0x29,0x26,0xFF,0xBD,0x2F,0x29,0xFF,0xD8,0x33,0x29,0xFF,0xE7,0x35,0x29,0xFF,0xEA,0x36,0x29,0xFF,0xE3,0x34,0x29,0xFF,
    0xE1,0x35,0x29,0xFF,0x64,0x21,0x27,0xFF,0x35,0x16,0x24,0xFF,0x41,0x17,0x24,0xFF,0x41,0x17,0x24,0xFF,0x3E,0x17,0x24,0xFF,
    0x3C,0x16,0x24,0xFF,0x3C,0x17,0x24,0xFF,0x3C,0x17,0x24,0xFF,0x3B,0x17,0x23,0xFF,0x3B,0x16,0x23,0xFF,0x3D,0x16,0x24,0xFF,
    0x3B,0x16,0x23,0xFF,0x37,0x16,0x24,0xFF,0x38,0x16,0x24,0xFF,0x29,0x15,0x24,0xFF,0x74,0x23,0x26,0xFF,0xE4,0x35,0x2A,0xFF,
    0xD9,0x35,0x29,0xFF,0xD1,0x35,0x28,0xFF,0x49,0x1C,0x23,0xFF,0xBF,0x2F,0x24,0xFF,0xE5,0x35,0x29,0xFF,0xE7,0x35,0x28,0xFF,
    0x88,0x26,0x29,0xFF,0x27,0x17,0x29,0xFF,0x37,0x19,0x28,0xFF,0x34,0x17,0x25,0xFF,0x31,0x15,0x24,0xFF,0x30,0x15,0x23,0xFF,
    0x30,0x15,0x24,0xFF,0x2F,0x15,0x24,0xFF,0x2D,0x14,0x24,0xFF,0x2F,0x15,0x24,0xFF,0x2F,0x15,0x24,0xFF,0x2D,0x14,0x23,0xFF,
    0x2D,0x14,0x23,0xFF,0x30,0x14,0x24,0xFF,0x30,0x15,0x24,0xFF,0x2E,0x15,0x24,0xFF,0x2E,0x15,0x24,0xFF,0x2F,0x15,0x24,0xFF,
    0x2E,0x15,0x24,0xFF,0x2E,0x15,0x24,0xFF,0x30,0x15,0x24,0xFF,0x31,0x16,0x24,0xFF,0x31,0x15,0x24,0xFF,0x24,0x14,0x24,0xFF,
    0x81,0x23,0x24,0xFF,0xE2,0x33,0x25,0xFF,0xE1,0x33,0x25,0xFF,0x96,0x26,0x23,0xFF,0x32,0x18,0x23,0xFF,0x88,0x27,0x26,0xFF,
    0xE8,0x34,0x27,0xFF,0xB8,0x2D,0x28,0xFF,0x3F,0x19,0x25,0xFF,0x43,0x17,0x23,0xFF,0x43,0x17,0x23,0xFF,0x45,0x18,0x24,0xFF,
    0x45,0x17,0x24,0xFF,0x42,0x17,0x23,0xFF,0x42,0x17,0x24,0xFF,0x45,0x17,0x24,0xFF,0x44,0x18,0x24,0xFF,0x42,0x17,0x24,0xFF,
    0x44,0x17,0x23,0xFF,0x46,0x18,0x23,0xFF,0x44,0x18,0x24,0xFF,0x44,0x18,0x24,0xFF,0x45,0x19,0x25,0xFF,0x47,0x19,0x25,0xFF,
    0x45,0x19,0x25,0xFF,0x45,0x18,0x24,0xFF,0x47,0x19,0x24,0xFF,0x47,0x19,0x24,0xFF,0x46,0x18,0x24,0xFF,0x3D,0x17,0x23,0xFF,
    0x68,0x1F,0x22,0xFF,0xDC,0x33,0x28,0xFF,0xDA,0x32,0x26,0xFF,0xD2,0x32,0x27,0xFF,0x5B,0x1D,0x25,0xFF,0x48,0x19,0x24,0xFF,
    0x4E,0x1A,0x24,0xFF,0x4F,0x1B,0x25,0xFF,0x50,0x1B,0x25,0xFF,0x4E,0x1A,0x24,0xFF,0x4C,0x1A,0x24,0xFF,0x4E,0x1B,0x25,0xFF,
    0x4E,0x1B,0x26,0xFF,0x4C,0x1B,0x25,0xFF,0x4B,0x1A,0x25,0xFF,0x4C,0x19,0x25,0xFF,0x4B,0x19,0x24,0xFF,0x4A,0x19,0x23,0xFF,
    0x4B,0x19,0x23,0xFF,0x4C,0x19,0x24,0xFF,0x4B,0x19,0x24,0xFF,0x4B,0x19,0x24,0xFF,0x4B,0x19,0x23,0xFF,0x4A,0x18,0x23,0xFF,
    0x48,0x18,0x24,0xFF,0x47,0x18,0x24,0xFF,0x48,0x18,0x24,0xFF,0x47,0x18,0x24,0xFF,0x47,0x18,0x23,0xFF,0x48,0x18,0x23,0xFF,
    0x4C,0x19,0x24,0xFF,0x4B,0x19,0x24,0xFF,0x47,0x19,0x24,0xFF,0x4B,0x19,0x25,0xFF,0x41,0x18,0x24,0xFF,0x82,0x22,0x24,0xFF,
    0xE9,0x31,0x26,0xFF,0xC4,0x2D,0x29,0xFF,0x61,0x18,0x21,0xFF,0xB3,0x24,0x20,0xFF,0xDE,0x2D,0x24,0xFF,0xE6,0x30,0x24,0xFF,
    0xE5,0x32,0x27,0xFF,0xC7,0x2D,0x26,0xFF,0x99,0x26,0x26,0xFF,0x71,0x1F,0x26,0xFF,0x50,0x1A,0x25,0xFF,0x39,0x16,0x24,0xFF,
    0x2C,0x15,0x24,0xFF,0x23,0x13,0x25,0xFF,0x1A,0x12,0x24,0xFF,0x16,0x11,0x23,0xFE,0x15,0x11,0x24,0xFF,0x15,0x11,0x25,0xFF,
    0x14,0x12,0x25,0xFF,0x15,0x13,0x25,0xFF,0x17,0x12,0x26,0xFF,0x17,0x12,0x25,0xFF,0x18,0x13,0x25,0xFF,0x1D,0x14,0x26,0xFF,
    0x22,0x14,0x25,0xFF,0x26,0x13,0x23,0xFF,0x30,0x14,0x21,0xFF,0x46,0x17,0x22,0xFF,0x5F,0x1C,0x24,0xFF,0x7E,0x22,0x24,0xFF,
    0xA9,0x29,0x26,0xFF,0xD8,0x2F,0x26,0xFF,0xE5,0x33,0x27,0xFF,0xE2,0x32,0x27,0xFF,0xDA,0x31,0x24,0xFF,0xAE,0x2D,0x25,0xFF,
    0x3B,0x15,0x22,0xFF,0x36,0x12,0x20,0xFF,0xA1,0x1D,0x27,0xFF,0x78,0x15,0x22,0xFA,0x1B,0x12,0x1E,0xFF,0x1E,0x2D,0x38,0x64,
    0x00,0x00,0x00,0x00,0x00,0x00,0x00,0x04,0x00,0x00,0x00,0x00,0x00,0x00,0x00,0x00,0x00,0x00,0x00,0x00,0x00,0x00,0x00,0x00,
    0x00,0x00,0x00,0x00,0x00,0x00,0x00,0x00,0x00,0x00,0x00,0x00,0xBF,0x3F,0x3F,0x04,0x00,0x00,0x00,0x00,0xD8,0x5F,0x56,0x50,
    0xEA,0x3B,0x2F,0xFF,0xD5,0x2F,0x25,0xFF,0xE0,0x34,0x2A,0xFC,0xE8,0x35,0x29,0xFF,0xE4,0x34,0x28,0xFF,0xE7,0x34,0x29,0xFF,
    0xE6,0x34,0x29,0xFF,0xE2,0x34,0x29,0xFF,0xDF,0x34,0x29,0xFF,0xDF,0x34,0x29,0xFF,0xDC,0x33,0x28,0xFF,0xD6,0x33,0x27,0xFF,
    0xD4,0x31,0x27,0xFF,0xD4,0x30,0x27,0xFF,0xD1,0x2F,0x26,0xFF,0xCD,0x2F,0x26,0xFF,0xCC,0x2F,0x26,0xFF,0xCD,0x2F,0x27,0xFF,
    0xCB,0x2E,0x27,0xFF,0xCA,0x2F,0x26,0xFF,0xCF,0x30,0x27,0xFF,0xD5,0x30,0x27,0xFF,0xD9,0x31,0x27,0xFF,0xDF,0x33,0x28,0xFF,
    0xE4,0x34,0x28,0xFF,0xE8,0x35,0x28,0xFF,0xEA,0x35,0x28,0xFF,0xEF,0x37,0x29,0xFF,0xEC,0x37,0x28,0xFF,0xE7,0x34,0x27,0xFF,
    0xDD,0x31,0x25,0xFF,0xD6,0x31,0x27,0xFF,0xD8,0x32,0x27,0xFF,0xD7,0x33,0x29,0xFF,0xD9,0x34,0x29,0xFF,0xDB,0x33,0x28,0xFF,
    0xDD,0x33,0x29,0xFF,0xDA,0x32,0x28,0xFF,0xD9,0x32,0x28,0xFF,0xD9,0x34,0x29,0xFF,0xD9,0x34,0x29,0xFF,0xD7,0x34,0x29,0xFF,
    0xD9,0x33,0x28,0xFF,0xDA,0x32,0x28,0xFF,0xD8,0x32,0x27,0xFF,0xD6,0x32,0x27,0xFF,0xD7,0x32,0x27,0xFF,0xD7,0x33,0x29,0xFF,
    0xDA,0x32,0x28,0xFF,0xDB,0x32,0x27,0xFF,0xDC,0x34,0x28,0xFF,0xDB,0x35,0x29,0xFF,0xDA,0x35,0x28,0xFF,0xE8,0x39,0x29,0xFF,
    0xE1,0x35,0x29,0xFF,0xDB,0x34,0x28,0xFF,0xD7,0x34,0x29,0xFF,0xD5,0x34,0x2A,0xFF,0xD7,0x35,0x2A,0xFF,0xD6,0x34,0x2A,0xFF,
    0xD5,0x34,0x29,0xFF,0xD5,0x33,0x28,0xFF,0xD5,0x34,0x29,0xFF,0xD4,0x34,0x29,0xFF,0xD4,0x33,0x2A,0xFF,0xD3,0x33,0x29,0xFF,
    0xD2,0x32,0x29,0xFF,0xD2,0x31,0x29,0xFF,0xD1,0x31,0x29,0xFF,0xD2,0x31,0x28,0xFF,0xD2,0x31,0x27,0xFF,0xD3,0x31,0x28,0xFF,
    0xD2,0x31,0x28,0xFF,0xD3,0x32,0x29,0xFF,0xD2,0x32,0x29,0xFF,0xD2,0x32,0x28,0xFF,0xD3,0x31,0x27,0xFF,0xD3,0x30,0x27,0xFF,
    0xD0,0x30,0x27,0xFF,0xD0,0x30,0x27,0xFF,0xD4,0x30,0x25,0xFF,0xDE,0x32,0x25,0xFF,0xB4,0x2A,0x21,0xFF,0x44,0x14,0x1C,0xFF,
    0x06,0x0C,0x22,0xFF,0x61,0x1D,0x23,0xFF,0xE3,0x32,0x27,0xFF,0xD3,0x2F,0x27,0xFF,0xD8,0x31,0x28,0xFF,0xDC,0x33,0x28,0xFF,
    0xDE,0x34,0x28,0xFF,0xDD,0x33,0x28,0xFF,0xDE,0x32,0x28,0xFF,0xDE,0x32,0x27,0xFF,0xDC,0x32,0x27,0xFF,0xDF,0x33,0x28,0xFF,
    0xDD,0x34,0x28,0xFF,0xDD,0x34,0x2A,0xFF,0xDE,0x35,0x2A,0xFF,0xDF,0x36,0x2A,0xFF,0xDD,0x36,0x2B,0xFF,0xDC,0x35,0x2B,0xFF,
    0xDE,0x35,0x2A,0xFF,0xDE,0x34,0x2A,0xFF,0xDC,0x34,0x29,0xFF,0xDE,0x33,0x28,0xFF,0xDF,0x34,0x28,0xFF,0xDD,0x34,0x29,0xFF,
    0xDB,0x34,0x29,0xFF,0xDE,0x33,0x28,0xFF,0xDE,0x32,0x26,0xFF,0xD7,0x30,0x26,0xFF,0xD6,0x31,0x26,0xFF,0xE3,0x34,0x27,0xFF,
    0xE1,0x33,0x28,0xFF,0xDE,0x32,0x27,0xFF,0xDF,0x32,0x28,0xFF,0xDF,0x33,0x28,0xFF,0xE0,0x34,0x29,0xFF,0xE0,0x35,0x29,0xFF,
    0xDF,0x35,0x2A,0xFF,0xDF,0x35,0x2B,0xFF,0xDF,0x36,0x2B,0xFF,0xE0,0x36,0x2A,0xFF,0xE1,0x35,0x29,0xFF,0xE0,0x34,0x28,0xFF,
    0xDF,0x34,0x28,0xFF,0xDF,0x35,0x29,0xFF,0xE0,0x36,0x29,0xFF,0xDF,0x35,0x2A,0xFF,0xDF,0x35,0x2A,0xFF,0xE0,0x35,0x2A,0xFF,
    0xE0,0x34,0x29,0xFF,0xDF,0x34,0x29,0xFF,0xDD,0x33,0x29,0xFF,0xDB,0x32,0x28,0xFF,0xDA,0x32,0x28,0xFF,0xDC,0x32,0x28,0xFF,
    0xDC,0x32,0x28,0xFF,0xDD,0x33,0x28,0xFF,0xDF,0x32,0x27,0xFF,0xDF,0x32,0x27,0xFF,0xDE,0x32,0x27,0xFF,0xDF,0x31,0x27,0xFF,
    0xE0,0x30,0x27,0xFF,0xDD,0x2F,0x27,0xFF,0xE0,0x30,0x27,0xFF,0xB7,0x2D,0x29,0xFF,0x24,0x13,0x21,0xFF,0x6C,0x19,0x1F,0xFF,
    0x85,0x21,0x20,0xFE,0xD3,0x30,0x25,0xFF,0xE0,0x31,0x24,0xFF,0xE4,0x33,0x25,0xFF,0xEF,0x35,0x29,0xFF,0xE8,0x35,0x2A,0xFF,
    0xE0,0x34,0x28,0xFF,0xD8,0x31,0x27,0xFF,0xCD,0x2F,0x26,0xFF,0xC6,0x2C,0x24,0xFF,0xB9,0x2B,0x24,0xFF,0xB0,0x29,0x24,0xFF,
    0xAC,0x29,0x24,0xFF,0xA9,0x28,0x24,0xFF,0xA6,0x28,0x25,0xFF,0xA5,0x28,0x24,0xFF,0xA7,0x27,0x23,0xFF,0xAA,0x27,0x22,0xFF,
    0xAD,0x29,0x23,0xFF,0xB6,0x2B,0x24,0xFF,0xC1,0x2C,0x25,0xFF,0xC8,0x2E,0x26,0xFF,0xD0,0x2F,0x25,0xFF,0xDA,0x30,0x26,0xFF,
    0xE1,0x32,0x27,0xFF,0xE3,0x32,0x27,0xFF,0xE4,0x32,0x28,0xFF,0xDC,0x30,0x26,0xFF,0xDE,0x33,0x27,0xFF,0xBD,0x2F,0x24,0xFF,
    0xC2,0x2B,0x27,0xFF,0x50,0x18,0x25,0xFF,0x01,0x0A,0x1C,0xFF,0x0E,0x0D,0x1C,0xFF,0x22,0x0F,0x1D,0xFA,0x8F,0x17,0x26,0xFF,
    0x91,0x35,0x41,0xBF,0xAA,0xFF,0xFF,0x03,0xFF,0x7F,0x7F,0x02,0x00,0x00,0x00,0x00,0x00,0x00,0x00,0x00,0x00,0x00,0x00,0x00,
    0x00,0x00,0x00,0x00,0x00,0x00,0x00,0x00,0x00,0x00,0x00,0x00,0x00,0x00,0x00,0x00,0x00,0x00,0x00,0x00,0xFF,0x7F,0x7F,0x02,
    0xFF,0xFF,0x00,0x01,0xD6,0x74,0x6D,0x46,0xE2,0x4D,0x42,0xB4,0xCD,0x3E,0x34,0xE9,0xC0,0x2B,0x25,0xFF,0xC5,0x2B,0x24,0xFD,
    0xDA,0x31,0x26,0xFD,0xD0,0x32,0x26,0xFF,0xDD,0x33,0x29,0xFF,0xE7,0x34,0x29,0xFF,0xE5,0x34,0x28,0xFF,0xDD,0x33,0x27,0xFF,
    0xEA,0x36,0x29,0xFF,0xF0,0x37,0x29,0xFF,0xE9,0x35,0x27,0xFF,0xE2,0x33,0x26,0xFF,0xEF,0x34,0x28,0xFF,0xEE,0x35,0x27,0xFF,
    0xE2,0x33,0x26,0xFF,0xE7,0x34,0x28,0xFF,0xEF,0x36,0x29,0xFF,0xE7,0x34,0x27,0xFF,0xE1,0x32,0x27,0xFF,0xEA,0x34,0x29,0xFF,
    0xE8,0x33,0x28,0xFF,0xDB,0x31,0x26,0xFF,0xD8,0x33,0x29,0xFF,0xD6,0x33,0x28,0xFF,0xC9,0x31,0x27,0xFF,0xA0,0x29,0x25,0xFF,
    0x84,0x23,0x25,0xFF,0x52,0x1A,0x23,0xFF,0x7C,0x22,0x23,0xFF,0xF2,0x37,0x27,0xFF,0xE0,0x33,0x27,0xFF,0xE2,0x34,0x28,0xFF,
    0xEC,0x36,0x29,0xFF,0xE8,0x34,0x28,0xFF,0xDE,0x31,0x26,0xFF,0xE9,0x34,0x28,0xFF,0xEC,0x36,0x29,0xFF,0xE5,0x35,0x28,0xFF,
    0xDD,0x35,0x28,0xFF,0xEA,0x38,0x2B,0xFF,0xE5,0x37,0x29,0xFF,0xE2,0x34,0x28,0xFF,0xEB,0x35,0x28,0xFF,0xE9,0x35,0x27,0xFF,
    0xE2,0x33,0x28,0xFF,0xEB,0x34,0x29,0xFF,0xEC,0x35,0x27,0xFF,0xEF,0x36,0x25,0xFF,0x97,0x26,0x23,0xFF,0xCB,0x30,0x28,0xFF,
    0xEC,0x38,0x29,0xFF,0xC9,0x37,0x2A,0xFF,0xB7,0x31,0x2A,0xFF,0xF3,0x38,0x29,0xFF,0xEA,0x36,0x29,0xFF,0xE8,0x34,0x27,0xFF,
    0xE1,0x33,0x28,0xFF,0xEC,0x36,0x2A,0xFF,0xEE,0x38,0x2A,0xFF,0xEC,0x37,0x29,0xFF,0xE1,0x35,0x28,0xFF,0xE5,0x38,0x2A,0xFF,
    0xF1,0x39,0x2B,0xFF,0xEF,0x38,0x2A,0xFF,0xE7,0x36,0x28,0xFF,0xE1,0x33,0x28,0xFF,0xEC,0x35,0x29,0xFF,0xEB,0x36,0x28,0xFF,
    0xE8,0x34,0x27,0xFF,0xE0,0x32,0x26,0xFF,0xEB,0x35,0x29,0xFF,0xEE,0x37,0x2A,0xFF,0xEC,0x36,0x28,0xFF,0xE3,0x33,0x27,0xFF,
    0xE3,0x32,0x27,0xFF,0xE5,0x32,0x27,0xFF,0xE1,0x32,0x27,0xFF,0xDC,0x31,0x25,0xFF,0xE6,0x31,0x24,0xFF,0xE3,0x33,0x24,0xFF,
    0x7E,0x1F,0x24,0xFF,0x16,0x0E,0x1D,0xFF,0x1D,0x11,0x22,0xFF,0x64,0x1D,0x22,0xFF,0xF0,0x31,0x25,0xFF,0xE1,0x2F,0x25,0xFF,
    0xE7,0x32,0x27,0xFF,0xE2,0x32,0x26,0xFF,0xE0,0x32,0x27,0xFF,0xEC,0x35,0x28,0xFF,0xE7,0x34,0x26,0xFF,0xDF,0x31,0x26,0xFF,
    0xE5,0x32,0x27,0xFF,0xDD,0x32,0x26,0xFF,0xE9,0x35,0x28,0xFF,0xED,0x37,0x2A,0xFF,0xE6,0x36,0x28,0xFF,0xE0,0x35,0x28,0xFF,
    0xEB,0x38,0x2B,0xFF,0xEA,0x38,0x2B,0xFF,0xE1,0x34,0x28,0xFF,0xDF,0x33,0x27,0xFF,0xEA,0x35,0x29,0xFF,0xE8,0x34,0x28,0xFF,
    0xDF,0x32,0x27,0xFF,0xE6,0x34,0x28,0xFF,0xEA,0x36,0x29,0xFF,0xDD,0x32,0x27,0xFF,0xE0,0x32,0x27,0xFF,0xF7,0x35,0x27,0xFF,
    0xA9,0x2A,0x24,0xFF,0x83,0x23,0x24,0xFF,0xED,0x33,0x28,0xFF,0xE9,0x33,0x26,0xFF,0xEA,0x33,0x26,0xFF,0xE8,0x32,0x26,0xFF,
    0xDC,0x32,0x26,0xFF,0xD9,0x33,0x28,0xFF,0xE0,0x35,0x2A,0xFF,0xE9,0x37,0x2B,0xFF,0xE9,0x37,0x2A,0xFF,0xE3,0x35,0x28,0xFF,
    0xDE,0x33,0x27,0xFF,0xE7,0x35,0x28,0xFF,0xEC,0x36,0x28,0xFF,0xE7,0x36,0x28,0xFF,0xDC,0x33,0x27,0xFF,0xE6,0x35,0x29,0xFF,
    0xEB,0x37,0x2A,0xFF,0xE2,0x35,0x29,0xFF,0xE0,0x34,0x29,0xFF,0xE0,0x33,0x29,0xFF,0xE2,0x33,0x28,0xFF,0xEA,0x34,0x27,0xFF,
    0xE6,0x33,0x27,0xFF,0xDB,0x31,0x26,0xFF,0xDE,0x32,0x27,0xFF,0xE9,0x34,0x28,0xFF,0xE8,0x34,0x26,0xFF,0xE9,0x33,0x25,0xFF,
    0xE0,0x30,0x25,0xFF,0xE2,0x30,0x25,0xFF,0xEC,0x30,0x26,0xFF,0xE7,0x31,0x26,0xFF,0xF3,0x34,0x27,0xFF,0xAD,0x2A,0x27,0xFF,
    0x09,0x0F,0x21,0xFF,0x23,0x10,0x1E,0xFF,0x51,0x11,0x1E,0xFF,0x4C,0x16,0x1E,0xFD,0xC3,0x29,0x26,0xFE,0xB9,0x2B,0x26,0xFF,
    0xB2,0x2D,0x27,0xFF,0xDC,0x32,0x28,0xFF,0xE2,0x32,0x28,0xFF,0xE2,0x32,0x27,0xFF,0xEE,0x34,0x27,0xFF,0xE8,0x32,0x25,0xFF,
    0xE8,0x32,0x26,0xFF,0xF3,0x35,0x29,0xFF,0xF1,0x35,0x28,0xFF,0xEB,0x34,0x27,0xFF,0xE9,0x32,0x27,0xFF,0xF0,0x33,0x27,0xFF,
    0xEC,0x32,0x26,0xFF,0xE6,0x30,0x25,0xFF,0xE9,0x32,0x26,0xFF,0xED,0x34,0x27,0xFF,0xE7,0x34,0x27,0xFF,0xE1,0x33,0x26,0xFF,
    0xEB,0x33,0x27,0xFF,0xE8,0x32,0x25,0xFF,0xD9,0x30,0x24,0xFF,0xD4,0x31,0x26,0xFF,0xC6,0x2E,0x27,0xFF,0xCD,0x2C,0x26,0xFF,
    0x65,0x1B,0x20,0xFF,0x07,0x0E,0x1C,0xFF,0x35,0x14,0x22,0xFF,0x95,0x1F,0x2A,0xFF,0x63,0x14,0x22,0xFF,0x14,0x0B,0x1A,0xFA,
    0x0B,0x0D,0x1A,0xFF,0x16,0x15,0x20,0xC9,0xC6,0x63,0x71,0x12,0x00,0x00,0x00,0x01,0xFF,0x00,0x00,0x01,0x00,0x00,0x00,0x00,
    0x00,0x00,0x00,0x00,0x00,0x00,0x00,0x00,0x00,0x00,0x00,0x00,0x00,0x00,0x00,0x00,0x00,0x00,0x00,0x00,0x00,0x00,0x00,0x00,
    0x00,0x00,0x00,0x00,0x00,0x00,0x00,0x00,0x00,0x00,0x00,0x00,0x00,0x00,0x00,0x00,0x00,0x01,0x02,0x00,0x90,0x9B,0x9B,0x17,
    0x4B,0x32,0x36,0x9E,0x4B,0x17,0x22,0xFF,0x8B,0x14,0x1E,0xFF,0x92,0x1B,0x24,0xFB,0x44,0x19,0x21,0xFE,0x3E,0x19,0x20,0xFF,
    0x92,0x25,0x24,0xFF,0xB9,0x2D,0x2A,0xFF,0x76,0x23,0x25,0xFF,0x6C,0x22,0x23,0xFF,0xA3,0x2B,0x26,0xFF,0xBF,0x2B,0x26,0xFF,
    0x85,0x23,0x24,0xFF,0x8D,0x27,0x26,0xFF,0xC4,0x32,0x28,0xFF,0xAB,0x2A,0x25,0xFF,0x7E,0x23,0x25,0xFF,0xA2,0x2A,0x27,0xFF,
    0xAA,0x2C,0x26,0xFF,0x65,0x20,0x22,0xFF,0x6D,0x21,0x23,0xFF,0xAB,0x26,0x25,0xFF,0x5A,0x1C,0x24,0xFF,0x22,0x13,0x23,0xFF,
    0x47,0x16,0x21,0xFF,0x2F,0x10,0x20,0xFF,0x06,0x0E,0x24,0xFF,0x07,0x0D,0x24,0xFF,0x3F,0x19,0x24,0xFF,0x8B,0x28,0x24,0xFF,
    0xB1,0x2C,0x26,0xFF,0xAC,0x2B,0x25,0xFF,0x7F,0x26,0x23,0xFF,0x9B,0x2A,0x27,0xFF,0xCE,0x30,0x2B,0xFF,0x93,0x28,0x25,0xFF,
    0x85,0x28,0x26,0xFF,0xA9,0x2D,0x29,0xFF,0xC9,0x31,0x2B,0xFF,0x84,0x28,0x24,0xFF,0xA7,0x2D,0x27,0xFF,0xAF,0x2C,0x28,0xFF,
    0x86,0x26,0x25,0xFF,0x94,0x28,0x25,0xFF,0xBC,0x2D,0x25,0xFF,0x99,0x29,0x26,0xFF,0x93,0x29,0x28,0xFF,0xB5,0x2D,0x26,0xFF,
    0x3B,0x16,0x1D,0xFF,0x8C,0x24,0x23,0xFE,0xD9,0x36,0x29,0xFF,0x2B,0x16,0x1F,0xFF,0x5B,0x21,0x28,0xFE,0xA4,0x2F,0x2B,0xFF,
    0x91,0x29,0x26,0xFF,0xAC,0x2D,0x26,0xFF,0xD3,0x30,0x28,0xFF,0x9F,0x2B,0x26,0xFF,0x96,0x2A,0x26,0xFF,0xA1,0x2C,0x27,0xFF,
    0xD1,0x33,0x29,0xFF,0xBD,0x2E,0x27,0xFF,0x93,0x29,0x26,0xFF,0x94,0x2A,0x27,0xFF,0xAF,0x2D,0x26,0xFF,0xD2,0x2D,0x26,0xFF,
    0x96,0x27,0x24,0xFF,0x8D,0x29,0x25,0xFF,0x9F,0x29,0x25,0xFF,0xD0,0x2A,0x24,0xFF,0x9B,0x27,0x23,0xFF,0x8C,0x28,0x25,0xFF,
    0x96,0x28,0x25,0xFF,0xC4,0x2A,0x26,0xFF,0xBD,0x2A,0x25,0xFF,0xAB,0x28,0x24,0xFF,0xBA,0x2C,0x27,0xFF,0xC2,0x2C,0x26,0xFF,
    0x93,0x26,0x21,0xFF,0x65,0x20,0x21,0xFF,0x63,0x19,0x25,0xFF,0x5C,0x18,0x24,0xFF,0x07,0x0E,0x20,0xFF,0x42,0x17,0x22,0xFE,
    0xAE,0x26,0x21,0xFF,0x96,0x25,0x22,0xFF,0x7C,0x23,0x22,0xFF,0xB0,0x29,0x25,0xFF,0xC5,0x2C,0x27,0xFF,0x83,0x27,0x25,0xFF,
    0x9A,0x2A,0x25,0xFF,0xBF,0x2C,0x25,0xFF,0xA3,0x28,0x25,0xFF,0xCD,0x2E,0x2B,0xFF,0x8E,0x28,0x25,0xFF,0x7E,0x26,0x22,0xFF,
    0xA6,0x2B,0x27,0xFF,0xBC,0x2C,0x28,0xFF,0x7B,0x26,0x23,0xFF,0x7E,0x28,0x25,0xFF,0xAF,0x2E,0x29,0xFF,0xB2,0x2B,0x28,0xFF,
    0x76,0x23,0x21,0xFF,0x83,0x26,0x23,0xFF,0xBD,0x2A,0x27,0xFF,0x93,0x26,0x25,0xFF,0x82,0x26,0x25,0xFF,0xC8,0x31,0x29,0xFF,
    0xA3,0x29,0x26,0xFF,0x81,0x23,0x22,0xFF,0x7F,0x1E,0x24,0xFF,0x3A,0x17,0x23,0xFF,0x66,0x1E,0x24,0xFF,0x7C,0x24,0x24,0xFF,
    0x6D,0x23,0x21,0xFF,0x81,0x26,0x23,0xFF,0xC3,0x2D,0x26,0xFF,0xCB,0x2B,0x26,0xFF,0xA2,0x27,0x25,0xFF,0x78,0x26,0x24,0xFF,
    0x79,0x26,0x24,0xFF,0xAC,0x2D,0x27,0xFF,0xC9,0x2F,0x28,0xFF,0x8F,0x25,0x23,0xFF,0x7A,0x24,0x24,0xFF,0x93,0x29,0x25,0xFF,
    0xC9,0x2F,0x27,0xFF,0x99,0x26,0x26,0xFF,0x7F,0x26,0x24,0xFF,0xB8,0x2F,0x27,0xFF,0xB8,0x2E,0x28,0xFF,0xC0,0x2F,0x2A,0xFF,
    0xA8,0x28,0x26,0xFF,0x7D,0x24,0x24,0xFF,0x8A,0x28,0x25,0xFF,0xC4,0x2F,0x27,0xFF,0xB6,0x28,0x25,0xFF,0x7E,0x24,0x22,0xFF,
    0x84,0x26,0x22,0xFF,0x84,0x25,0x22,0xFF,0xB9,0x2A,0x24,0xFF,0xA9,0x27,0x24,0xFF,0x7D,0x23,0x23,0xFF,0x85,0x24,0x24,0xFF,
    0x8D,0x24,0x24,0xFF,0x8D,0x20,0x23,0xFF,0x19,0x10,0x22,0xFE,0x0E,0x0D,0x20,0xFF,0x2D,0x18,0x25,0xF0,0x66,0x16,0x24,0xFF,
    0x42,0x12,0x20,0xFF,0x92,0x1F,0x2A,0xFC,0x50,0x1A,0x26,0xFF,0x24,0x17,0x20,0xFF,0x96,0x25,0x26,0xFF,0xA7,0x26,0x25,0xFF,
    0x7B,0x23,0x20,0xFF,0xB7,0x2B,0x26,0xFF,0xD1,0x2B,0x25,0xFF,0xA5,0x28,0x22,0xFF,0xB1,0x2E,0x26,0xFF,0xCB,0x30,0x28,0xFF,
    0xDA,0x2E,0x27,0xFF,0xB3,0x2A,0x24,0xFF,0xB6,0x2D,0x25,0xFF,0xD3,0x2E,0x26,0xFF,0xC4,0x2A,0x24,0xFF,0xA9,0x2A,0x24,0xFF,
    0xB3,0x2E,0x25,0xFF,0xCA,0x2C,0x25,0xFF,0x8A,0x23,0x23,0xFF,0x7C,0x23,0x23,0xFF,0xAC,0x27,0x25,0xFF,0x5B,0x1A,0x20,0xFF,
    0x10,0x11,0x1E,0xFF,0x43,0x17,0x23,0xFF,0x74,0x19,0x25,0xFF,0x3D,0x10,0x21,0xFF,0x07,0x10,0x1D,0xFE,0x12,0x11,0x1E,0xFC,
    0x58,0x12,0x20,0xFD,0x7D,0x11,0x23,0xFF,0x42,0x20,0x2C,0xC7,0x2F,0x2F,0x2F,0x10,0x00,0x00,0x00,0x00,0x00,0x00,0x00,0x02,
    0x00,0x00,0x00,0x00,0x00,0x00,0x00,0x00,0x00,0x00,0x00,0x00,0x00,0x00,0x00,0x00,0x00,0x00,0x00,0x00,0x00,0x00,0x00,0x00,
    0x00,0x00,0x00,0x00,0x00,0x00,0x00,0x00,0x00,0x00,0x00,0x00,0x00,0x00,0x00,0x00,0x00,0x00,0x00,0x00,0xFF,0xFF,0xFF,0x01,
    0xAA,0x00,0x00,0x03,0x00,0x00,0x00,0x00,0x00,0x02,0x02,0x00,0x7D,0x47,0x53,0x4F,0x4D,0x1D,0x29,0xD0,0x79,0x13,0x23,0xFF,
    0x88,0x15,0x22,0xFF,0x25,0x10,0x1E,0xFC,0x00,0x0C,0x1C,0xFE,0x58,0x19,0x26,0xFF,0x8A,0x1F,0x29,0xFF,0x21,0x0F,0x20,0xFF,
    0x00,0x0B,0x1E,0xFF,0x68,0x19,0x24,0xFF,0x6B,0x17,0x24,0xFF,0x03,0x0B,0x21,0xFF,0x2A,0x14,0x22,0xFF,0x86,0x20,0x25,0xFF,
    0x36,0x11,0x20,0xFF,0x03,0x0C,0x1E,0xFF,0x54,0x1D,0x23,0xFF,0x50,0x1A,0x23,0xFF,0x00,0x0D,0x1D,0xFF,0x2B,0x11,0x1D,0xFF,
    0x7E,0x19,0x24,0xFF,0x35,0x11,0x23,0xFF,0x04,0x10,0x1F,0xFE,0x42,0x12,0x1D,0xFD,0x37,0x11,0x21,0xFC,0x1A,0x11,0x24,0xFB,
    0x16,0x0E,0x21,0xFB,0x07,0x0D,0x20,0xFD,0x1E,0x12,0x21,0xFE,0x6F,0x17,0x22,0xFE,0x26,0x0F,0x1E,0xFE,0x00,0x0E,0x1E,0xFE,
    0x63,0x1D,0x28,0xFE,0x84,0x1F,0x2A,0xFE,0x17,0x10,0x1F,0xFE,0x05,0x12,0x20,0xFE,0x6B,0x1D,0x29,0xFE,0x61,0x16,0x25,0xFE,
    0x0F,0x10,0x1C,0xFE,0x75,0x1E,0x26,0xFE,0x32,0x12,0x24,0xFE,0x00,0x0B,0x1F,0xFE,0x33,0x12,0x1E,0xFE,0x5C,0x17,0x20,0xFE,
    0x0D,0x0F,0x21,0xFE,0x0A,0x0E,0x20,0xFE,0x1A,0x15,0x23,0xFE,0x44,0x1C,0x25,0xFF,0x36,0x11,0x1D,0xFB,0x10,0x0C,0x1D,0xFC,
    0x11,0x0E,0x22,0xFF,0x0C,0x0E,0x23,0xFE,0x0B,0x0E,0x23,0xFE,0x11,0x10,0x22,0xFE,0x6F,0x1D,0x24,0xFE,0x85,0x1D,0x24,0xFE,
    0x19,0x0F,0x20,0xFE,0x00,0x0E,0x1F,0xFE,0x41,0x17,0x22,0xFF,0x8D,0x1E,0x25,0xFF,0x5B,0x14,0x21,0xFE,0x06,0x0E,0x1F,0xFE,
    0x09,0x11,0x1F,0xFE,0x6F,0x16,0x21,0xFE,0x7E,0x17,0x22,0xFE,0x17,0x12,0x22,0xFE,0x00,0x10,0x21,0xFE,0x52,0x11,0x1F,0xFE,
    0x79,0x17,0x21,0xFE,0x1E,0x10,0x1E,0xFE,0x00,0x0B,0x1C,0xFE,0x2C,0x0E,0x1D,0xFE,0x7E,0x1A,0x26,0xFE,0x8D,0x1F,0x27,0xFE,
    0x63,0x18,0x22,0xFE,0x9B,0x20,0x27,0xFE,0x58,0x19,0x26,0xFE,0x01,0x0F,0x20,0xFE,0x1C,0x12,0x1F,0xFE,0x7F,0x1B,0x28,0xFE,
    0x2B,0x13,0x24,0xFE,0x0A,0x0C,0x22,0xFF,0x22,0x11,0x22,0xFF,0x5F,0x19,0x21,0xFF,0x02,0x0E,0x1F,0xFF,0x1C,0x11,0x24,0xFF,
    0x9C,0x1F,0x27,0xFF,0x3F,0x15,0x22,0xFF,0x00,0x0E,0x20,0xFF,0x6E,0x1B,0x25,0xFF,0x75,0x1B,0x23,0xFF,0x81,0x1F,0x29,0xFF,
    0x98,0x20,0x2C,0xFF,0x1B,0x0F,0x1E,0xFF,0x02,0x0F,0x1F,0xFF,0x76,0x1C,0x28,0xFF,0x5C,0x18,0x26,0xFF,0x00,0x0C,0x1D,0xFF,
    0x19,0x12,0x21,0xFF,0x7F,0x1F,0x2A,0xFF,0x4E,0x16,0x26,0xFF,0x00,0x0C,0x1C,0xFF,0x35,0x14,0x21,0xFF,0x6F,0x1A,0x29,0xFF,
    0x0F,0x0F,0x21,0xFF,0x34,0x16,0x22,0xFF,0x98,0x22,0x2A,0xFF,0x28,0x13,0x22,0xFF,0x05,0x0F,0x1E,0xFF,0x47,0x18,0x22,0xFF,
    0x18,0x11,0x23,0xFF,0x40,0x12,0x23,0xFF,0x4E,0x11,0x21,0xFF,0x08,0x0F,0x1F,0xFF,0x21,0x15,0x21,0xFF,0x88,0x1A,0x22,0xFF,
    0xA3,0x1B,0x22,0xFF,0x5E,0x17,0x23,0xFE,0x0B,0x0E,0x1F,0xFE,0x0C,0x0E,0x1E,0xFF,0x6F,0x1B,0x26,0xFE,0x8F,0x1E,0x26,0xFE,
    0x2C,0x10,0x22,0xFF,0x00,0x0B,0x1F,0xFF,0x47,0x15,0x22,0xFF,0x8A,0x1D,0x25,0xFF,0x28,0x10,0x21,0xFF,0x0C,0x0E,0x1D,0xFE,
    0x77,0x20,0x24,0xFE,0x85,0x21,0x24,0xFE,0x82,0x1B,0x21,0xFE,0x37,0x11,0x21,0xFE,0x00,0x0E,0x23,0xFE,0x32,0x14,0x25,0xFF,
    0x8C,0x1A,0x22,0xFF,0x64,0x16,0x1F,0xFE,0x08,0x0D,0x1F,0xFE,0x00,0x0B,0x1F,0xFE,0x24,0x10,0x1F,0xFE,0x77,0x19,0x22,0xFE,
    0x50,0x14,0x21,0xFE,0x00,0x0C,0x1F,0xFE,0x00,0x0E,0x21,0xFF,0x31,0x11,0x21,0xFF,0x48,0x15,0x23,0xFB,0x13,0x0F,0x22,0xFE,
    0x3A,0x43,0x50,0x8B,0x72,0x3F,0x46,0x6D,0x5E,0x21,0x2F,0xF9,0x34,0x14,0x1F,0xFF,0x93,0x1D,0x29,0xFF,0x4D,0x16,0x25,0xFB,
    0x05,0x12,0x1E,0xFC,0x6F,0x18,0x23,0xFE,0x49,0x15,0x23,0xFF,0x0D,0x13,0x1F,0xFF,0x8D,0x1B,0x26,0xFF,0x6B,0x16,0x21,0xFF,
    0x07,0x11,0x1D,0xFF,0x2B,0x16,0x22,0xFF,0xA2,0x21,0x29,0xFF,0x70,0x1B,0x23,0xFF,0x07,0x11,0x1D,0xFF,0x44,0x18,0x23,0xFF,
    0xA0,0x21,0x28,0xFF,0x29,0x14,0x1F,0xFF,0x08,0x12,0x1F,0xFF,0x6C,0x18,0x22,0xFF,0x65,0x15,0x20,0xFF,0x00,0x0E,0x20,0xFF,
    0x27,0x12,0x23,0xFF,0x81,0x15,0x20,0xFF,0x44,0x10,0x20,0xFE,0x00,0x11,0x24,0xFD,0x25,0x13,0x24,0xFC,0x78,0x14,0x21,0xFC,
    0x70,0x11,0x22,0xFF,0x2F,0x10,0x1F,0xFF,0x0F,0x19,0x24,0xFF,0x58,0x2E,0x39,0x93,0xFF,0xD4,0xFF,0x0C,0x00,0x00,0x00,0x00,
    0x7F,0x7F,0x7F,0x02,0x00,0x00,0x00,0x00,0x00,0x00,0x00,0x00,0x00,0x00,0x00,0x00,0x00,0x00,0x00,0x00,0x00,0x00,0x00,0x00,
    0x00,0x00,0x00,0x00,0x00,0x00,0x00,0x00,0x00,0x00,0x00,0x00,0x00,0x00,0x00,0x00,0x00,0x00,0x00,0x00,0x00,0x00,0x00,0x00,
    0x00,0x00,0x00,0x00,0x00,0x00,0x00,0x00,0x00,0x00,0x00,0x00,0xFF,0xFF,0x00,0x01,0x55,0x00,0x00,0x03,0x00,0x00,0x00,0x00,
    0xDF,0xFF,0xFF,0x08,0x37,0x31,0x39,0x7C,0x5D,0x1A,0x25,0xF7,0x98,0x15,0x23,0xFF,0x56,0x10,0x20,0xFF,0x04,0x08,0x18,0xFE,
    0x44,0x12,0x1F,0xFD,0x9E,0x1C,0x28,0xFD,0x4A,0x10,0x20,0xFC,0x00,0x08,0x18,0xFB,0x5E,0x15,0x21,0xFB,0x87,0x19,0x26,0xFB,
    0x14,0x0D,0x1C,0xFB,0x1D,0x0F,0x1C,0xFB,0x8B,0x1B,0x25,0xFB,0x4A,0x11,0x20,0xFB,0x02,0x0B,0x1B,0xFB,0x4B,0x15,0x21,0xFB,
    0x6C,0x13,0x24,0xFB,0x11,0x0C,0x1A,0xFC,0x1C,0x0E,0x1A,0xFD,0x7B,0x10,0x21,0xFE,0x53,0x10,0x21,0xFF,0x0B,0x0E,0x1B,0xFF,
    0x2F,0x0F,0x1E,0xFF,0x2A,0x10,0x23,0xFF,0x1B,0x13,0x25,0xFF,0x1E,0x10,0x22,0xFF,0x14,0x0F,0x22,0xFF,0x1E,0x11,0x22,0xFF,
    0x72,0x0F,0x21,0xFF,0x32,0x0C,0x1C,0xFF,0x04,0x0C,0x1A,0xFF,0x63,0x16,0x24,0xFF,0x9D,0x15,0x27,0xFF,0x33,0x10,0x20,0xFF,
    0x08,0x0F,0x1C,0xFF,0x5B,0x13,0x20,0xFF,0x6E,0x0F,0x21,0xFF,0x29,0x12,0x1D,0xFF,0x81,0x19,0x26,0xFF,0x3B,0x0F,0x21,0xFF,
    0x06,0x0B,0x1F,0xFF,0x36,0x11,0x21,0xFF,0x5F,0x14,0x25,0xFF,0x17,0x0B,0x1D,0xFF,0x25,0x1C,0x2B,0xF7,0x34,0x38,0x41,0xC2,
    0x4D,0x0A,0x1E,0xFF,0x41,0x0F,0x20,0xFF,0x20,0x21,0x2F,0xE9,0x23,0x17,0x28,0xFF,0x18,0x0B,0x1F,0xFF,0x15,0x0D,0x21,0xFF,
    0x0C,0x0B,0x1E,0xFF,0x57,0x15,0x21,0xFF,0x96,0x14,0x24,0xFF,0x36,0x0B,0x1D,0xFF,0x01,0x09,0x1B,0xFF,0x1E,0x0B,0x1B,0xFF,
    0x78,0x15,0x20,0xFF,0x8F,0x16,0x26,0xFF,0x39,0x12,0x22,0xFF,0x06,0x0C,0x1C,0xFF,0x54,0x12,0x1F,0xFF,0x99,0x19,0x29,0xFF,
    0x3C,0x14,0x23,0xFF,0x05,0x0C,0x1B,0xFF,0x41,0x13,0x20,0xFF,0x98,0x1A,0x2A,0xFF,0x4A,0x11,0x23,0xFF,0x09,0x0C,0x1D,0xFF,
    0x1C,0x0F,0x1F,0xFF,0x68,0x19,0x25,0xFF,0x96,0x17,0x25,0xFF,0x61,0x14,0x1F,0xFF,0xB0,0x20,0x2D,0xFF,0x77,0x18,0x29,0xFF,
    0x0A,0x10,0x1E,0xFF,0x2E,0x12,0x21,0xFF,0x69,0x20,0x30,0xFF,0x2C,0x26,0x36,0xF2,0x0C,0x08,0x1D,0xFD,0x49,0x11,0x20,0xFC,
    0x5E,0x13,0x20,0xFD,0x04,0x0B,0x1F,0xFD,0x31,0x0E,0x1F,0xFD,0x9C,0x18,0x23,0xFD,0x32,0x0E,0x1D,0xFD,0x06,0x08,0x18,0xFD,
    0x72,0x14,0x20,0xFD,0x6E,0x14,0x20,0xFD,0x84,0x19,0x23,0xFD,0xB4,0x18,0x26,0xFD,0x47,0x0E,0x1D,0xFD,0x06,0x0D,0x1A,0xFD,
    0x68,0x15,0x22,0xFD,0x6A,0x10,0x20,0xFD,0x0C,0x09,0x17,0xFD,0x10,0x0B,0x18,0xFD,0x73,0x15,0x24,0xFD,0x70,0x11,0x22,0xFD,
    0x08,0x0B,0x18,0xFD,0x28,0x10,0x1D,0xFD,0x67,0x0E,0x20,0xFD,0x1E,0x07,0x18,0xFD,0x38,0x0F,0x1A,0xFD,0x9F,0x18,0x25,0xFD,
    0x38,0x0E,0x1D,0xFD,0x08,0x0A,0x1A,0xFD,0x18,0x0C,0x1F,0xFD,0x2A,0x0D,0x1D,0xFD,0x9E,0x11,0x1E,0xFD,0xAD,0x12,0x21,0xFD,
    0x4E,0x11,0x20,0xFD,0x15,0x0E,0x1B,0xFD,0x58,0x13,0x1C,0xFD,0xAE,0x1C,0x27,0xFF,0x9B,0x19,0x2A,0xFF,0x37,0x0D,0x1E,0xFF,
    0x06,0x0A,0x1A,0xFF,0x54,0x16,0x21,0xFF,0xA1,0x19,0x25,0xFE,0x5C,0x0E,0x1E,0xFD,0x02,0x06,0x18,0xFD,0x30,0x0B,0x18,0xFD,
    0x8A,0x16,0x22,0xFD,0x4A,0x0F,0x20,0xFF,0x0D,0x0A,0x1A,0xFF,0x5A,0x14,0x20,0xFF,0x7C,0x15,0x20,0xFF,0x8B,0x14,0x1D,0xFF,
    0x55,0x0E,0x1E,0xFF,0x09,0x0A,0x1D,0xFD,0x1C,0x09,0x1A,0xFE,0x7F,0x17,0x20,0xFF,0x99,0x1B,0x28,0xFF,0x38,0x11,0x22,0xFF,
    0x08,0x0C,0x20,0xFF,0x1C,0x10,0x20,0xFF,0x71,0x19,0x24,0xFF,0x72,0x12,0x21,0xFF,0x1C,0x0A,0x1A,0xFE,0x0A,0x0A,0x1A,0xFE,
    0x24,0x0D,0x1C,0xFC,0x33,0x0E,0x20,0xFF,0x30,0x23,0x30,0x5E,0x00,0x00,0x00,0x00,0x8D,0x67,0x71,0x2F,0x4D,0x33,0x3F,0xAC,
    0x2C,0x1C,0x26,0xFA,0x93,0x1A,0x2B,0xFF,0x5F,0x12,0x22,0xFF,0x0B,0x0E,0x16,0xFF,0x6F,0x14,0x22,0xFE,0x5D,0x12,0x23,0xFC,
    0x08,0x11,0x1B,0xFB,0x86,0x1D,0x27,0xFB,0x7C,0x18,0x26,0xFB,0x0C,0x0F,0x1D,0xFC,0x13,0x10,0x1F,0xFB,0x86,0x1E,0x28,0xFC,
    0x7F,0x1B,0x27,0xFC,0x0A,0x0F,0x1D,0xFC,0x39,0x16,0x22,0xFC,0x99,0x23,0x2C,0xFC,0x2B,0x15,0x22,0xFB,0x03,0x0F,0x1F,0xFC,
    0x5D,0x16,0x22,0xFB,0x76,0x16,0x22,0xFB,0x0F,0x0E,0x1D,0xFB,0x15,0x0C,0x18,0xFD,0x79,0x10,0x1F,0xFF,0x72,0x0D,0x22,0xFF,
    0x18,0x0F,0x1F,0xFF,0x07,0x11,0x1E,0xFF,0x4E,0x1E,0x2E,0xF1,0x98,0x33,0x43,0xA2,0x67,0x5A,0x63,0x3B,0x00,0x02,0x01,0x00,
    0x00,0x00,0x00,0x00,0x00,0x00,0x00,0x01,0x00,0x00,0x00,0x00,0x00,0x00,0x00,0x00,0x00,0x00,0x00,0x00,0x00,0x00,0x00,0x00,
    0x00,0x00,0x00,0x00,0x00,0x00,0x00,0x00,0x00,0x00,0x00,0x00,0x00,0x00,0x00,0x00,0x00,0x00,0x00,0x00,0x00,0x00,0x00,0x00,
    0x00,0x00,0x00,0x00,0x00,0x00,0x00,0x00,0x00,0x00,0x00,0x00,0x00,0x00,0x00,0x00,0x00,0x00,0x00,0x00,0x00,0x00,0x00,0x00,
    0x00,0x00,0x00,0x00,0x55,0x55,0x55,0x03,0x00,0x00,0x00,0x00,0x00,0x00,0x00,0x00,0x10,0x48,0x4D,0x2E,0x45,0x27,0x30,0xC2,
    0x8C,0x17,0x24,0xEF,0x6D,0x20,0x2B,0xFF,0x19,0x19,0x28,0xFF,0x32,0x15,0x26,0xFF,0x9B,0x1D,0x2B,0xFF,0x6F,0x1D,0x29,0xFF,
    0x11,0x11,0x24,0xFF,0x50,0x18,0x2A,0xFF,0x90,0x1E,0x2B,0xFF,0x2A,0x14,0x22,0xFF,0x19,0x11,0x23,0xFF,0x7E,0x1A,0x2B,0xFF,
    0x54,0x14,0x24,0xFF,0x09,0x10,0x22,0xFF,0x39,0x17,0x27,0xFF,0x6E,0x12,0x26,0xFF,0x26,0x12,0x20,0xFF,0x1D,0x1B,0x24,0xFF,
    0x72,0x17,0x29,0xEE,0x54,0x20,0x30,0xE3,0x24,0x26,0x34,0xBF,0x38,0x2A,0x38,0x90,0x4A,0x42,0x52,0x63,0x26,0x21,0x30,0xCE,
    0x19,0x0F,0x1F,0xEE,0x12,0x0F,0x1F,0xED,0x1E,0x0C,0x18,0xEE,0x5C,0x10,0x1C,0xEE,0x1C,0x10,0x1E,0xEE,0x0C,0x0D,0x1B,0xEE,
    0x53,0x12,0x21,0xEE,0x66,0x16,0x27,0xEE,0x22,0x13,0x21,0xEE,0x07,0x12,0x19,0xEE,0x4E,0x12,0x1E,0xEE,0x57,0x12,0x21,0xEE,
    0x20,0x13,0x1E,0xEE,0x6B,0x12,0x22,0xEE,0x29,0x0C,0x1A,0xEE,0x07,0x0C,0x1A,0xEE,0x27,0x11,0x1F,0xED,0x2D,0x0F,0x20,0xF2,
    0x21,0x1D,0x2C,0xE0,0x7F,0x7F,0x89,0x32,0x47,0x2C,0x34,0xA0,0x3B,0x35,0x3E,0x5A,0xC3,0xC3,0xB4,0x11,0x2A,0x24,0x32,0xB0,
    0x1E,0x17,0x28,0xFE,0x1D,0x16,0x27,0xF8,0x1D,0x14,0x23,0xF8,0x0F,0x13,0x22,0xF9,0x44,0x19,0x23,0xFA,0x8A,0x1F,0x2C,0xFF,
    0x3D,0x1C,0x2A,0xFF,0x19,0x1A,0x28,0xFF,0x10,0x12,0x1E,0xF7,0x56,0x12,0x1F,0xEE,0x8B,0x16,0x24,0xEF,0x35,0x11,0x1F,0xEE,
    0x02,0x09,0x18,0xEE,0x3D,0x12,0x20,0xEE,0x88,0x1B,0x27,0xEE,0x37,0x13,0x20,0xEE,0x09,0x0F,0x1E,0xEE,0x31,0x13,0x20,0xEE,
    0x80,0x16,0x26,0xEE,0x3C,0x11,0x21,0xEE,0x12,0x11,0x20,0xEE,0x0C,0x12,0x20,0xEE,0x47,0x13,0x20,0xEE,0x6D,0x10,0x1B,0xEE,
    0x3E,0x15,0x1F,0xEE,0x93,0x1B,0x28,0xEE,0x4B,0x17,0x22,0xED,0x0B,0x11,0x21,0xEF,0x47,0x2D,0x3C,0xA8,0x66,0x5F,0x66,0x48,
    0x28,0x1D,0x30,0xFF,0x1B,0x1A,0x2B,0xFF,0x65,0x22,0x2C,0xFF,0x3E,0x1E,0x2C,0xFF,0x12,0x19,0x2B,0xFF,0x57,0x20,0x2D,0xFF,
    0x89,0x23,0x2F,0xFF,0x20,0x1A,0x27,0xFF,0x1F,0x1C,0x28,0xFF,0x88,0x22,0x2F,0xFF,0x5E,0x22,0x2B,0xFF,0x76,0x25,0x2D,0xFF,
    0xB6,0x26,0x30,0xFF,0x63,0x23,0x2F,0xFF,0x14,0x1B,0x28,0xFF,0x57,0x1A,0x27,0xFF,0x64,0x1A,0x28,0xFF,0x1F,0x1A,0x27,0xFF,
    0x1B,0x1B,0x27,0xFF,0x66,0x22,0x2F,0xFF,0x72,0x22,0x30,0xFF,0x1B,0x1A,0x25,0xFF,0x21,0x19,0x23,0xFF,0x5B,0x15,0x25,0xFF,
    0x2B,0x18,0x24,0xFF,0x3C,0x1E,0x29,0xFF,0x8F,0x26,0x34,0xFF,0x3B,0x21,0x2E,0xFF,0x25,0x1F,0x30,0xFF,0x20,0x1D,0x2D,0xFF,
    0x2D,0x1D,0x26,0xFF,0xA9,0x25,0x31,0xFF,0xC7,0x2A,0x36,0xFF,0x90,0x27,0x32,0xFF,0x38,0x21,0x2B,0xFF,0x3D,0x20,0x28,0xFF,
    0x8B,0x1E,0x2A,0xF7,0x9D,0x22,0x2F,0xFF,0x5A,0x19,0x25,0xFD,0x11,0x17,0x23,0xFB,0x41,0x22,0x2F,0xFF,0xA2,0x28,0x35,0xFF,
    0x78,0x24,0x2E,0xFF,0x1D,0x1B,0x29,0xFF,0x28,0x1D,0x2B,0xFF,0x7D,0x1F,0x2C,0xFE,0x58,0x18,0x26,0xFA,0x0F,0x13,0x22,0xFA,
    0x4E,0x16,0x27,0xF9,0x5D,0x18,0x25,0xF7,0x6D,0x1D,0x26,0xFF,0x53,0x22,0x30,0xFF,0x1E,0x1B,0x2B,0xFF,0x1C,0x18,0x27,0xFF,
    0x66,0x1C,0x27,0xF7,0x90,0x1C,0x28,0xF1,0x45,0x17,0x28,0xF6,0x11,0x10,0x1F,0xEE,0x0C,0x12,0x1E,0xF0,0x5B,0x1C,0x28,0xF9,
    0x7C,0x20,0x2D,0xFF,0x2C,0x1C,0x2A,0xFF,0x18,0x17,0x25,0xFA,0x2F,0x1C,0x2E,0xF8,0x5E,0x4B,0x58,0x4E,0x55,0x00,0x00,0x03,
    0x00,0x00,0x00,0x00,0x02,0x03,0x03,0x00,0x46,0x66,0x6C,0x28,0x4A,0x40,0x44,0x7B,0x9E,0x29,0x37,0xC4,0x51,0x1B,0x27,0xED,
    0x11,0x1A,0x1F,0xFF,0x63,0x18,0x28,0xFF,0x68,0x13,0x27,0xFF,0x19,0x12,0x1C,0xFF,0x77,0x19,0x26,0xFF,0x84,0x19,0x29,0xFF,
    0x21,0x11,0x21,0xFF,0x0F,0x0F,0x20,0xFF,0x70,0x18,0x28,0xFF,0x89,0x1D,0x2C,0xFF,0x1D,0x12,0x21,0xFF,0x3F,0x16,0x24,0xFF,
    0x98,0x1E,0x2D,0xFF,0x2B,0x11,0x24,0xFF,0x04,0x0D,0x22,0xFF,0x4A,0x15,0x26,0xFF,0x81,0x18,0x28,0xFF,0x25,0x18,0x24,0xFF,
    0x0F,0x17,0x24,0xF3,0x7E,0x1F,0x2F,0xD8,0x78,0x31,0x3B,0xAF,0x2E,0x38,0x45,0x63,0x3F,0x76,0x7F,0x1C,0x00,0x02,0x01,0x00,
    0x00,0x00,0x00,0x00,0x55,0x00,0x00,0x03,0xFF,0x00,0x00,0x01,0x00,0x00,0x00,0x00,0x00,0x00,0x00,0x00,0x00,0x00,0x00,0x00,
    0x00,0x00,0x00,0x00,0x00,0x00,0x00,0x00,0x00,0x00,0x00,0x00,0x00,0x00,0x00,0x00,0x00,0x00,0x00,0x00,0x00,0x00,0x00,0x00,
    0x00,0x00,0x00,0x00,0x00,0x00,0x00,0x00,0x00,0x00,0x00,0x00,0x00,0x00,0x00,0x00,0x00,0x00,0x00,0x00,0x00,0x00,0x00,0x00,
    0x00,0x00,0x00,0x00,0x00,0x00,0x00,0x00,0x00,0x00,0x00,0x00,0x00,0x00,0x00,0x00,0x00,0x00,0x00,0x01,0x3F,0x00,0x00,0x04,
    0x00,0x00,0x00,0x00,0x00,0x05,0x05,0x00,0x00,0x3F,0x4C,0x14,0xB4,0x8C,0x91,0x33,0x87,0x6A,0x73,0x3E,0x1D,0x2D,0x3A,0x3D,
    0x4D,0x39,0x43,0x4C,0xB3,0x65,0x6E,0x76,0x65,0x4D,0x58,0x76,0x20,0x31,0x3E,0x76,0x72,0x2B,0x38,0x76,0x76,0x2D,0x38,0x76,
    0x15,0x1C,0x2B,0x76,0x29,0x19,0x26,0x76,0x7C,0x29,0x2F,0x75,0x4B,0x40,0x47,0x76,0x4D,0x5A,0x5F,0x76,0x58,0x3E,0x48,0x51,
    0x70,0x36,0x3E,0x3D,0x67,0x6C,0x6C,0x36,0x00,0x5A,0x5A,0x11,0xFF,0xFF,0xFF,0x0A,0x03,0x03,0x02,0x00,0x00,0x00,0x00,0x00,
    0x00,0x00,0x00,0x00,0xCC,0xCC,0xCC,0x05,0x0F,0x1E,0x1E,0x11,0x2F,0x0F,0x1F,0x10,0x00,0x0F,0x1E,0x11,0x00,0x2D,0x1E,0x11,
    0x4B,0x1E,0x2D,0x11,0x3C,0x2D,0x2D,0x11,0x00,0x2D,0x2D,0x11,0x00,0x2D,0x3C,0x11,0x3C,0x2D,0x3C,0x11,0x5A,0x3C,0x4B,0x11,
    0x00,0x3C,0x3C,0x11,0x3C,0x3C,0x3C,0x11,0x0F,0x2D,0x2D,0x11,0x00,0x1E,0x2D,0x11,0x3C,0x1E,0x0F,0x11,0x2D,0x0F,0x1E,0x11,
    0x00,0x0F,0x0F,0x11,0x21,0x42,0x42,0x17,0x63,0x58,0x63,0x17,0x00,0x00,0x00,0x00,0x00,0x00,0x00,0x00,0x00,0x00,0x00,0x00,
    0x00,0x00,0x00,0x00,0x91,0x91,0x91,0x07,0x7C,0x7C,0x82,0x2B,0x6E,0x6E,0x75,0x25,0x67,0x67,0x67,0x20,0x7F,0x69,0x70,0x22,
    0x3F,0x71,0x71,0x24,0x82,0x88,0x88,0x2D,0xA6,0x87,0x8C,0x31,0x89,0x84,0x89,0x32,0x6A,0x62,0x6A,0x1F,0x00,0x00,0x00,0x11,
    0x00,0x0F,0x1E,0x11,0x69,0x1E,0x1E,0x11,0x3C,0x0F,0x1E,0x11,0x00,0x0F,0x1E,0x11,0x00,0x1E,0x2D,0x11,0x78,0x2D,0x3C,0x11,
    0x4B,0x1E,0x2D,0x11,0x00,0x1E,0x1E,0x11,0x00,0x1E,0x1E,0x11,0x5A,0x1E,0x1E,0x11,0x1E,0x1E,0x2D,0x11,0x3C,0x1E,0x2D,0x11,
    0x00,0x1E,0x1E,0x11,0x0F,0x1E,0x2D,0x11,0x00,0x1E,0x1E,0x11,0x00,0x0F,0x1E,0x11,0x63,0x38,0x38,0x12,0x46,0x38,0x38,0x12,
    0x00,0xBF,0xBF,0x04,0x01,0x01,0x01,0x00,0x76,0x72,0x7B,0x3A,0x70,0x68,0x70,0x3D,0x5B,0x68,0x6C,0x3D,0x79,0x6C,0x75,0x3D,
    0x79,0x70,0x79,0x3D,0x60,0x6C,0x70,0x3D,0x81,0x6C,0x75,0x3D,0x81,0x79,0x7D,0x3D,0x7D,0x7D,0x81,0x3D,0x6C,0x70,0x79,0x3D,
    0x9E,0x75,0x7D,0x3D,0x60,0x75,0x75,0x3D,0x92,0x6C,0x70,0x3D,0xAB,0x75,0x7D,0x3D,0x75,0x68,0x70,0x3D,0x47,0x5B,0x60,0x3D,
    0x79,0x68,0x70,0x3D,0x79,0x70,0x79,0x3D,0x7D,0x70,0x79,0x3D,0x53,0x6C,0x6C,0x3D,0x85,0x6C,0x75,0x3D,0x79,0x64,0x68,0x3D,
    0x60,0x64,0x68,0x3D,0x53,0x64,0x68,0x3D,0x89,0x6C,0x79,0x3D,0x57,0x6C,0x70,0x3D,0x81,0x7D,0x85,0x3D,0xA3,0x85,0x8E,0x3D,
    0x7D,0x81,0x89,0x3D,0x8E,0x81,0x89,0x3D,0x75,0x7D,0x81,0x3D,0x81,0x81,0x85,0x3D,0xA3,0x81,0x89,0x3D,0xC8,0x85,0x8E,0x3D,
    0xC0,0x8E,0x92,0x3D,0x60,0x7C,0x7C,0x2D,0x39,0x62,0x62,0x1F,0xA8,0x84,0x89,0x32,0xC8,0x79,0x7F,0x2A,0x90,0x7C,0x7C,0x25,
    0x6C,0x84,0x8D,0x36,0x85,0x89,0x92,0x3D,0xBE,0x8E,0x92,0x3B,0xA4,0x8E,0x92,0x3B,0x7F,0x88,0x8C,0x3A,0x58,0x7C,0x82,0x2B,
    0xB1,0x78,0x7F,0x24,0x86,0x71,0x78,0x24,0x3C,0x69,0x69,0x22,0x6A,0x6A,0x73,0x1F,0x60,0x82,0x88,0x2D,0x9B,0x8E,0x92,0x3B,
    0x8D,0x88,0x8D,0x36,0x82,0x7C,0x82,0x2D,0x18,0x5A,0x62,0x1F,0x3C,0x3C,0x48,0x15,0xAF,0x69,0x72,0x1D,0x1E,0x0F,0x0F,0x11,
    0x3F,0x33,0x33,0x14,0x3A,0x74,0x74,0x23,0xA5,0x8D,0x92,0x36,0x9C,0x89,0x8E,0x34,0x7F,0x7F,0x85,0x2A,0x70,0x78,0x7F,0x22,
    0x7F,0x9F,0x9F,0x08,0x00,0x00,0x00,0x00,0x55,0x55,0x55,0x03,0x00,0x00,0x00,0x02,0x00,0x00,0x00,0x00,0x00,0x00,0x00,0x00,
    0x00,0x04,0x04,0x00,0xE1,0x96,0xA5,0x11,0x73,0x69,0x6E,0x35,0x25,0x48,0x4B,0x4A,0x96,0x4A,0x59,0x75,0x4B,0x19,0x24,0x76,
    0x1F,0x28,0x31,0x8B,0x8C,0x45,0x51,0xB0,0x6E,0x30,0x3B,0xAF,0x2A,0x24,0x31,0xB0,0x1C,0x24,0x31,0xB0,0x65,0x25,0x34,0xB0,
    0x76,0x22,0x2E,0xB0,0x18,0x1E,0x2A,0xB0,0x5E,0x2E,0x39,0xB0,0x7E,0x45,0x52,0xB0,0x26,0x22,0x33,0x85,0x26,0x31,0x40,0x76,
    0x73,0x4F,0x5A,0x63,0x8E,0x53,0x5B,0x3D,0x67,0x71,0x7A,0x1B,0x00,0xFF,0xFF,0x04,0x00,0x02,0x02,0x00,0x00,0x00,0x00,0x00,
    0x00,0x00,0x00,0x00,0x55,0x00,0x00,0x03,0x55,0x55,0x55,0x03,0x00,0x00,0x00,0x00,0x00,0x00,0x00,0x00,0x00,0x00,0x00,0x00,
    0x00,0x00,0x00,0x00,0x00,0x00,0x00,0x00,0x00,0x00,0x00,0x00,0x00,0x00,0x00,0x00,0x00,0x00,0x00,0x00,0x00,0x00,0x00,0x00,
    0x00,0x00,0x00,0x00,0x00,0x00,0x00,0x00,0x00,0x00,0x00,0x00,0x00,0x00,0x00,0x00,0x00,0x00,0x00,0x00,0x00,0x00,0x00,0x00,
    0x00,0x00,0x00,0x00,0x00,0x00,0x00,0x00,0x00,0x00,0x00,0x00,0x00,0x00,0x00,0x00,0x00,0x00,0x00,0x00,0x00,0x00,0x00,0x00,
    0x00,0x00,0x00,0x00,0x00,0x00,0x00,0x00,0x00,0x00,0x00,0x02,0x00,0x00,0x00,0x00,0x00,0x00,0x00,0x00,0x00,0x00,0x00,0x00,
    0x00,0x00,0x00,0x00,0x00,0x00,0x00,0x00,0x00,0x00,0x00,0x00,0x00,0x00,0x00,0x00,0x00,0x00,0x00,0x00,0x00,0x00,0x00,0x00,
    0x00,0x00,0x00,0x00,0x00,0x00,0x00,0x00,0x00,0x00,0x00,0x00,0x00,0x00,0x00,0x00,0x00,0x00,0x00,0x00,0x00,0x00,0x00,0x00,
    0x00,0x00,0x00,0x00,0x00,0x00,0x00,0x00,0x00,0x00,0x00,0x00,0x00,0x00,0x00,0x00,0x00,0x00,0x00,0x00,0x00,0x00,0x00,0x00,
    0x00,0x00,0x00,0x02,0x00,0x00,0x00,0x04,0x3F,0x3F,0x3F,0x04,0x00,0x00,0x00,0x00,0x00,0x00,0x00,0x00,0x00,0x00,0x00,0x00,
    0x00,0x00,0x00,0x00,0x00,0x00,0x00,0x00,0x00,0x00,0x00,0x00,0x00,0x00,0x00,0x00,0x01,0x00,0x00,0x00,0x00,0x00,0x00,0x00,
    0x00,0x00,0x00,0x00,0x00,0x00,0x00,0x00,0x00,0x00,0x00,0x00,0x00,0x00,0x00,0x00,0x00,0x00,0x00,0x00,0x00,0x00,0x00,0x00,
    0x00,0x00,0x00,0x00,0x00,0x00,0x00,0x00,0x00,0x00,0x00,0x00,0x00,0x00,0x00,0x00,0x00,0x00,0x00,0x00,0xFF,0xFF,0xFF,0x01,
    0x55,0x00,0x00,0x03,0x55,0x55,0x55,0x03,0x00,0x00,0xFF,0x01,0x00,0x00,0x00,0x00,0x00,0x00,0x00,0x00,0x00,0x00,0x00,0x00,
    0x00,0x00,0x00,0x00,0x00,0x00,0x00,0x00,0x00,0x00,0x00,0x00,0x00,0x00,0x00,0x00,0x00,0x00,0x00,0x00,0x00,0x00,0x00,0x00,
    0x00,0x00,0x00,0x00,0x01,0x00,0x00,0x00,0x00,0x00,0x00,0x00,0x00,0x00,0x00,0x00,0x00,0x00,0x00,0x00,0x01,0x00,0x00,0x00,
    0x00,0x00,0x00,0x00,0x00,0x00,0x00,0x00,0x00,0x00,0x00,0x00,0x01,0x00,0x00,0x00,0x00,0x00,0x00,0x00,0x00,0x00,0x00,0x00,
    0x00,0x00,0x00,0x00,0x00,0x00,0x00,0x00,0x01,0x00,0x00,0x00,0x00,0x00,0x00,0x00,0x00,0x00,0x00,0x00,0x01,0x00,0x00,0x00,
    0x00,0x00,0x00,0x00,0x00,0x00,0x00,0x00,0x00,0x00,0x00,0x00,0x00,0x00,0x00,0x01,0x00,0x00,0x00,0x00,0x00,0x00,0x00,0x00,
    0x00,0x00,0x00,0x00,0x00,0x00,0x00,0x00,0x00,0x00,0x00,0x00,0x00,0x00,0x00,0x00,0x00,0x00,0x00,0x00,0x00,0x00,0x00,0x00,
    0x00,0x00,0x00,0x00,0x00,0x00,0x00,0x00,0x00,0x00,0x00,0x00,0x00,0x00,0x00,0x00,0x00,0x00,0x00,0x00,0x00,0x00,0x00,0x00,
    0x00,0x00,0x00,0x00,0x00,0x00,0x00,0x00,0x00,0x00,0x00,0x00,0x00,0x00,0x00,0x00,0x00,0x00,0x00,0x00,0x00,0x00,0x00,0x00,
    0x00,0x00,0x00,0x00,0x00,0x00,0x00,0x00,0x00,0x00,0x00,0x00,0x00,0x00,0x00,0x00,0x00,0x00,0x00,0x00,0x00,0x00,0x00,0x00,
    0x00,0x00,0x00,0x00,0x00,0x00,0x00,0x00,0x00,0x00,0x00,0x00,0x00,0x00,0x00,0x00,0x00,0x00,0x00,0x00,0x00,0x00,0x00,0x00,
    0x00,0x00,0x00,0x00,0x00,0x00,0x00,0x00,0x00,0x00,0x00,0x00,0x00,0x00,0x00,0x00,0x00,0x00,0x00,0x00,0x00,0x00,0x00,0x00,
    0x00,0x00,0x00,0x00,0x00,0x00,0x00,0x00,0x00,0x00,0x00,0x00,0x00,0x00,0x00,0x00,0x00,0x00,0x00,0x00,0x00,0x00,0x00,0x00,
    0x00,0x00,0x00,0x00,0x00,0x00,0x00,0x00,0x00,0x00,0x00,0x00,0x00,0x00,0x00,0x00,0x00,0x00,0x00,0x00,0x00,0x00,0x00,0x00,
    0x00,0x00,0x00,0x00,0x00,0x00,0x00,0x00,0x00,0x00,0x00,0x00,0x00,0x00,0x00,0x00,0x00,0x00,0x00,0x00,0x00,0x00,0x00,0x00,
    0x00,0x00,0x00,0x00,0x00,0x00,0x00,0x00,0x00,0x00,0x00,0x00,0x00,0x00,0x00,0x00,0x00,0x00,0x00,0x00,0x00,0x00,0x00,0x00,
    0x00,0x00,0x00,0x00,0x00,0x00,0x00,0x00,0x00,0x00,0x00,0x00,0x00,0x00,0x00,0x00,0x00,0x00,0x00,0x00,0x00,0x00,0x00,0x00,
    0x7F,0x7F,0x7F,0x02,0x3F,0x00,0x3F,0x04,0xFF,0x00,0x00,0x01,0x00,0x00,0x00,0x00,0x00,0x00,0x00,0x00,0x00,0x00,0x00,0x00,
    0x00,0x00,0x00,0x00,0x00,0x00,0x00,0x00,0x01,0x00,0x00,0x00,0x00,0x01,0x00,0x00,0x00,0x00,0x00,0x00,0x01,0x01,0x00,0x00,
    0x01,0x01,0x00,0x00,0x00,0x00,0x00,0x00,0x00,0x00,0x00,0x00,0x02,0x00,0x00,0x00,0x00,0x00,0x00,0x00,0x00,0x01,0x00,0x00,
    0x00,0x00,0x00,0x00,0x00,0x00,0x00,0x00,0x00,0x00,0x00,0x00,0x00,0x00,0x00,0x00,0x00,0x00,0x00,0x00,0x00,0x00,0x00,0x00,
    0x00,0x00,0x00,0x03,0x00,0x00,0x3F,0x04,0xFF,0xFF,0xFF,0x01,0x00,0x00,0x00,0x00,0x00,0x00,0x00,0x00,0x00,0x00,0x00,0x00,
    0x00,0x00,0x00,0x00,0x00,0x00,0x00,0x00,0x00,0x00,0x00,0x00,0x00,0x00,0x00,0x00,0x00,0x00,0x00,0x00,0x00,0x00,0x00,0x00,
    0x00,0x00,0x00,0x00,0x00,0x00,0x00,0x00,0x00,0x00,0x00,0x00,0x00,0x00,0x00,0x00,0x00,0x00,0x00,0x00,0x00,0x00,0x00,0x00,
    0x00,0x00,0x00,0x00,0x00,0x00,0x00,0x00,0x00,0x00,0x00,0x00,0x00,0x00,0x00,0x00,0x00,0x00,0x00,0x00,0x00,0x00,0x00,0x00,
    0x00,0x00,0x00,0x00,0x00,0x00,0x00,0x00,0x00,0x00,0x00,0x00,0x00,0x00,0x00,0x00,0x00,0x00,0x00,0x00,0x00,0x00,0x00,0x01,
    0x00,0x00,0x00,0x01,0x55,0x55,0x55,0x03,0x55,0x55,0x55,0x03,0x55,0x00,0x55,0x03,0x55,0x55,0x55,0x03,0xBF,0x3F,0x3F,0x04,
    0x3F,0x3F,0x3F,0x04,0x3F,0x3F,0x3F,0x04,0x7F,0x3F,0x3F,0x04,0x7F,0x3F,0x3F,0x04,0x00,0x00,0x3F,0x04,0x3F,0x00,0x3F,0x04,
    0x7F,0x3F,0x3F,0x04,0x3F,0x3F,0x3F,0x04,0x3F,0x3F,0x3F,0x04,0x55,0x55,0x55,0x03,0x55,0x55,0x55,0x03,0x55,0x55,0x55,0x03,
    0x00,0x00,0x00,0x01,0xFF,0x00,0x00,0x01,0x00,0x00,0x00,0x00,0x00,0x00,0x00,0x00,0x00,0x00,0x00,0x00,0x00,0x00,0x00,0x01,
    0x00,0x00,0x00,0x01,0x00,0x00,0x00,0x01,0x00,0x00,0x00,0x01,0x00,0x00,0x00,0x01,0x00,0x00,0x00,0x01,0x00,0x00,0x00,0x01,
    0x00,0x00,0x00,0x01,0x00,0x00,0x00,0x01,0x00,0x00,0x00,0x01,0x00,0x00,0x00,0x01,0x00,0x00,0x00,0x01,0x00,0x00,0x00,0x01,
    0x00,0x00,0x00,0x01,0x00,0x00,0x00,0x01,0x00,0x00,0x00,0x01,0x00,0x00,0x00,0x01,0x00,0x00,0x00,0x01,0x00,0x00,0x00,0x01,
    0x00,0x00,0x00,0x01,0x00,0x00,0x00,0x00,0x00,0x00,0x00,0x00,0x00,0x00,0x00,0x00,0x00,0x00,0x00,0x00,0x00,0x00,0x00,0x01,
    0x7F,0x7F,0x7F,0x02,0x7F,0x7F,0x7F,0x02,0x7F,0x7F,0x7F,0x02,0x7F,0x7F,0x7F,0x02,0x7F,0x7F,0x7F,0x02,0x7F,0x7F,0x7F,0x02,
    0x7F,0x7F,0x7F,0x02,0x7F,0x7F,0x7F,0x02,0x7F,0x7F,0x7F,0x02,0x00,0x00,0x00,0x01,0x00,0x00,0x00,0x01,0x00,0x00,0x00,0x01,
    0x00,0x00,0x00,0x01,0x00,0x00,0x00,0x01,0x00,0x00,0x00,0x01,0x00,0x00,0x00,0x01,0x00,0x00,0x00,0x01,0x00,0x00,0x00,0x01,
    0x00,0x00,0x00,0x01,0x00,0x00,0x00,0x01,0x00,0x00,0x00,0x01,0x00,0x00,0x00,0x01,0x00,0x00,0x00,0x01,0x00,0x00,0x00,0x01,
    0x00,0x00,0x00,0x01,0x00,0x00,0x00,0x01,0x00,0x00,0x00,0x01,0x00,0x00,0x00,0x01,0x00,0x00,0x00,0x01,0x00,0x00,0x00,0x00,
    0x55,0x55,0x55,0x03,0x55,0x55,0x55,0x03,0x55,0x55,0x55,0x03,0x55,0x55,0x55,0x03,0x55,0x55,0x55,0x03,0x55,0x55,0x55,0x03,
    0x55,0x55,0x55,0x03,0x55,0x55,0x55,0x03,0x55,0x55,0x55,0x03,0x55,0x55,0x55,0x03,0xAA,0x55,0x55,0x03,0x55,0x55,0x55,0x03,
    0xAA,0x55,0x55,0x03,0xAA,0x55,0x55,0x03,0x55,0x55,0x55,0x03,0x55,0x55,0x55,0x03,0x55,0x55,0x55,0x03,0x55,0x55,0x55,0x03,
    0x55,0x55,0x55,0x03,0x55,0x55,0x55,0x03,0x55,0x55,0x55,0x03,0x55,0x55,0x55,0x03,0x55,0x55,0x55,0x03,0x55,0x55,0x55,0x03,
    0x55,0x55,0x55,0x03,0x55,0x55,0x55,0x03,0xAA,0x55,0x55,0x03,0xAA,0x55,0x55,0x03,0x55,0x55,0x55,0x03,0x55,0x55,0x55,0x03,
    0x55,0x55,0x55,0x03,0xAA,0x55,0x55,0x03,0xAA,0x55,0x55,0x03,0xAA,0x55,0x55,0x03,0xAA,0x55,0x55,0x03,0x7F,0x7F,0x7F,0x02,
    0x7F,0x7F,0x7F,0x02,0xFF,0x7F,0x7F,0x02,0x7F,0x7F,0x7F,0x02,0x7F,0x7F,0x7F,0x02,0x55,0x55,0x55,0x03,0xAA,0x55,0x55,0x03,
    0xAA,0x55,0x55,0x03,0x55,0x55,0x55,0x03,0x55,0x55,0x55,0x03,0x7F,0x7F,0x7F,0x02,0x7F,0x7F,0x7F,0x02,0x7F,0x7F,0x7F,0x02,
    0x7F,0x7F,0x7F,0x02,0x7F,0x7F,0x7F,0x02,0x7F,0x7F,0x7F,0x02,0x55,0x55,0x55,0x03,0x55,0x55,0x55,0x03,0x7F,0x7F,0x7F,0x02,
    0x7F,0x7F,0x7F,0x02,0xFF,0x00,0x00,0x01,0x7F,0x00,0x7F,0x02,0x00,0x00,0x00,0x01,0x00,0x00,0x00,0x01,0x7F,0x7F,0x7F,0x02,
    0xAA,0x55,0x55,0x03,0x55,0x55,0x55,0x03,0x7F,0x7F,0x7F,0x02,0x7F,0x7F,0x7F,0x02,0x00,0x00,0x00,0x00,0x00,0x00,0x00,0x00,
    0x00,0x00,0x00,0x00,0x00,0x00,0x00,0x00,0x00,0x00,0x00,0x00,0x00,0x00,0x00,0x00,0x00,0x00,0x00,0x00,0xFF,0x00,0x00,0x01,
    0x55,0x55,0x55,0x03,0x55,0x55,0x55,0x03,0x7F,0x3F,0x3F,0x04,0x3F,0x00,0x3F,0x04,0x00,0x00,0x00,0x04,0x55,0x00,0x00,0x03,
    0x55,0x00,0x00,0x03,0x00,0x00,0x00,0x03,0x00,0x00,0x00,0x03,0xAA,0x00,0x00,0x03,0x55,0x00,0x00,0x03,0x00,0x00,0x00,0x03,
    0x55,0x00,0x00,0x03,0x55,0x00,0x00,0x03,0x00,0x00,0x00,0x04,0x3F,0x3F,0x3F,0x04,0x7F,0x3F,0x3F,0x04,0x55,0x55,0x55,0x03,
    0x00,0x00,0x7F,0x02,0x00,0x00,0x00,0x01,0x00,0x00,0x00,0x00,0x00,0x00,0x00,0x00,0x00,0x00,0x00,0x00,0x00,0x00,0x00,0x00,
    0x00,0x00,0x00,0x00,0x00,0x00,0x00,0x00,0x00,0x00,0x00,0x00,0x00,0x00,0x00,0x00,0x00,0x00,0x00,0x00,0x00,0x00,0x00,0x00,
    0x00,0x00,0x00,0x00,0x00,0x00,0x00,0x00,0x00,0x00,0x00,0x00,0x00,0x00,0x00,0x00,0x00,0x00,0x00,0x00,0x00,0x00,0x00,0x00,
    0x00,0x00,0x00,0x00,0x00,0x00,0x00,0x00,0x00,0x00,0x00,0x00,0x00,0x00,0x00,0x00,0x00,0x00,0x00,0x00,0x00,0x00,0x00,0x00,
    0x00,0x00,0x00,0x00,0x00,0x00,0x00,0x00,0x00,0x00,0x00,0x00,0x00,0x00,0x00,0x00,0x00,0x00,0x00,0x00,0x00,0x00,0x00,0x00,
    0x00,0x00,0x00,0x00,0x00,0x00,0x00,0x00,0x00,0x00,0x00,0x00,0x00,0x00,0x00,0x00,0x00,0x00,0x00,0x00,0x00,0x00,0x00,0x00,
    0x00,0x00,0x00,0x00,0x00,0x00,0x00,0x00,0x00,0x00,0x00,0x00,0x00,0x00,0x00,0x00,0x00,0x00,0x00,0x00,0x00,0x00,0x00,0x00,
    0x00,0x00,0x00,0x00,0x00,0x00,0x00,0x00,0x00,0x00,0x00,0x00,0x00,0x00,0x00,0x00,0x00,0x00,0x00,0x00,0x00,0x00,0x00,0x00,
    0x00,0x00,0x00,0x00,0x00,0x00,0x00,0x00,0x00,0x00,0x00,0x00,0x00,0x00,0x00,0x00,0x00,0x00,0x00,0x00,0x00,0x00,0x00,0x00,
    0x00,0x00,0x00,0x00,0x00,0x00,0x00,0x00,0x00,0x00,0x00,0x00,0x00,0x00,0x00,0x00,0x00,0x00,0x00,0x00,0x00,0x00,0x00,0x00,
    0x00,0x00,0x00,0x00,0x00,0x00,0x00,0x00,0x00,0x00,0x00,0x00,0x00,0x00,0x00,0x00,0x00,0x00,0x00,0x00,0x00,0x00,0x00,0x00,
    0x00,0x00,0x00,0x00,0x00,0x00,0x00,0x00,0x00,0x00,0x00,0x00,0x00,0x00,0x00,0x00,0x00,0x00,0x00,0x00,0x00,0x00,0x00,0x00,
    0x00,0x00,0x00,0x00,0x00,0x00,0x00,0x00,0x00,0x00,0x00,0x00,0x00,0x00,0x00,0x00,0x00,0x00,0x00,0x00,0x00,0x00,0x00,0x00,
    0x00,0x00,0x00,0x00,0x00,0x00,0x00,0x00,0x00,0x00,0x00,0x00,0x00,0x00,0x00,0x00,0x00,0x00,0x00,0x00,0x00,0x00,0x00,0x00,
    0x00,0x00,0x00,0x00,0x00,0x00,0x00,0x00,0x00,0x00,0x00,0x00,0x00,0x00,0x00,0x00,0x00,0x00,0x00,0x00,0x00,0x00,0x00,0x00,
    0x00,0x00,0x00,0x00,0x00,0x00,0x00,0x00,0x00,0x00,0x00,0x00,0x00,0x00,0x00,0x00,0x00,0x00,0x00,0x00,0x00,0x00,0x00,0x00,
    0x00,0x00,0x00,0x00,0x00,0x00,0x00,0x00,0x00,0x00,0x00,0x00,0x00,0x00,0x00,0x00,0x00,0x00,0x00,0x00,0x00,0x00,0x00,0x00,
    0x00,0x00,0x00,0x00,0x00,0x00,0x00,0x00,0x00,0x00,0x00,0x00,0x00,0x00,0x00,0x00,0x00,0x00,0x00,0x00,0x00,0x00,0x00,0x00,
    0x00,0x00,0x00,0x00,0x00,0x00,0x00,0x00,0x00,0x00,0x00,0x00,0x00,0x00,0x00,0x00,0x00,0x00,0x00,0x00,0x00,0x00,0x00,0x00,
    0x00,0x00,0x00,0x00,0x00,0x00,0x00,0x00,0x00,0x00,0x00,0x00,0x00,0x00,0x00,0x00,0x00,0x00,0x00,0x00,0x00,0x00,0x00,0x00,
    0x00,0x00,0x00,0x00,0x00,0x00,0x00,0x00,0x00,0x00,0x00,0x00,0x00,0x00,0x00,0x00,0x00,0x00,0x00,0x00,0x00,0x00,0x00,0x00,
    0x00,0x00,0x00,0x00,0x00,0x00,0x00,0x00,0x00,0x00,0x00,0x00,0x00,0x00,0x00,0x00,0x00,0x00,0x00,0x00,0x00,0x00,0x00,0x00,
    0x00,0x00,0x00,0x00,0x00,0x00,0x00,0x00,0x00,0x00,0x00,0x00,0x00,0x00,0x00,0x00,0x00,0x00,0x00,0x00,0x00,0x00,0x00,0x00,
    0x00,0x00,0x00,0x00,0x00,0x00,0x00,0x00,0x00,0x00,0x00,0x00,0x00,0x00,0x00,0x00,0x00,0x00,0x00,0x00,0x00,0x00,0x00,0x00,
    0x00,0x00,0x00,0x00,0x00,0x00,0x00,0x00,0x00,0x00,0x00,0x00,0x00,0x00,0x00,0x00,0x00,0x00,0x00,0x00,0x00,0x00,0x00,0x00,
    0x00,0x00,0x00,0x00,0x00,0x00,0x00,0x00,0x00,0x00,0x00,0x00,0x00,0x00,0x00,0x00,0x00,0x00,0x00,0x00,0x00,0x00,0x00,0x00,
    0x00,0x00,0x00,0x00,0x00,0x00,0x00,0x00,0x00,0x00,0x00,0x00,0x00,0x00,0x00,0x00,0x00,0x00,0x00,0x00,0x00,0x00,0x00,0x00,
    0x00,0x00,0x00,0x00,0x00,0x00,0x00,0x00,0x00,0x00,0x00,0x00,0x00,0x00,0x00,0x00,0x00,0x00,0x00,0x00,0x00,0x00,0x00,0x00,
    0x00,0x00,0x00,0x00,0x00,0x00,0x00,0x00,0x00,0x00,0x00,0x00,0x00,0x00,0x00,0x00,0x00,0x00,0x00,0x00,0x00,0x00,0x00,0x00,
    0x00,0x00,0x00,0x00,0x00,0x00,0x00,0x00,0x00,0x00,0x00,0x00,0x00,0x00,0x00,0x00,0x00,0x00,0x00,0x00,0x00,0x00,0x00,0x00,
    0x00,0x00,0x00,0x00,0x00,0x00,0x00,0x00,0x00,0x00,0x00,0x00,0x00,0x00,0x00,0x00,0x00,0x00,0x00,0x00,0x00,0x00,0x00,0x00,
    0x00,0x00,0x00,0x00,0x00,0x00,0x00,0x00,0x00,0x00,0x00,0x00,0x00,0x00,0x00,0x00,0x00,0x00,0x00,0x00,0x00,0x00,0x00,0x00,
    0x00,0x00,0x00,0x00,0x00,0x00,0x00,0x00,0x00,0x00,0x00,0x00,0x00,0x00,0x00,0x00,0x00,0x00,0x00,0x00,0x00,0x00,0x00,0x00,
    0x00,0x00,0x00,0x00,0x00,0x00,0x00,0x00,0x00,0x00,0x00,0x00,0x00,0x00,0x00,0x00,0x00,0x00,0x00,0x00,0x00,0x00,0x00,0x00,
    0x00,0x00,0x00,0x00,0x00,0x00,0x00,0x00,0x00,0x00,0x00,0x00,0x00,0x00,0x00,0x00,0x00,0x00,0x00,0x00,0x00,0x00,0x00,0x00,
    0x00,0x00,0x00,0x00,0x00,0x00,0x00,0x00,0x00,0x00,0x00,0x00,0x00,0x00,0x00,0x00,0x00,0x00,0x00,0x00,0x00,0x00,0x00,0x00,
    0x00,0x00,0x00,0x00,0x00,0x00,0x00,0x00,0x00,0x00,0x00,0x00,0x00,0x00,0x00,0x00,0x00,0x00,0x00,0x00,0x00,0x00,0x00,0x00,
    0x00,0x00,0x00,0x00,0x00,0x00,0x00,0x00,0x00,0x00,0x00,0x00,0x00,0x00,0x00,0x00,0x00,0x00,0x00,0x00,0x00,0x00,0x00,0x00,
    0x00,0x00,0x00,0x00,0x00,0x00,0x00,0x00,0x00,0x00,0x00,0x00,0x00,0x00,0x00,0x00,0x00,0x00,0x00,0x00,0x00,0x00,0x00,0x00,
    0x00,0x00,0x00,0x00,0x00,0x00,0x00,0x00,0x00,0x00,0x00,0x00,0x00,0x00,0x00,0x00,0x00,0x00,0x00,0x00,0x00,0x00,0x00,0x00,
    0x00,0x00,0x00,0x00,0x00,0x00,0x00,0x00,0x00,0x00,0x00,0x00,0x00,0x00,0x00,0x00,0x00,0x00,0x00,0x00,0x00,0x00,0x00,0x00,
    0x00,0x00,0x00,0x00,0x00,0x00,0x00,0x00,0x00,0x00,0x00,0x00,0x00,0x00,0x00,0x00,0x00,0x00,0x00,0x00,0x00,0x00,0x00,0x00,
    0x00,0x00,0x00,0x00,0x00,0x00,0x00,0x00,0x00,0x00,0x00,0x00,0x00,0x00,0x00,0x00,0x00,0x00,0x00,0x00,0x00,0x00,0x00,0x00,
    0x00,0x00,0x00,0x00,0x00,0x00,0x00,0x00,0x00,0x00,0x00,0x00,0x00,0x00,0x00,0x00,0x00,0x00,0x00,0x00,0x00,0x00,0x00,0x00,
    0x00,0x00,0x00,0x00,0x00,0x00,0x00,0x00,0x00,0x00,0x00,0x00,0x00,0x00,0x00,0x00,0x00,0x00,0x00,0x00,0x00,0x00,0x00,0x00,
    0x00,0x00,0x00,0x00,0x00,0x00,0x00,0x00,0x00,0x00,0x00,0x00,0x00,0x00,0x00,0x00,0x00,0x00,0x00,0x00,0x00,0x00,0x00,0x00,
    0x00,0x00,0x00,0x00,0x00,0x00,0x00,0x00,0x00,0x00,0x00,0x00,0x00,0x00,0x00,0x00,0x00,0x00,0x00,0x00,0x00,0x00,0x00,0x00,
    0x00,0x00,0x00,0x00,0x00,0x00,0x00,0x00,0x00,0x00,0x00,0x00,0x00,0x00,0x00,0x00,0x00,0x00,0x00,0x00,0x00,0x00,0x00,0x00,
    0x00,0x00,0x00,0x00,0x00,0x00,0x00,0x00,0x00,0x00,0x00,0x00,0x00,0x00,0x00,0x00,0x00,0x00,0x00,0x00,0x00,0x00,0x00,0x00,
    0x00,0x00,0x00,0x00,0x00,0x00,0x00,0x00,0x00,0x00,0x00,0x00,0x00,0x00,0x00,0x00,0x00,0x00,0x00,0x00,0x00,0x00,0x00,0x00,
    0x00,0x00,0x00,0x00,0x00,0x00,0x00,0x00,0x00,0x00,0x00,0x00,0x00,0x00,0x00,0x00,0x00,0x00,0x00,0x00,0x00,0x00,0x00,0x00,
    0x00,0x00,0x00,0x00,0x00,0x00,0x00,0x00,0x00,0x00,0x00,0x00,0x00,0x00,0x00,0x00,0x00,0x00,0x00,0x00,0x00,0x00,0x00,0x00,
    0x00,0x00,0x00,0x00,0x00,0x00,0x00,0x00,0x00,0x00,0x00,0x00,0x00,0x00,0x00,0x00,0x00,0x00,0x00,0x00,0x00,0x00,0x00,0x00,
    0x00,0x00,0x00,0x00,0x00,0x00,0x00,0x00,0x00,0x00,0x00,0x00,0x00,0x00,0x00,0x00,0x00,0x00,0x00,0x00,0x00,0x00,0x00,0x00,
    0x00,0x00,0x00,0x00,0x00,0x00,0x00,0x00,0x00,0x00,0x00,0x00,0x00,0x00,0x00,0x00,0x00,0x00,0x00,0x00,0x00,0x00,0x00,0x00,
    0x00,0x00,0x00,0x00,0x00,0x00,0x00,0x00,0x00,0x00,0x00,0x00,0x00,0x00,0x00,0x00,0x00,0x00,0x00,0x00,0x00,0x00,0x00,0x00,
    0x00,0x00,0x00,0x00,0x00,0x00,0x00,0x00,0x00,0x00,0x00,0x00,0x00,0x00,0x00,0x00,0x00,0x00,0x00,0x00,0x00,0x00,0x00,0x00,
    0x00,0x00,0x00,0x00,0x00,0x00,0x00,0x00,0x00,0x00,0x00,0x00,0x00,0x00,0x00,0x00,0x00,0x00,0x00,0x00,0x00,0x00,0x00,0x00,
    0x00,0x00,0x00,0x00,0x00,0x00,0x00,0x00,0x00,0x00,0x00,0x00,0x00,0x00,0x00,0x00,0x00,0x00,0x00,0x00,0x00,0x00,0x00,0x00,
    0x00,0x00,0x00,0x00,0x00,0x00,0x00,0x00,0x00,0x00,0x00,0x00,0x00,0x00,0x00,0x00,0x00,0x00,0x00,0x00,0x00,0x00,0x00,0x00,
    0x00,0x00,0x00,0x00,0x00,0x00,0x00,0x00,0x00,0x00,0x00,0x00,0x00,0x00,0x00,0x00,0x00,0x00,0x00,0x00,0x00,0x00,0x00,0x00,
    0x00,0x00,0x00,0x00,0x00,0x00,0x00,0x00,0x00,0x00,0x00,0x00,0x00,0x00,0x00,0x00,0x00,0x00,0x00,0x00,0x00,0x00,0x00,0x00,
    0x00,0x00,0x00,0x00,0x00,0x00,0x00,0x00,0x00,0x00,0x00,0x00,0x00,0x00,0x00,0x00,0x00,0x00,0x00,0x00,0x00,0x00,0x00,0x00,
    0x00,0x00,0x00,0x00,0x00,0x00,0x00,0x00,0x00,0x00,0x00,0x00,0x00,0x00,0x00,0x00,0x00,0x00,0x00,0x00,0x00,0x00,0x00,0x00,
    0x00,0x00,0x00,0x00,0x00,0x00,0x00,0x00,0x00,0x00,0x00,0x00,0x00,0x00,0x00,0x00,0x00,0x00,0x00,0x00,0x00,0x00,0x00,0x00,
    0x00,0x00,0x00,0x00,0x00,0x00,0x00,0x00,0x00,0x00,0x00,0x00,0x00,0x00,0x00,0x00,0x00,0x00,0x00,0x00,0x00,0x00,0x00,0x00,
    0x00,0x00,0x00,0x00,0x00,0x00,0x00,0x00,0x00,0x00,0x00,0x00,0x00,0x00,0x00,0x00,0x00,0x00,0x00,0x00,0x00,0x00,0x00,0x00,
    0x00,0x00,0x00,0x00,0x00,0x00,0x00,0x00,0x00,0x00,0x00,0x00,0x00,0x00,0x00,0x00,0x00,0x00,0x00,0x00,0x00,0x00,0x00,0x00,
    0x00,0x00,0x00,0x00,0x00,0x00,0x00,0x00,0x00,0x00,0x00,0x00,0x00,0x00,0x00,0x00,0x00,0x00,0x00,0x00,0x00,0x00,0x00,0x00,
    0x00,0x00,0x00,0x00,0x00,0x00,0x00,0x00,0x00,0x00,0x00,0x00,0x00,0x00,0x00,0x00,0x00,0x00,0x00,0x00,0x00,0x00,0x00,0x00,
    0x00,0x00,0x00,0x00,0x00,0x00,0x00,0x00,0x00,0x00,0x00,0x00,0x00,0x00,0x00,0x00,0x00,0x00,0x00,0x00,0x00,0x00,0x00,0x00,
    0x00,0x00,0x00,0x00,0x00,0x00,0x00,0x00,0x00,0x00,0x00,0x00,0x00,0x00,0x00,0x00,0x00,0x00,0x00,0x00,0x00,0x00,0x00,0x00,
    0x00,0x00,0x00,0x00,0x00,0x00,0x00,0x00,0x00,0x00,0x00,0x00,0x00,0x00,0x00,0x00,0x00,0x00,0x00,0x00,0x00,0x00,0x00,0x00,
    0x00,0x00,0x00,0x00,0x00,0x00,0x00,0x00,0x00,0x00,0x00,0x00,0x00,0x00,0x00,0x00,0x00,0x00,0x00,0x00,0x00,0x00,0x00,0x00,
    0x00,0x00,0x00,0x00,0x00,0x00,0x00,0x00,0x00,0x00,0x00,0x00,0x00,0x00,0x00,0x00,0x00,0x00,0x00,0x00,0x00,0x00,0x00,0x00,
    0x00,0x00,0x00,0x00,0x00,0x00,0x00,0x00,0x00,0x00,0x00,0x00,0x00,0x00,0x00,0x00,0x00,0x00,0x00,0x00,0x00,0x00,0x00,0x00,
    0x00,0x00,0x00,0x00,0x00,0x00,0x00,0x00,0x00,0x00,0x00,0x00,0x00,0x00,0x00,0x00,0x00,0x00,0x00,0x00,0x00,0x00,0x00,0x00,
    0x00,0x00,0x00,0x00,0x00,0x00,0x00,0x00,0x00,0x00,0x00,0x00,0x00,0x00,0x00,0x00,0x00,0x00,0x00,0x00,0x00,0x00,0x00,0x00,
    0x00,0x00,0x00,0x00,0x00,0x00,0x00,0x00,0x00,0x00,0x00,0x00,0x00,0x00,0x00,0x00,0x00,0x00,0x00,0x00,0x00,0x00,0x00,0x00,
    0x00,0x00,0x00,0x00,0x00,0x00,0x00,0x00,0x00,0x00,0x00,0x00,0x00,0x00,0x00,0x00,0x00,0x00,0x00,0x00,0x00,0x00,0x00,0x00,
    0x00,0x00,0x00,0x00,0x00,0x00,0x00,0x00,0x00,0x00,0x00,0x00,0x00,0x00,0x00,0x00,0x00,0x00,0x00,0x00,0x00,0x00,0x00,0x00,
    0x00,0x00,0x00,0x00,0x00,0x00,0x00,0x00,0x00,0x00,0x00,0x00,0x00,0x00,0x00,0x00,0x00,0x00,0x00,0x00,0x00,0x00,0x00,0x00,
    0x00,0x00,0x00,0x00,0x00,0x00,0x00,0x00,0x00,0x00,0x00,0x00,0x00,0x00,0x00,0x00,0x00,0x00,0x00,0x00,0x00,0x00,0x00,0x00,
    0x00,0x00,0x00,0x00,0x00,0x00,0x00,0x00,0x00,0x00,0x00,0x00,0x00,0x00,0x00,0x00,0x00,0x00,0x00,0x00,0x00,0x00,0x00,0x00,
    0x00,0x00,0x00,0x00,0x00,0x00,0x00,0x00,0x00,0x00,0x00,0x00,0x00,0x00,0x00,0x00,0x00,0x00,0x00,0x00,0x00,0x00,0x00,0x00,
    0x00,0x00,0x00,0x00,0x00,0x00,0x00,0x00,0x00,0x00,0x00,0x00,0x00,0x00,0x00,0x00,0x00,0x00,0x00,0x00,0x00,0x00,0x00,0x00,
    0x00,0x00,0x00,0x00,0x00,0x00,0x00,0x00,0x00,0x00,0x00,0x00,0x00,0x00,0x00,0x00,0x00,0x00,0x00,0x00,0x00,0x00,0x00,0x00,
    0x00,0x00,0x00,0x00,0x00,0x00,0x00,0x00,0x00,0x00,0x00,0x00,0x00,0x00,0x00,0x00,0x00,0x00,0x00,0x00,0x00,0x00,0x00,0x00,
    0x00,0x00,0x00,0x00,0x00,0x00,0x00,0x00,0x00,0x00,0x00,0x00,0x00,0x00,0x00,0x00,0x00,0x00,0x00,0x00,0x00,0x00,0x00,0x00,
    0x00,0x00,0x00,0x00,0x00,0x00,0x00,0x00,0x00,0x00,0x00,0x00,0x00,0x00,0x00,0x00,0x00,0x00,0x00,0x00,0x00,0x00,0x00,0x00,
    0x00,0x00,0x00,0x00,0x00,0x00,0x00,0x00,0x00,0x00,0x00,0x00,0x00,0x00,0x00,0x00,0x00,0x00,0x00,0x00,0x00,0x00,0x00,0x00,
    0x00,0x00,0x00,0x00,0x00,0x00,0x00,0x00,0x00,0x00,0x00,0x00,0x00,0x00,0x00,0x00,0x00,0x00,0x00,0x00,0x00,0x00,0x00,0x00,
    0x00,0x00,0x00,0x00,0x00,0x00,0x00,0x00,0x00,0x00,0x00,0x00,0x00,0x00,0x00,0x00,0x00,0x00,0x00,0x00,0x00,0x00,0x00,0x00,
    0x00,0x00,0x00,0x00,0x00,0x00,0x00,0x00,0x00,0x00,0x00,0x00,0x00,0x00,0x00,0x00,0x00,0x00,0x00,0x00,0x00,0x00,0x00,0x00,
    0x00,0x00,0x00,0x00,0x00,0x00,0x00,0x00,0x00,0x00,0x00,0x00,0x00,0x00,0x00,0x00,0x00,0x00,0x00,0x00,0x00,0x00,0x00,0x00,
    0x00,0x00,0x00,0x00,0x00,0x00,0x00,0x00,0x00,0x00,0x00,0x00,0x00,0x00,0x00,0x00,0x00,0x00,0x00,0x00,0x00,0x00,0x00,0x00,
    0x00,0x00,0x00,0x00,0x00,0x00,0x00,0x00,0x00,0x00,0x00,0x00,0x00,0x00,0x00,0x00,0x00,0x00,0x00,0x00,0x00,0x00,0x00,0x00,
    0x00,0x00,0x00,0x00,0x00,0x00,0x00,0x00,0x00,0x00,0x00,0x00,0x00,0x00,0x00,0x00,0x00,0x00,0x00,0x00,0x00,0x00,0x00,0x00,
    0x00,0x00,0x00,0x00,0x00,0x00,0x00,0x00,0x00,0x00,0x00,0x00,0x00,0x00,0x00,0x00,0x00,0x00,0x00,0x00,0x00,0x00,0x00,0x00,
    0x00,0x00,0x00,0x00,0x00,0x00,0x00,0x00,0x00,0x00,0x00,0x00,0x00,0x00,0x00,0x00,0x00,0x00,0x00,0x00,0x00,0x00,0x00,0x00,
    0x00,0x00,0x00,0x00,0x00,0x00,0x00,0x00,0x00,0x00,0x00,0x00,0x00,0x00,0x00,0x00,0x00,0x00,0x00,0x00,0x00,0x00,0x00,0x00,
    0x00,0x00,0x00,0x00,0x00,0x00,0x00,0x00,0x00,0x00,0x00,0x00,0x00,0x00,0x00,0x00,0x00,0x00,0x00,0x00,0x00,0x00,0x00,0x00,
    0x00,0x00,0x00,0x00,0x00,0x00,0x00,0x00,0x00,0x00,0x00,0x00,0x00,0x00,0x00,0x00,0x00,0x00,0x00,0x00,0x00,0x00,0x00,0x00,

};
